date,number,merger
2011-09-13 20:57:29+00:00,2,agramfort
2011-09-13 20:58:49+00:00,1,agramfort
2011-09-17 01:36:38+00:00,3,agramfort
2011-09-22 17:38:17+00:00,4,agramfort
2011-09-24 12:01:58+00:00,5,agramfort
2011-09-26 01:58:24+00:00,6,agramfort
2011-09-28 21:41:55+00:00,7,agramfort
2011-10-03 22:01:31+00:00,8,agramfort
2011-10-17 13:44:48+00:00,9,agramfort
2011-11-07 23:07:38+00:00,13,agramfort
2011-11-08 16:24:37+00:00,12,agramfort
2011-11-12 21:01:54+00:00,10,agramfort
2011-12-09 16:04:03+00:00,14,mluessi
2012-01-04 11:32:32+00:00,15,agramfort
2012-01-06 18:12:17+00:00,16,agramfort
2012-01-22 14:04:08+00:00,17,agramfort
2012-01-25 08:24:59+00:00,18,agramfort
2012-01-30 20:38:40+00:00,19,agramfort
2012-01-31 15:40:56+00:00,20,agramfort
2012-02-08 19:56:52+00:00,21,agramfort
2012-02-16 16:41:03+00:00,22,mluessi
2012-02-26 09:20:12+00:00,23,agramfort
2012-02-28 15:05:33+00:00,24,agramfort
2012-02-29 18:34:41+00:00,25,agramfort
2012-03-02 10:19:53+00:00,26,agramfort
2012-03-05 22:44:14+00:00,27,agramfort
2012-03-08 18:25:39+00:00,29,mluessi
2012-03-08 20:22:13+00:00,30,mluessi
2012-03-10 16:40:29+00:00,31,mluessi
2012-03-12 15:26:11+00:00,32,agramfort
2012-03-14 07:58:57+00:00,33,agramfort
2012-03-23 08:22:27+00:00,34,agramfort
2012-04-11 13:57:33+00:00,35,mluessi
2012-04-12 11:18:48+00:00,36,agramfort
2012-04-13 14:30:47+00:00,37,agramfort
2012-04-16 17:50:53+00:00,38,mluessi
2012-04-17 14:07:31+00:00,39,mluessi
2012-04-30 12:13:36+00:00,41,agramfort
2012-04-30 18:02:44+00:00,42,mluessi
2012-05-04 12:03:29+00:00,40,mluessi
2012-05-11 14:34:53+00:00,43,mluessi
2012-05-15 19:17:02+00:00,44,agramfort
2012-05-17 13:35:47+00:00,45,agramfort
2012-05-25 13:42:32+00:00,46,mluessi
2012-06-18 05:55:45+00:00,48,mluessi
2012-06-18 06:06:10+00:00,49,mluessi
2012-06-18 06:41:13+00:00,50,mluessi
2012-06-19 14:19:12+00:00,51,agramfort
2012-06-20 07:56:28+00:00,52,agramfort
2012-06-20 08:46:30+00:00,53,mluessi
2012-06-20 09:03:00+00:00,54,agramfort
2012-06-22 06:04:53+00:00,55,mluessi
2012-06-24 06:45:52+00:00,56,agramfort
2012-06-24 09:13:54+00:00,57,agramfort
2012-06-25 13:17:37+00:00,58,agramfort
2012-06-26 11:59:23+00:00,61,agramfort
2012-06-30 12:47:13+00:00,59,agramfort
2012-07-02 21:07:08+00:00,62,mluessi
2012-07-09 19:39:11+00:00,63,mluessi
2012-07-11 06:53:45+00:00,64,agramfort
2012-07-11 14:43:17+00:00,65,agramfort
2012-07-13 13:27:25+00:00,66,mluessi
2012-07-16 03:07:51+00:00,60,mluessi
2012-07-17 11:01:31+00:00,67,agramfort
2012-07-17 20:15:23+00:00,68,agramfort
2012-07-19 08:08:11+00:00,69,agramfort
2012-07-19 11:54:45+00:00,70,mluessi
2012-07-25 18:02:28+00:00,72,mluessi
2012-07-28 08:20:07+00:00,73,agramfort
2012-07-29 18:04:29+00:00,74,mluessi
2012-07-30 06:49:18+00:00,75,agramfort
2012-07-31 06:10:46+00:00,77,agramfort
2012-07-31 15:24:16+00:00,76,agramfort
2012-08-06 17:59:32+00:00,80,mluessi
2012-08-06 18:08:25+00:00,81,mluessi
2012-08-09 14:48:48+00:00,82,mluessi
2012-08-21 17:57:46+00:00,83,mluessi
2012-08-25 19:41:52+00:00,84,agramfort
2012-08-31 08:29:02+00:00,85,agramfort
2012-08-31 09:33:25+00:00,86,agramfort
2012-09-05 14:13:23+00:00,88,mluessi
2012-09-07 15:26:14+00:00,89,agramfort
2012-09-07 19:28:32+00:00,91,agramfort
2012-09-09 21:58:38+00:00,93,agramfort
2012-09-18 13:46:11+00:00,96,agramfort
2012-09-26 07:46:06+00:00,116,agramfort
2012-10-03 06:58:07+00:00,109,agramfort
2012-10-03 15:24:03+00:00,90,agramfort
2012-10-04 15:18:37+00:00,128,agramfort
2012-10-09 07:08:50+00:00,139,agramfort
2012-10-13 17:26:50+00:00,143,larsoner
2012-10-13 17:28:12+00:00,140,larsoner
2012-10-16 17:55:59+00:00,147,agramfort
2012-10-18 07:50:43+00:00,150,agramfort
2012-10-18 18:40:35+00:00,134,mluessi
2012-10-18 18:54:23+00:00,149,larsoner
2012-10-20 12:24:47+00:00,151,agramfort
2012-10-22 14:43:21+00:00,152,dengemann
2012-10-23 12:59:20+00:00,142,agramfort
2012-10-23 16:18:20+00:00,156,dengemann
2012-10-23 16:45:17+00:00,155,agramfort
2012-10-24 08:22:57+00:00,157,agramfort
2012-10-24 19:09:50+00:00,159,larsoner
2012-10-24 20:47:51+00:00,160,agramfort
2012-10-25 18:07:46+00:00,153,larsoner
2012-10-26 07:07:27+00:00,162,agramfort
2012-10-27 23:59:43+00:00,164,larsoner
2012-10-29 18:34:01+00:00,163,agramfort
2012-10-30 21:40:29+00:00,168,agramfort
2012-11-01 11:33:45+00:00,169,agramfort
2012-11-02 20:43:45+00:00,172,dengemann
2012-11-07 17:51:01+00:00,176,agramfort
2012-11-09 09:16:55+00:00,178,agramfort
2012-11-09 17:26:16+00:00,179,larsoner
2012-11-10 13:58:36+00:00,181,mluessi
2012-11-13 15:07:51+00:00,186,agramfort
2012-11-13 17:26:49+00:00,187,larsoner
2012-11-14 20:52:33+00:00,47,dengemann
2012-11-18 17:02:11+00:00,191,agramfort
2012-11-19 11:43:47+00:00,189,agramfort
2012-11-21 22:24:27+00:00,192,agramfort
2012-11-22 21:55:35+00:00,193,dengemann
2012-11-23 09:08:13+00:00,194,agramfort
2012-11-28 22:18:40+00:00,198,mluessi
2012-11-29 16:05:43+00:00,201,agramfort
2012-11-30 19:41:04+00:00,202,larsoner
2012-12-01 17:23:07+00:00,204,larsoner
2012-12-01 17:23:09+00:00,175,larsoner
2012-12-02 09:10:05+00:00,203,agramfort
2012-12-02 21:16:42+00:00,208,mluessi
2012-12-03 21:51:38+00:00,212,agramfort
2012-12-03 21:53:17+00:00,206,agramfort
2012-12-03 22:44:04+00:00,210,agramfort
2012-12-04 08:29:08+00:00,207,agramfort
2012-12-04 13:17:36+00:00,214,agramfort
2012-12-04 19:12:58+00:00,216,agramfort
2012-12-05 07:52:57+00:00,220,agramfort
2012-12-05 17:18:17+00:00,225,agramfort
2012-12-06 18:16:08+00:00,231,agramfort
2012-12-06 18:19:32+00:00,230,agramfort
2012-12-07 07:32:21+00:00,233,agramfort
2012-12-07 17:24:00+00:00,237,agramfort
2012-12-07 17:28:54+00:00,235,larsoner
2012-12-09 09:40:09+00:00,239,agramfort
2012-12-09 13:31:50+00:00,243,dengemann
2012-12-09 13:45:50+00:00,222,agramfort
2012-12-09 15:09:42+00:00,242,agramfort
2012-12-10 16:26:41+00:00,247,dengemann
2012-12-10 17:16:00+00:00,245,dengemann
2012-12-11 08:24:00+00:00,250,agramfort
2012-12-12 21:08:19+00:00,256,agramfort
2012-12-12 22:35:23+00:00,257,agramfort
2012-12-13 05:19:40+00:00,260,mluessi
2012-12-13 08:07:14+00:00,259,agramfort
2012-12-13 19:59:13+00:00,263,agramfort
2012-12-13 20:56:56+00:00,261,agramfort
2012-12-13 21:14:43+00:00,252,agramfort
2012-12-14 00:19:50+00:00,262,dengemann
2012-12-14 05:02:03+00:00,266,larsoner
2012-12-14 17:19:13+00:00,267,larsoner
2012-12-15 10:38:37+00:00,265,agramfort
2012-12-15 17:04:12+00:00,271,dengemann
2012-12-16 12:09:14+00:00,273,dengemann
2012-12-16 21:36:56+00:00,221,agramfort
2012-12-17 08:29:38+00:00,281,agramfort
2012-12-17 08:32:10+00:00,280,agramfort
2012-12-17 08:39:31+00:00,276,agramfort
2012-12-17 15:40:51+00:00,282,agramfort
2012-12-17 20:59:06+00:00,284,agramfort
2012-12-17 21:45:52+00:00,272,agramfort
2012-12-18 08:10:51+00:00,289,agramfort
2012-12-18 18:04:34+00:00,283,mluessi
2012-12-18 21:24:27+00:00,290,mluessi
2012-12-18 21:26:25+00:00,291,agramfort
2012-12-18 22:38:03+00:00,287,agramfort
2012-12-19 07:15:04+00:00,293,agramfort
2012-12-19 23:27:21+00:00,296,larsoner
2012-12-19 23:32:26+00:00,295,larsoner
2012-12-20 00:02:57+00:00,297,larsoner
2012-12-20 07:41:07+00:00,298,agramfort
2012-12-20 20:52:59+00:00,299,agramfort
2012-12-20 22:16:56+00:00,300,dengemann
2012-12-20 22:44:58+00:00,307,dengemann
2012-12-20 22:52:09+00:00,306,dengemann
2012-12-20 23:18:33+00:00,308,dengemann
2012-12-21 09:43:32+00:00,303,agramfort
2012-12-21 15:45:41+00:00,311,agramfort
2012-12-22 08:32:52+00:00,314,agramfort
2012-12-22 21:28:43+00:00,313,agramfort
2012-12-23 16:50:14+00:00,318,dengemann
2012-12-24 00:54:37+00:00,323,dengemann
2012-12-24 16:15:37+00:00,322,agramfort
2012-12-25 15:19:47+00:00,321,agramfort
2012-12-25 23:12:34+00:00,320,larsoner
2012-12-25 23:15:05+00:00,79,larsoner
2012-12-26 08:50:26+00:00,328,agramfort
2012-12-26 14:01:53+00:00,326,agramfort
2012-12-26 14:09:39+00:00,324,christianbrodbeck
2012-12-26 16:15:24+00:00,329,agramfort
2012-12-26 21:16:32+00:00,331,agramfort
2012-12-26 21:23:43+00:00,332,agramfort
2012-12-29 10:49:26+00:00,335,agramfort
2012-12-31 19:34:08+00:00,339,mluessi
2013-01-06 15:12:39+00:00,346,agramfort
2013-01-07 22:34:04+00:00,345,larsoner
2013-01-08 18:06:09+00:00,341,agramfort
2013-01-08 18:58:14+00:00,351,agramfort
2013-01-08 20:06:23+00:00,342,agramfort
2013-01-08 20:27:32+00:00,350,agramfort
2013-01-09 04:45:24+00:00,353,larsoner
2013-01-09 08:36:03+00:00,354,agramfort
2013-01-09 20:27:20+00:00,358,mluessi
2013-01-09 21:55:01+00:00,316,mluessi
2013-01-09 21:59:37+00:00,357,mluessi
2013-01-09 22:59:51+00:00,356,larsoner
2013-01-10 17:48:19+00:00,343,larsoner
2013-01-12 18:27:02+00:00,371,larsoner
2013-01-12 19:01:43+00:00,363,agramfort
2013-01-12 20:32:47+00:00,372,larsoner
2013-01-13 02:17:37+00:00,370,dengemann
2013-01-13 13:19:37+00:00,374,agramfort
2013-01-13 20:00:44+00:00,376,agramfort
2013-01-13 21:00:42+00:00,367,agramfort
2013-01-13 23:07:54+00:00,378,agramfort
2013-01-16 05:18:37+00:00,387,larsoner
2013-01-16 16:31:59+00:00,391,larsoner
2013-01-17 23:25:46+00:00,396,dengemann
2013-01-18 18:17:05+00:00,397,larsoner
2013-01-20 17:50:51+00:00,393,agramfort
2013-01-21 02:12:24+00:00,399,larsoner
2013-01-21 13:51:20+00:00,400,agramfort
2013-01-22 20:37:32+00:00,403,agramfort
2013-01-24 19:34:32+00:00,405,larsoner
2013-01-28 20:55:28+00:00,412,agramfort
2013-01-29 04:46:48+00:00,409,larsoner
2013-01-29 17:44:03+00:00,414,mluessi
2013-01-30 09:30:20+00:00,410,agramfort
2013-01-30 15:33:03+00:00,416,larsoner
2013-01-31 15:52:18+00:00,413,agramfort
2013-01-31 16:09:59+00:00,418,agramfort
2013-01-31 23:13:14+00:00,419,larsoner
2013-02-01 17:55:48+00:00,420,larsoner
2013-02-01 22:40:50+00:00,425,agramfort
2013-02-01 22:45:27+00:00,424,agramfort
2013-02-04 13:14:16+00:00,429,agramfort
2013-02-05 01:40:19+00:00,430,larsoner
2013-02-05 09:28:07+00:00,426,agramfort
2013-02-05 17:25:07+00:00,432,agramfort
2013-02-06 18:10:02+00:00,437,mluessi
2013-02-06 18:16:59+00:00,438,agramfort
2013-02-06 22:08:51+00:00,441,mluessi
2013-02-07 00:14:42+00:00,442,larsoner
2013-02-07 01:01:58+00:00,440,larsoner
2013-02-07 02:20:56+00:00,443,larsoner
2013-02-07 19:00:20+00:00,444,agramfort
2013-02-08 21:12:28+00:00,447,agramfort
2013-02-08 21:24:10+00:00,427,agramfort
2013-02-09 09:39:56+00:00,450,agramfort
2013-02-09 10:49:10+00:00,451,agramfort
2013-02-09 18:45:27+00:00,448,larsoner
2013-02-09 20:23:20+00:00,452,agramfort
2013-02-10 08:35:10+00:00,436,agramfort
2013-02-12 00:42:28+00:00,434,larsoner
2013-02-12 02:44:55+00:00,453,larsoner
2013-02-12 15:58:20+00:00,457,agramfort
2013-02-12 16:23:58+00:00,458,agramfort
2013-02-12 19:06:49+00:00,454,mluessi
2013-02-13 10:59:51+00:00,459,agramfort
2013-02-13 21:07:09+00:00,462,agramfort
2013-02-13 23:59:06+00:00,464,larsoner
2013-02-15 10:02:58+00:00,467,agramfort
2013-02-15 13:47:29+00:00,469,agramfort
2013-02-16 22:00:11+00:00,470,dengemann
2013-02-19 07:01:05+00:00,476,agramfort
2013-02-19 10:38:13+00:00,473,agramfort
2013-02-19 14:57:56+00:00,478,agramfort
2013-02-19 15:59:06+00:00,479,agramfort
2013-02-20 19:32:02+00:00,480,larsoner
2013-02-22 18:46:32+00:00,484,agramfort
2013-02-22 18:55:13+00:00,477,larsoner
2013-02-22 19:39:45+00:00,485,mluessi
2013-02-25 19:05:53+00:00,486,agramfort
2013-02-26 07:51:08+00:00,488,agramfort
2013-02-28 08:36:51+00:00,489,agramfort
2013-02-28 08:38:44+00:00,492,agramfort
2013-02-28 13:13:33+00:00,493,agramfort
2013-02-28 15:35:31+00:00,495,larsoner
2013-02-28 15:46:07+00:00,496,larsoner
2013-02-28 16:05:29+00:00,497,larsoner
2013-02-28 20:52:27+00:00,498,agramfort
2013-02-28 22:32:56+00:00,481,larsoner
2013-03-02 08:18:41+00:00,501,agramfort
2013-03-03 09:04:40+00:00,499,agramfort
2013-03-04 14:27:28+00:00,504,mluessi
2013-03-05 16:30:02+00:00,503,christianbrodbeck
2013-03-06 16:48:14+00:00,506,larsoner
2013-03-07 20:25:50+00:00,507,larsoner
2013-03-09 18:09:38+00:00,508,agramfort
2013-03-10 08:56:03+00:00,509,agramfort
2013-03-11 20:22:27+00:00,510,agramfort
2013-03-12 17:11:30+00:00,511,agramfort
2013-03-15 10:05:03+00:00,514,agramfort
2013-03-15 17:01:10+00:00,512,larsoner
2013-03-18 20:17:03+00:00,520,agramfort
2013-03-18 20:25:17+00:00,521,agramfort
2013-03-19 21:19:22+00:00,522,agramfort
2013-03-19 21:33:51+00:00,517,agramfort
2013-03-20 20:57:15+00:00,524,agramfort
2013-03-22 15:24:20+00:00,526,mluessi
2013-03-22 21:19:02+00:00,528,agramfort
2013-03-24 14:48:19+00:00,533,agramfort
2013-03-26 13:31:31+00:00,534,agramfort
2013-03-27 07:31:41+00:00,529,agramfort
2013-03-30 18:21:11+00:00,538,dengemann
2013-03-31 15:27:12+00:00,539,agramfort
2013-04-01 07:49:28+00:00,537,agramfort
2013-04-01 07:52:41+00:00,541,agramfort
2013-04-01 15:56:30+00:00,546,larsoner
2013-04-01 19:27:19+00:00,545,agramfort
2013-04-01 19:36:47+00:00,547,agramfort
2013-04-01 19:40:37+00:00,540,agramfort
2013-04-02 05:50:56+00:00,549,agramfort
2013-04-02 17:18:07+00:00,550,agramfort
2013-04-02 22:24:36+00:00,552,larsoner
2013-04-05 18:45:53+00:00,553,mluessi
2013-04-06 07:11:46+00:00,555,agramfort
2013-04-07 16:19:58+00:00,556,agramfort
2013-04-08 20:12:45+00:00,554,larsoner
2013-04-09 22:41:51+00:00,558,larsoner
2013-04-12 20:13:39+00:00,561,agramfort
2013-04-15 21:10:26+00:00,562,larsoner
2013-04-15 21:49:57+00:00,565,larsoner
2013-04-15 22:54:50+00:00,566,larsoner
2013-04-15 22:54:52+00:00,500,larsoner
2013-04-16 22:18:56+00:00,570,larsoner
2013-04-17 09:50:59+00:00,568,agramfort
2013-04-18 20:27:41+00:00,572,dengemann
2013-04-22 06:49:17+00:00,564,agramfort
2013-04-22 14:44:14+00:00,573,mluessi
2013-04-23 07:43:04+00:00,574,agramfort
2013-04-24 12:46:29+00:00,577,agramfort
2013-04-29 14:09:14+00:00,579,mluessi
2013-05-02 06:32:12+00:00,582,agramfort
2013-05-10 18:04:40+00:00,588,larsoner
2013-05-14 00:12:29+00:00,580,larsoner
2013-05-14 16:50:37+00:00,593,larsoner
2013-05-14 20:16:42+00:00,594,agramfort
2013-05-15 18:52:09+00:00,583,mluessi
2013-05-17 16:32:52+00:00,596,mluessi
2013-05-17 17:53:25+00:00,586,larsoner
2013-05-17 18:12:06+00:00,597,larsoner
2013-05-18 10:36:06+00:00,600,dengemann
2013-05-22 09:41:13+00:00,601,agramfort
2013-05-22 20:26:58+00:00,607,larsoner
2013-05-22 20:53:43+00:00,602,larsoner
2013-05-23 20:03:33+00:00,578,agramfort
2013-05-29 17:33:27+00:00,606,larsoner
2013-05-29 21:10:26+00:00,610,agramfort
2013-06-05 09:23:03+00:00,612,dengemann
2013-06-06 12:28:16+00:00,619,mluessi
2013-06-06 23:05:59+00:00,621,dengemann
2013-06-06 23:52:35+00:00,622,larsoner
2013-06-07 12:32:26+00:00,614,agramfort
2013-06-09 01:12:51+00:00,624,larsoner
2013-06-09 14:47:57+00:00,575,agramfort
2013-06-09 16:00:47+00:00,627,dengemann
2013-06-09 23:00:38+00:00,629,dengemann
2013-06-10 07:37:17+00:00,630,agramfort
2013-06-10 10:30:26+00:00,628,agramfort
2013-06-11 18:43:28+00:00,581,agramfort
2013-06-12 14:39:41+00:00,632,agramfort
2013-06-12 18:18:55+00:00,635,agramfort
2013-06-12 18:53:48+00:00,638,agramfort
2013-06-12 20:14:44+00:00,640,dengemann
2013-06-13 12:56:34+00:00,642,agramfort
2013-06-13 23:15:10+00:00,647,dengemann
2013-06-14 08:19:58+00:00,634,agramfort
2013-06-14 11:25:42+00:00,649,agramfort
2013-06-14 11:47:34+00:00,643,agramfort
2013-06-14 14:17:11+00:00,650,agramfort
2013-06-14 17:21:20+00:00,651,agramfort
2013-06-15 08:35:01+00:00,653,agramfort
2013-06-15 10:13:06+00:00,654,agramfort
2013-06-15 13:04:17+00:00,655,dengemann
2013-06-15 15:03:54+00:00,656,dengemann
2013-06-16 06:11:55+00:00,658,agramfort
2013-06-17 14:02:08+00:00,660,agramfort
2013-06-17 15:58:40+00:00,659,agramfort
2013-06-19 18:22:07+00:00,652,agramfort
2013-06-19 18:36:37+00:00,663,mluessi
2013-06-19 18:41:54+00:00,661,mluessi
2013-06-21 06:03:02+00:00,667,dengemann
2013-06-23 16:08:23+00:00,670,agramfort
2013-06-27 08:01:09+00:00,671,dengemann
2013-06-27 19:45:38+00:00,662,agramfort
2013-07-02 17:26:40+00:00,666,agramfort
2013-07-05 16:22:01+00:00,679,dengemann
2013-07-09 19:40:10+00:00,682,dengemann
2013-07-18 20:12:31+00:00,687,dengemann
2013-07-21 20:01:16+00:00,690,agramfort
2013-07-22 13:23:22+00:00,683,agramfort
2013-07-22 19:08:43+00:00,688,agramfort
2013-07-26 06:49:09+00:00,691,agramfort
2013-07-26 08:20:26+00:00,695,agramfort
2013-07-29 13:59:30+00:00,698,agramfort
2013-07-30 09:33:03+00:00,702,agramfort
2013-07-30 11:36:32+00:00,697,dengemann
2013-07-30 12:10:36+00:00,703,agramfort
2013-07-30 16:00:35+00:00,704,agramfort
2013-08-01 20:49:30+00:00,709,agramfort
2013-08-03 12:35:25+00:00,710,dengemann
2013-08-04 07:47:08+00:00,712,dengemann
2013-08-08 12:38:18+00:00,715,agramfort
2013-08-08 15:43:17+00:00,714,dengemann
2013-08-08 16:16:04+00:00,707,larsoner
2013-08-16 20:52:11+00:00,719,larsoner
2013-08-17 01:29:56+00:00,718,christianbrodbeck
2013-08-17 16:09:39+00:00,723,agramfort
2013-08-18 11:24:17+00:00,724,dengemann
2013-08-20 12:36:37+00:00,705,agramfort
2013-08-21 15:48:17+00:00,720,larsoner
2013-08-26 10:03:20+00:00,713,dengemann
2013-08-26 19:12:50+00:00,733,dengemann
2013-08-27 12:22:30+00:00,731,dengemann
2013-08-27 12:44:51+00:00,734,dengemann
2013-08-27 17:23:14+00:00,716,agramfort
2013-08-29 15:57:26+00:00,740,dengemann
2013-09-03 16:46:01+00:00,730,mluessi
2013-09-05 19:59:19+00:00,744,agramfort
2013-09-05 20:01:51+00:00,743,agramfort
2013-09-05 21:03:38+00:00,741,dengemann
2013-09-05 21:31:18+00:00,746,dengemann
2013-09-06 18:18:16+00:00,747,dengemann
2013-09-07 13:12:45+00:00,748,agramfort
2013-09-07 13:48:00+00:00,749,dengemann
2013-09-10 17:57:52+00:00,752,agramfort
2013-09-11 15:21:54+00:00,757,dengemann
2013-09-12 06:11:10+00:00,758,agramfort
2013-09-12 19:51:16+00:00,750,mluessi
2013-09-12 20:54:12+00:00,759,larsoner
2013-09-13 22:50:13+00:00,763,larsoner
2013-09-14 00:22:03+00:00,762,larsoner
2013-09-14 16:50:33+00:00,765,rgoj
2013-09-14 18:18:00+00:00,767,larsoner
2013-09-19 13:16:03+00:00,772,dengemann
2013-09-19 20:32:19+00:00,771,larsoner
2013-09-20 17:42:44+00:00,692,mluessi
2013-09-24 07:42:04+00:00,775,agramfort
2013-09-25 19:31:27+00:00,780,dengemann
2013-09-30 14:10:56+00:00,782,mluessi
2013-10-02 02:42:07+00:00,781,mluessi
2013-10-02 11:39:52+00:00,785,dengemann
2013-10-02 11:48:34+00:00,787,dengemann
2013-10-02 12:52:26+00:00,788,agramfort
2013-10-02 15:46:54+00:00,789,dengemann
2013-10-02 16:02:16+00:00,791,agramfort
2013-10-03 14:58:43+00:00,794,dengemann
2013-10-06 08:40:54+00:00,796,agramfort
2013-10-07 19:59:00+00:00,742,agramfort
2013-10-10 20:00:23+00:00,801,dengemann
2013-10-12 11:19:08+00:00,805,agramfort
2013-10-13 07:14:44+00:00,806,agramfort
2013-10-13 12:24:24+00:00,807,agramfort
2013-10-13 20:56:21+00:00,808,dengemann
2013-10-13 23:42:38+00:00,811,dengemann
2013-10-14 20:15:54+00:00,799,larsoner
2013-10-14 21:35:03+00:00,604,dengemann
2013-10-15 17:45:57+00:00,813,dengemann
2013-10-16 12:14:40+00:00,814,agramfort
2013-10-16 16:49:51+00:00,818,larsoner
2013-10-16 16:54:32+00:00,817,larsoner
2013-10-16 17:20:33+00:00,812,agramfort
2013-10-16 19:58:40+00:00,821,dengemann
2013-10-16 20:14:03+00:00,823,dengemann
2013-10-16 20:55:13+00:00,822,dengemann
2013-10-17 07:36:37+00:00,824,dengemann
2013-10-21 15:26:15+00:00,830,agramfort
2013-10-21 15:36:11+00:00,802,agramfort
2013-10-21 19:30:46+00:00,776,dengemann
2013-10-21 21:11:22+00:00,833,agramfort
2013-10-22 00:20:57+00:00,835,dengemann
2013-10-22 01:13:27+00:00,834,dengemann
2013-10-22 06:52:56+00:00,837,dengemann
2013-10-22 14:41:04+00:00,838,larsoner
2013-10-22 20:10:14+00:00,839,agramfort
2013-10-23 07:06:06+00:00,841,agramfort
2013-10-23 07:29:46+00:00,840,dengemann
2013-10-25 07:34:39+00:00,846,agramfort
2013-10-25 08:55:36+00:00,844,agramfort
2013-10-25 11:28:25+00:00,847,agramfort
2013-10-25 11:41:53+00:00,848,dengemann
2013-10-25 17:33:07+00:00,849,agramfort
2013-10-25 17:49:32+00:00,850,agramfort
2013-10-27 09:19:03+00:00,852,agramfort
2013-10-27 11:30:09+00:00,851,dengemann
2013-10-28 08:12:09+00:00,854,agramfort
2013-10-28 14:01:02+00:00,855,dengemann
2013-10-29 08:46:08+00:00,857,agramfort
2013-10-29 14:36:37+00:00,842,agramfort
2013-10-29 17:54:41+00:00,856,larsoner
2013-10-29 21:46:10+00:00,861,larsoner
2013-10-31 09:43:17+00:00,863,dengemann
2013-11-02 14:48:31+00:00,866,dengemann
2013-11-03 13:06:11+00:00,868,agramfort
2013-11-08 15:37:09+00:00,874,agramfort
2013-11-09 12:53:40+00:00,826,mluessi
2013-11-09 23:59:27+00:00,876,dengemann
2013-11-10 10:56:51+00:00,832,agramfort
2013-11-12 15:11:56+00:00,880,agramfort
2013-11-12 21:24:56+00:00,881,dengemann
2013-11-13 08:05:05+00:00,883,dengemann
2013-11-13 20:39:14+00:00,882,dengemann
2013-11-14 08:41:51+00:00,885,agramfort
2013-11-14 09:22:33+00:00,891,agramfort
2013-11-14 09:32:41+00:00,892,agramfort
2013-11-14 09:33:09+00:00,889,agramfort
2013-11-14 09:36:05+00:00,888,agramfort
2013-11-14 15:11:08+00:00,884,agramfort
2013-11-14 16:59:08+00:00,893,agramfort
2013-11-14 20:23:17+00:00,895,agramfort
2013-11-14 23:39:14+00:00,896,teonbrooks
2013-11-16 08:04:17+00:00,898,agramfort
2013-11-16 10:30:15+00:00,899,teonbrooks
2013-11-17 13:49:57+00:00,901,agramfort
2013-11-19 15:11:48+00:00,897,dengemann
2013-11-19 16:05:47+00:00,902,dengemann
2013-11-19 16:24:45+00:00,906,agramfort
2013-11-20 13:03:16+00:00,908,rgoj
2013-11-21 15:39:54+00:00,907,dengemann
2013-11-21 19:06:31+00:00,913,larsoner
2013-11-22 00:42:56+00:00,910,dengemann
2013-11-22 20:27:29+00:00,914,dengemann
2013-11-22 22:35:49+00:00,916,dengemann
2013-11-23 20:42:32+00:00,918,dengemann
2013-11-24 17:18:36+00:00,917,dengemann
2013-11-25 08:18:09+00:00,921,agramfort
2013-11-25 16:53:45+00:00,925,agramfort
2013-11-25 16:58:41+00:00,864,dengemann
2013-11-25 20:01:34+00:00,927,mluessi
2013-11-25 20:17:48+00:00,924,agramfort
2013-11-25 20:41:44+00:00,766,agramfort
2013-11-26 08:34:12+00:00,928,dengemann
2013-11-26 20:03:10+00:00,929,mluessi
2013-11-26 20:07:11+00:00,930,mluessi
2013-11-27 01:20:05+00:00,932,teonbrooks
2013-11-27 11:35:11+00:00,935,dengemann
2013-11-27 19:12:40+00:00,939,larsoner
2013-11-28 07:50:34+00:00,938,dengemann
2013-12-01 20:28:31+00:00,948,agramfort
2013-12-02 22:53:53+00:00,951,dengemann
2013-12-05 10:30:53+00:00,942,agramfort
2013-12-05 15:05:00+00:00,957,agramfort
2013-12-05 15:09:11+00:00,958,dengemann
2013-12-05 22:20:41+00:00,959,teonbrooks
2013-12-08 13:01:48+00:00,953,dengemann
2013-12-09 08:30:28+00:00,967,agramfort
2013-12-10 07:02:18+00:00,970,agramfort
2013-12-10 23:53:06+00:00,977,mluessi
2013-12-11 04:50:13+00:00,969,christianbrodbeck
2013-12-12 17:12:51+00:00,980,agramfort
2013-12-12 18:38:16+00:00,981,larsoner
2013-12-14 19:24:45+00:00,984,mluessi
2013-12-15 16:45:03+00:00,988,agramfort
2013-12-16 14:00:50+00:00,992,agramfort
2013-12-16 18:02:06+00:00,991,dengemann
2013-12-16 21:52:49+00:00,990,agramfort
2013-12-22 08:26:12+00:00,993,agramfort
2013-12-22 08:26:12+00:00,995,agramfort
2013-12-22 18:34:50+00:00,1004,agramfort
2013-12-23 21:13:24+00:00,1007,dengemann
2013-12-24 08:24:20+00:00,1010,agramfort
2013-12-24 09:46:41+00:00,1012,agramfort
2013-12-24 12:07:10+00:00,1008,dengemann
2013-12-27 08:17:01+00:00,1015,agramfort
2013-12-28 10:06:40+00:00,1018,agramfort
2013-12-30 22:04:30+00:00,1022,dengemann
2013-12-30 22:17:22+00:00,1020,dengemann
2013-12-31 00:15:34+00:00,1021,dengemann
2013-12-31 21:57:18+00:00,1027,larsoner
2014-01-02 00:50:59+00:00,998,teonbrooks
2014-01-04 14:02:53+00:00,1036,agramfort
2014-01-04 15:04:18+00:00,1030,agramfort
2014-01-04 17:14:25+00:00,1038,dengemann
2014-01-04 23:45:36+00:00,947,dengemann
2014-01-05 16:52:07+00:00,1000,christianbrodbeck
2014-01-05 17:22:38+00:00,1039,dengemann
2014-01-05 19:25:02+00:00,1040,agramfort
2014-01-05 21:22:11+00:00,1041,dengemann
2014-01-07 00:15:49+00:00,1043,dengemann
2014-01-07 14:25:31+00:00,1044,dengemann
2014-01-08 23:17:19+00:00,1048,dengemann
2014-01-10 22:54:21+00:00,1052,dengemann
2014-01-11 10:15:45+00:00,1014,dengemann
2014-01-11 18:35:50+00:00,1058,dengemann
2014-01-12 12:11:56+00:00,1062,dengemann
2014-01-12 18:44:29+00:00,1063,agramfort
2014-01-12 21:01:03+00:00,1033,agramfort
2014-01-13 21:57:50+00:00,1065,larsoner
2014-01-13 22:56:13+00:00,1066,agramfort
2014-01-14 21:49:26+00:00,1067,agramfort
2014-01-15 09:23:06+00:00,1049,agramfort
2014-01-16 12:40:21+00:00,1072,dengemann
2014-01-16 23:02:40+00:00,1076,dengemann
2014-01-17 17:19:31+00:00,1074,larsoner
2014-01-18 20:03:25+00:00,1079,agramfort
2014-01-19 22:45:45+00:00,1083,agramfort
2014-01-21 09:20:30+00:00,1084,dengemann
2014-01-23 16:31:42+00:00,1092,agramfort
2014-01-23 17:19:21+00:00,1094,mluessi
2014-01-23 17:45:02+00:00,1093,mluessi
2014-01-23 22:05:53+00:00,1090,agramfort
2014-01-23 22:07:08+00:00,1095,agramfort
2014-01-25 14:26:02+00:00,1098,dengemann
2014-01-27 18:57:51+00:00,1100,agramfort
2014-01-29 15:49:13+00:00,1104,agramfort
2014-02-03 20:55:32+00:00,1115,agramfort
2014-02-04 07:55:30+00:00,1102,agramfort
2014-02-04 18:13:22+00:00,1119,dengemann
2014-02-04 21:03:06+00:00,1116,dengemann
2014-02-05 14:56:16+00:00,1121,agramfort
2014-02-05 20:54:02+00:00,1118,agramfort
2014-02-07 12:37:18+00:00,1085,agramfort
2014-02-07 12:44:35+00:00,1122,agramfort
2014-02-08 15:36:28+00:00,1111,christianbrodbeck
2014-02-09 08:43:17+00:00,1125,agramfort
2014-02-12 09:38:30+00:00,1128,agramfort
2014-02-13 19:54:11+00:00,1124,dengemann
2014-02-14 00:31:22+00:00,1131,larsoner
2014-02-14 08:09:01+00:00,1130,agramfort
2014-02-14 16:35:50+00:00,1132,teonbrooks
2014-02-16 18:27:23+00:00,1134,dengemann
2014-02-17 09:06:03+00:00,1135,dengemann
2014-02-17 14:48:45+00:00,1136,dengemann
2014-02-19 21:46:26+00:00,1142,larsoner
2014-02-20 08:58:56+00:00,1126,agramfort
2014-02-20 18:21:04+00:00,1143,agramfort
2014-02-21 16:17:58+00:00,1091,agramfort
2014-02-22 13:44:48+00:00,1145,christianbrodbeck
2014-02-24 21:07:47+00:00,1140,agramfort
2014-02-26 09:05:21+00:00,1150,agramfort
2014-02-27 13:21:35+00:00,1151,agramfort
2014-02-27 14:57:14+00:00,1152,agramfort
2014-02-27 14:59:54+00:00,1153,dengemann
2014-02-27 15:14:26+00:00,1154,mluessi
2014-03-03 22:20:57+00:00,1163,larsoner
2014-03-04 00:41:06+00:00,1167,dengemann
2014-03-04 08:06:05+00:00,1159,agramfort
2014-03-05 08:14:17+00:00,1156,agramfort
2014-03-05 18:41:03+00:00,1170,christianbrodbeck
2014-03-05 19:04:43+00:00,1165,agramfort
2014-03-05 19:07:55+00:00,1172,agramfort
2014-03-05 19:08:55+00:00,1173,agramfort
2014-03-07 11:56:40+00:00,1175,agramfort
2014-03-16 15:58:00+00:00,1184,agramfort
2014-03-18 00:00:37+00:00,1182,larsoner
2014-03-19 15:47:38+00:00,1191,agramfort
2014-03-20 14:03:57+00:00,1193,agramfort
2014-03-22 11:57:42+00:00,1199,mluessi
2014-03-26 16:26:01+00:00,1204,christianbrodbeck
2014-04-04 15:57:11+00:00,1208,mluessi
2014-04-06 12:10:55+00:00,1209,dengemann
2014-04-09 19:29:57+00:00,1212,agramfort
2014-04-11 09:25:30+00:00,1213,agramfort
2014-04-11 16:09:09+00:00,1217,dengemann
2014-04-11 19:30:49+00:00,1221,larsoner
2014-04-12 06:03:23+00:00,1224,agramfort
2014-04-14 16:50:18+00:00,1218,dengemann
2014-04-18 19:50:42+00:00,1223,larsoner
2014-04-20 17:47:29+00:00,1231,agramfort
2014-04-20 18:12:26+00:00,1230,agramfort
2014-04-22 10:34:35+00:00,1222,agramfort
2014-04-25 16:38:03+00:00,1238,agramfort
2014-04-29 21:00:37+00:00,1243,dengemann
2014-05-01 13:21:33+00:00,1250,agramfort
2014-05-01 13:21:33+00:00,1234,agramfort
2014-05-01 21:24:23+00:00,1244,agramfort
2014-05-02 15:24:47+00:00,1251,agramfort
2014-05-02 19:41:46+00:00,1253,dengemann
2014-05-02 19:59:13+00:00,1252,agramfort
2014-05-03 16:35:15+00:00,1255,dengemann
2014-05-05 10:58:51+00:00,1247,agramfort
2014-05-05 11:39:02+00:00,1258,agramfort
2014-05-07 09:03:38+00:00,1264,agramfort
2014-05-07 15:10:28+00:00,1265,agramfort
2014-05-11 10:00:07+00:00,1273,agramfort
2014-05-12 19:56:57+00:00,1278,agramfort
2014-05-13 08:59:44+00:00,1277,agramfort
2014-05-15 22:07:09+00:00,1284,agramfort
2014-05-19 09:50:56+00:00,1286,agramfort
2014-05-19 10:28:44+00:00,1054,agramfort
2014-05-19 15:54:07+00:00,1288,agramfort
2014-05-20 12:24:38+00:00,1289,dengemann
2014-05-20 12:48:37+00:00,1287,agramfort
2014-05-20 21:28:23+00:00,1295,larsoner
2014-05-21 20:10:28+00:00,1297,larsoner
2014-05-22 07:39:19+00:00,1296,agramfort
2014-05-22 18:06:16+00:00,1299,larsoner
2014-05-29 13:13:38+00:00,1306,dengemann
2014-06-04 00:39:37+00:00,1307,larsoner
2014-06-09 15:02:17+00:00,1323,dengemann
2014-06-09 15:35:53+00:00,1320,larsoner
2014-06-10 14:12:24+00:00,1192,larsoner
2014-06-10 16:22:26+00:00,1326,larsoner
2014-06-11 15:17:49+00:00,1328,larsoner
2014-06-13 10:23:48+00:00,1339,dengemann
2014-06-13 15:50:22+00:00,1341,agramfort
2014-06-14 16:37:18+00:00,1342,larsoner
2014-06-15 09:46:09+00:00,1350,dengemann
2014-06-15 10:46:27+00:00,1335,dengemann
2014-06-15 14:47:16+00:00,1319,dengemann
2014-06-15 18:14:06+00:00,1345,agramfort
2014-06-16 09:03:34+00:00,1357,agramfort
2014-06-16 14:02:20+00:00,1363,agramfort
2014-06-16 14:34:46+00:00,1359,dengemann
2014-06-16 19:28:00+00:00,1366,larsoner
2014-06-16 20:56:02+00:00,1338,dengemann
2014-06-17 15:28:09+00:00,1371,agramfort
2014-06-17 17:30:14+00:00,1375,agramfort
2014-06-17 18:28:51+00:00,1367,dengemann
2014-06-18 10:13:32+00:00,1376,agramfort
2014-06-18 12:25:08+00:00,1378,mluessi
2014-06-18 15:56:38+00:00,1380,larsoner
2014-06-18 16:56:09+00:00,1381,larsoner
2014-06-24 07:08:50+00:00,1368,agramfort
2014-06-24 18:15:15+00:00,1387,agramfort
2014-06-26 18:51:55+00:00,1301,agramfort
2014-06-27 13:54:17+00:00,1392,agramfort
2014-06-28 17:30:24+00:00,1396,christianbrodbeck
2014-07-02 13:10:41+00:00,1398,agramfort
2014-07-02 20:22:08+00:00,1399,dengemann
2014-07-08 16:01:38+00:00,1402,agramfort
2014-07-10 13:57:32+00:00,1405,dengemann
2014-07-10 14:30:08+00:00,1406,agramfort
2014-07-10 16:15:23+00:00,1408,agramfort
2014-07-11 15:22:52+00:00,1411,dengemann
2014-07-11 16:48:04+00:00,1413,dengemann
2014-07-11 17:27:29+00:00,1409,dengemann
2014-07-11 18:07:21+00:00,1412,dengemann
2014-07-12 14:50:26+00:00,1415,dengemann
2014-07-13 18:53:42+00:00,1418,agramfort
2014-07-14 08:13:08+00:00,1419,agramfort
2014-07-14 21:30:22+00:00,1420,larsoner
2014-07-15 14:50:01+00:00,1424,agramfort
2014-07-15 19:17:41+00:00,1425,agramfort
2014-07-15 20:12:58+00:00,1422,agramfort
2014-07-16 00:53:13+00:00,1426,dengemann
2014-07-16 14:22:33+00:00,1427,larsoner
2014-07-17 15:56:28+00:00,1432,dengemann
2014-07-18 16:51:36+00:00,1435,larsoner
2014-07-18 17:17:52+00:00,1437,agramfort
2014-07-18 21:07:46+00:00,1433,larsoner
2014-07-19 15:30:59+00:00,1438,dengemann
2014-07-20 17:59:06+00:00,1441,larsoner
2014-07-20 19:18:44+00:00,1439,agramfort
2014-07-22 07:45:03+00:00,1440,agramfort
2014-07-22 11:26:59+00:00,1445,dengemann
2014-07-22 12:33:49+00:00,1447,dengemann
2014-07-22 15:58:52+00:00,1448,agramfort
2014-07-23 07:48:33+00:00,1450,agramfort
2014-07-23 23:46:03+00:00,1455,dengemann
2014-07-24 12:25:04+00:00,1456,agramfort
2014-07-24 15:40:15+00:00,1460,dengemann
2014-07-24 18:59:05+00:00,1459,dengemann
2014-07-24 19:00:58+00:00,1461,agramfort
2014-07-24 21:27:27+00:00,1465,agramfort
2014-07-25 06:00:10+00:00,1467,agramfort
2014-07-25 08:47:16+00:00,1466,agramfort
2014-07-25 11:42:22+00:00,1468,dengemann
2014-07-25 12:54:43+00:00,1469,agramfort
2014-07-25 14:37:30+00:00,1470,dengemann
2014-08-02 00:08:10+00:00,1479,christianbrodbeck
2014-08-04 19:13:03+00:00,1481,dengemann
2014-08-04 22:56:01+00:00,1487,larsoner
2014-08-04 23:53:16+00:00,1489,larsoner
2014-08-05 14:15:40+00:00,1484,dengemann
2014-08-05 14:56:09+00:00,1488,agramfort
2014-08-05 15:11:46+00:00,1485,agramfort
2014-08-06 10:12:16+00:00,1492,dengemann
2014-08-06 11:33:46+00:00,1493,dengemann
2014-08-06 13:10:08+00:00,1491,mluessi
2014-08-07 12:53:13+00:00,1496,agramfort
2014-08-08 15:10:44+00:00,1498,agramfort
2014-08-08 15:47:12+00:00,1499,dengemann
2014-08-09 12:14:36+00:00,1500,agramfort
2014-08-12 12:10:40+00:00,1503,dengemann
2014-08-13 20:35:17+00:00,1509,dengemann
2014-08-14 17:37:02+00:00,1462,larsoner
2014-08-15 08:49:19+00:00,1504,agramfort
2014-08-15 23:06:54+00:00,1513,larsoner
2014-08-18 08:05:09+00:00,1519,agramfort
2014-08-18 09:13:12+00:00,1517,dengemann
2014-08-20 17:37:17+00:00,1515,agramfort
2014-08-21 20:08:30+00:00,1520,teonbrooks
2014-08-22 10:07:16+00:00,1523,agramfort
2014-08-24 17:11:17+00:00,1533,dengemann
2014-08-25 02:24:17+00:00,1529,agramfort
2014-08-26 09:35:44+00:00,1536,mainakjas
2014-08-26 20:13:16+00:00,1538,agramfort
2014-08-27 20:50:27+00:00,1540,agramfort
2014-08-30 09:51:47+00:00,1543,agramfort
2014-09-01 18:37:06+00:00,1546,larsoner
2014-09-04 22:42:10+00:00,1551,agramfort
2014-09-05 11:23:17+00:00,1502,mainakjas
2014-09-06 13:39:06+00:00,1545,agramfort
2014-09-06 19:25:36+00:00,1554,agramfort
2014-09-09 20:35:09+00:00,1550,mainakjas
2014-09-11 12:11:52+00:00,1552,agramfort
2014-09-12 13:49:41+00:00,1558,christianbrodbeck
2014-09-14 07:13:48+00:00,1559,agramfort
2014-09-17 12:57:42+00:00,1561,christianbrodbeck
2014-09-17 16:17:44+00:00,1555,christianbrodbeck
2014-09-19 20:28:11+00:00,1565,christianbrodbeck
2014-09-20 07:30:18+00:00,1566,agramfort
2014-09-23 15:24:20+00:00,1318,larsoner
2014-09-23 21:07:19+00:00,1564,larsoner
2014-09-25 15:43:25+00:00,1535,agramfort
2014-09-27 20:38:40+00:00,1575,larsoner
2014-09-28 08:36:31+00:00,1572,agramfort
2014-09-28 19:44:13+00:00,1578,agramfort
2014-09-28 23:09:01+00:00,1579,larsoner
2014-09-29 01:08:09+00:00,1581,dengemann
2014-09-29 06:43:35+00:00,1582,agramfort
2014-09-30 07:22:39+00:00,1584,agramfort
2014-09-30 16:48:24+00:00,1589,larsoner
2014-09-30 21:53:05+00:00,1588,dengemann
2014-10-01 12:30:42+00:00,1592,teonbrooks
2014-10-02 09:06:13+00:00,1593,agramfort
2014-10-03 09:15:13+00:00,1595,agramfort
2014-10-03 22:33:10+00:00,1594,larsoner
2014-10-04 07:14:00+00:00,1596,agramfort
2014-10-07 09:50:36+00:00,1574,teonbrooks
2014-10-07 18:53:49+00:00,1478,agramfort
2014-10-08 08:26:26+00:00,1583,teonbrooks
2014-10-11 17:42:12+00:00,1601,dengemann
2014-10-11 17:51:26+00:00,1599,dengemann
2014-10-11 22:00:26+00:00,1602,dengemann
2014-10-13 16:32:18+00:00,1606,agramfort
2014-10-14 20:09:36+00:00,1607,mluessi
2014-10-15 13:29:04+00:00,1603,agramfort
2014-10-16 09:35:32+00:00,1608,agramfort
2014-10-16 10:48:14+00:00,1609,teonbrooks
2014-10-19 16:56:33+00:00,1612,agramfort
2014-10-20 07:38:40+00:00,1615,agramfort
2014-10-20 13:41:41+00:00,1616,dengemann
2014-10-21 17:16:49+00:00,1620,dengemann
2014-10-22 14:08:24+00:00,1621,agramfort
2014-10-23 18:28:21+00:00,1361,agramfort
2014-10-24 17:15:49+00:00,1618,mainakjas
2014-10-27 19:48:47+00:00,1623,agramfort
2014-10-27 22:16:51+00:00,1627,agramfort
2014-10-30 13:10:12+00:00,1630,dengemann
2014-10-30 21:22:04+00:00,1632,agramfort
2014-10-31 13:33:20+00:00,1390,dengemann
2014-11-04 16:52:39+00:00,1636,dengemann
2014-11-04 18:49:55+00:00,1638,dengemann
2014-11-08 19:25:05+00:00,1644,dengemann
2014-11-10 09:38:29+00:00,1642,dengemann
2014-11-10 19:30:49+00:00,1646,agramfort
2014-11-11 11:33:58+00:00,1619,dengemann
2014-11-12 10:36:36+00:00,1651,teonbrooks
2014-11-17 22:15:07+00:00,1658,agramfort
2014-11-19 14:57:02+00:00,1662,mainakjas
2014-11-20 14:27:16+00:00,1233,dengemann
2014-11-21 20:05:31+00:00,1663,agramfort
2014-11-21 20:06:50+00:00,1664,agramfort
2014-11-22 06:40:41+00:00,1667,agramfort
2014-11-22 15:53:39+00:00,1614,dengemann
2014-11-24 16:29:14+00:00,1669,dengemann
2014-11-25 10:44:40+00:00,1668,agramfort
2014-11-26 15:05:17+00:00,1673,dengemann
2014-11-26 15:59:01+00:00,1672,dengemann
2014-11-26 21:10:31+00:00,1674,agramfort
2014-11-29 18:47:34+00:00,1656,teonbrooks
2014-11-30 07:39:36+00:00,1661,agramfort
2014-12-01 15:40:52+00:00,1676,mainakjas
2014-12-02 17:36:56+00:00,1681,agramfort
2014-12-05 06:13:26+00:00,1685,agramfort
2014-12-06 14:14:39+00:00,1688,agramfort
2014-12-07 14:55:25+00:00,1689,agramfort
2014-12-10 00:28:17+00:00,1677,christianbrodbeck
2014-12-13 04:42:01+00:00,1698,agramfort
2014-12-13 11:24:13+00:00,1696,agramfort
2014-12-16 08:01:12+00:00,1701,agramfort
2014-12-20 16:01:25+00:00,1705,agramfort
2014-12-21 20:20:11+00:00,1711,agramfort
2014-12-25 16:14:03+00:00,1716,agramfort
2014-12-26 16:04:37+00:00,1712,dengemann
2014-12-29 09:15:12+00:00,1718,agramfort
2014-12-31 01:55:28+00:00,1671,larsoner
2014-12-31 05:01:07+00:00,1723,mainakjas
2015-01-01 13:04:18+00:00,1725,agramfort
2015-01-01 16:25:58+00:00,1726,agramfort
2015-01-04 13:41:52+00:00,1731,agramfort
2015-01-04 19:53:20+00:00,1732,dengemann
2015-01-06 09:20:21+00:00,1721,agramfort
2015-01-07 15:05:13+00:00,1733,wmvanvliet
2015-01-08 22:19:01+00:00,1735,larsoner
2015-01-14 09:50:27+00:00,1740,agramfort
2015-01-15 16:48:03+00:00,1736,agramfort
2015-01-17 15:24:27+00:00,1744,agramfort
2015-01-17 20:46:24+00:00,1746,agramfort
2015-01-20 17:13:08+00:00,1747,agramfort
2015-01-22 12:09:45+00:00,1751,wmvanvliet
2015-01-24 18:54:41+00:00,1756,agramfort
2015-01-26 19:33:23+00:00,1759,agramfort
2015-01-28 08:11:14+00:00,1763,agramfort
2015-01-31 17:00:34+00:00,1768,dengemann
2015-02-02 20:30:38+00:00,1769,larsoner
2015-02-05 16:07:15+00:00,1776,dengemann
2015-02-05 22:16:28+00:00,1779,dengemann
2015-02-06 22:27:07+00:00,1772,agramfort
2015-02-06 22:27:42+00:00,1771,agramfort
2015-02-09 13:38:10+00:00,1789,teonbrooks
2015-02-09 23:59:00+00:00,1788,dengemann
2015-02-10 21:51:37+00:00,1791,agramfort
2015-02-11 12:57:53+00:00,1794,agramfort
2015-02-13 20:26:53+00:00,1799,agramfort
2015-02-16 17:25:12+00:00,1802,agramfort
2015-02-17 12:43:53+00:00,1805,agramfort
2015-02-17 23:23:14+00:00,1798,agramfort
2015-02-18 23:06:13+00:00,1809,larsoner
2015-02-21 00:15:46+00:00,1810,larsoner
2015-02-21 13:27:01+00:00,1816,agramfort
2015-02-21 17:36:58+00:00,1817,agramfort
2015-02-22 19:29:03+00:00,1820,dengemann
2015-02-22 20:41:57+00:00,1786,larsoner
2015-02-22 20:45:28+00:00,1824,dengemann
2015-02-23 16:23:38+00:00,1825,larsoner
2015-02-23 16:41:06+00:00,1818,larsoner
2015-02-25 07:02:29+00:00,1827,agramfort
2015-02-27 18:53:57+00:00,1829,larsoner
2015-03-04 15:49:12+00:00,1832,dengemann
2015-03-05 14:46:48+00:00,1834,dengemann
2015-03-06 09:10:56+00:00,1835,agramfort
2015-03-10 09:34:36+00:00,1838,agramfort
2015-03-11 00:54:01+00:00,1842,dengemann
2015-03-11 20:13:20+00:00,1629,dengemann
2015-03-11 21:12:48+00:00,1831,teonbrooks
2015-03-12 08:16:57+00:00,1845,teonbrooks
2015-03-12 18:06:24+00:00,1828,larsoner
2015-03-12 21:06:27+00:00,1851,larsoner
2015-03-13 21:56:33+00:00,1854,agramfort
2015-03-13 23:56:14+00:00,1844,dengemann
2015-03-14 03:38:45+00:00,1852,larsoner
2015-03-15 16:51:52+00:00,1860,teonbrooks
2015-03-16 00:52:15+00:00,1859,larsoner
2015-03-16 13:55:59+00:00,1866,dengemann
2015-03-16 15:44:49+00:00,1870,teonbrooks
2015-03-16 17:03:33+00:00,1861,teonbrooks
2015-03-16 17:04:10+00:00,1864,agramfort
2015-03-16 18:04:26+00:00,1822,mluessi
2015-03-17 13:35:40+00:00,1858,teonbrooks
2015-03-17 15:58:22+00:00,1855,dengemann
2015-03-17 16:28:46+00:00,1871,agramfort
2015-03-18 06:50:30+00:00,1873,agramfort
2015-03-18 15:20:49+00:00,1874,wmvanvliet
2015-03-19 07:12:20+00:00,1877,agramfort
2015-03-19 14:51:48+00:00,1879,dengemann
2015-03-19 18:00:10+00:00,1865,larsoner
2015-03-21 13:33:52+00:00,1881,dengemann
2015-03-23 15:36:33+00:00,1884,dengemann
2015-03-23 16:18:47+00:00,1895,larsoner
2015-03-23 21:52:32+00:00,1897,agramfort
2015-03-24 19:21:40+00:00,1896,larsoner
2015-03-27 20:42:14+00:00,1908,agramfort
2015-03-30 14:55:41+00:00,1911,dengemann
2015-03-31 07:48:05+00:00,1891,agramfort
2015-03-31 16:34:05+00:00,1915,dengemann
2015-04-01 21:52:34+00:00,1918,christianbrodbeck
2015-04-02 10:06:05+00:00,1782,dengemann
2015-04-02 19:22:24+00:00,1925,agramfort
2015-04-02 22:16:38+00:00,1923,teonbrooks
2015-04-02 22:30:23+00:00,1914,dengemann
2015-04-03 12:11:08+00:00,1901,agramfort
2015-04-06 11:26:44+00:00,1921,agramfort
2015-04-06 15:55:03+00:00,1929,agramfort
2015-04-07 13:34:49+00:00,1933,larsoner
2015-04-08 12:00:51+00:00,1937,teonbrooks
2015-04-09 08:27:26+00:00,1936,teonbrooks
2015-04-09 11:47:30+00:00,1940,agramfort
2015-04-10 19:46:53+00:00,1942,agramfort
2015-04-11 00:36:37+00:00,1946,larsoner
2015-04-11 07:13:01+00:00,1950,agramfort
2015-04-11 10:34:45+00:00,1947,dengemann
2015-04-11 16:10:17+00:00,1948,agramfort
2015-04-12 13:04:20+00:00,1952,larsoner
2015-04-12 16:25:59+00:00,1955,agramfort
2015-04-12 18:34:50+00:00,1951,agramfort
2015-04-12 21:21:02+00:00,1956,larsoner
2015-04-13 17:07:50+00:00,1945,agramfort
2015-04-13 20:12:47+00:00,1953,agramfort
2015-04-14 15:34:23+00:00,1962,agramfort
2015-04-14 17:18:18+00:00,1932,larsoner
2015-04-15 00:55:34+00:00,1967,larsoner
2015-04-17 16:04:51+00:00,1974,larsoner
2015-04-17 17:31:23+00:00,1957,larsoner
2015-04-18 00:57:43+00:00,1972,larsoner
2015-04-18 17:51:12+00:00,1977,dengemann
2015-04-19 03:36:54+00:00,1815,larsoner
2015-04-19 12:08:26+00:00,1980,agramfort
2015-04-19 12:15:49+00:00,1978,agramfort
2015-04-19 12:17:09+00:00,1981,agramfort
2015-04-19 21:46:10+00:00,1969,larsoner
2015-04-19 23:24:14+00:00,1965,dengemann
2015-04-20 03:29:40+00:00,1943,larsoner
2015-04-20 16:15:45+00:00,1979,larsoner
2015-04-20 16:18:44+00:00,1988,larsoner
2015-04-20 18:50:29+00:00,1785,larsoner
2015-04-20 19:48:09+00:00,1990,larsoner
2015-04-21 14:27:32+00:00,1876,agramfort
2015-04-21 18:53:07+00:00,1998,larsoner
2015-04-21 19:00:40+00:00,1997,larsoner
2015-04-21 19:13:15+00:00,1992,larsoner
2015-04-22 16:55:22+00:00,1984,larsoner
2015-04-22 18:26:14+00:00,2001,larsoner
2015-04-22 20:18:53+00:00,2003,larsoner
2015-04-23 00:14:35+00:00,1994,larsoner
2015-04-23 00:57:14+00:00,2006,larsoner
2015-04-23 01:13:39+00:00,2007,dengemann
2015-04-23 01:44:21+00:00,2008,dengemann
2015-04-23 14:19:28+00:00,1590,larsoner
2015-04-23 17:28:24+00:00,2010,larsoner
2015-04-24 00:29:33+00:00,2013,dengemann
2015-04-24 16:37:33+00:00,2018,dengemann
2015-04-25 15:51:19+00:00,2005,larsoner
2015-04-26 19:20:56+00:00,2021,agramfort
2015-04-26 19:39:55+00:00,2023,agramfort
2015-04-27 01:04:19+00:00,2028,larsoner
2015-04-27 16:28:24+00:00,2030,larsoner
2015-04-27 19:04:12+00:00,2029,larsoner
2015-04-27 19:07:08+00:00,2031,larsoner
2015-04-27 23:18:33+00:00,1993,larsoner
2015-04-28 02:32:34+00:00,1762,larsoner
2015-04-29 01:56:22+00:00,1931,larsoner
2015-04-29 07:39:24+00:00,2037,agramfort
2015-04-29 15:36:40+00:00,2038,agramfort
2015-04-29 19:23:30+00:00,2036,agramfort
2015-04-29 19:29:57+00:00,2041,teonbrooks
2015-04-29 20:47:03+00:00,2045,dengemann
2015-04-29 22:52:47+00:00,2046,dengemann
2015-05-02 02:17:56+00:00,2011,larsoner
2015-05-03 15:04:35+00:00,2053,larsoner
2015-05-03 20:50:17+00:00,2055,teonbrooks
2015-05-06 06:35:30+00:00,2063,agramfort
2015-05-06 13:51:36+00:00,2054,larsoner
2015-05-06 21:53:36+00:00,2064,larsoner
2015-05-07 17:59:24+00:00,2061,larsoner
2015-05-08 07:28:09+00:00,2070,wmvanvliet
2015-05-10 13:40:30+00:00,2076,agramfort
2015-05-10 15:22:15+00:00,2073,larsoner
2015-05-10 18:28:56+00:00,2078,larsoner
2015-05-11 01:47:20+00:00,2079,larsoner
2015-05-11 14:01:29+00:00,2081,larsoner
2015-05-11 15:28:46+00:00,2077,larsoner
2015-05-12 06:37:15+00:00,2080,agramfort
2015-05-12 17:43:38+00:00,2039,dengemann
2015-05-12 17:48:44+00:00,2085,agramfort
2015-05-13 19:07:56+00:00,2090,larsoner
2015-05-13 19:08:33+00:00,2091,larsoner
2015-05-14 17:54:35+00:00,2092,dengemann
2015-05-15 01:29:19+00:00,2094,larsoner
2015-05-15 06:58:19+00:00,2072,agramfort
2015-05-15 10:22:13+00:00,2098,dengemann
2015-05-15 10:26:04+00:00,2096,dengemann
2015-05-15 15:14:56+00:00,2097,agramfort
2015-05-15 16:22:27+00:00,2100,dengemann
2015-05-15 21:17:32+00:00,2102,agramfort
2015-05-15 22:19:30+00:00,2103,agramfort
2015-05-16 14:46:07+00:00,2101,dengemann
2015-05-17 12:10:13+00:00,2107,agramfort
2015-05-18 15:35:30+00:00,2110,agramfort
2015-05-19 13:19:59+00:00,2118,dengemann
2015-05-19 21:11:27+00:00,2123,teonbrooks
2015-05-20 05:35:23+00:00,2126,larsoner
2015-05-21 01:50:46+00:00,2114,dengemann
2015-05-21 09:52:55+00:00,2128,teonbrooks
2015-05-21 17:14:35+00:00,2131,larsoner
2015-05-21 17:45:01+00:00,2132,larsoner
2015-05-21 18:08:21+00:00,2120,agramfort
2015-05-21 18:35:22+00:00,2129,larsoner
2015-05-21 19:43:04+00:00,2133,agramfort
2015-05-21 23:11:50+00:00,2134,larsoner
2015-05-22 21:42:20+00:00,2135,dengemann
2015-05-25 14:27:04+00:00,2144,dengemann
2015-05-26 15:57:09+00:00,2150,mainakjas
2015-05-26 22:19:36+00:00,2152,teonbrooks
2015-05-27 07:58:05+00:00,2127,agramfort
2015-05-27 15:02:58+00:00,2153,larsoner
2015-05-28 15:49:02+00:00,2156,agramfort
2015-05-28 17:03:09+00:00,2146,larsoner
2015-05-29 06:33:08+00:00,2164,agramfort
2015-05-30 07:40:10+00:00,2166,agramfort
2015-05-31 07:53:17+00:00,2169,agramfort
2015-06-01 05:51:32+00:00,2168,agramfort
2015-06-01 13:58:53+00:00,2171,larsoner
2015-06-02 17:11:27+00:00,2173,agramfort
2015-06-02 19:05:40+00:00,2159,larsoner
2015-06-02 20:39:01+00:00,2179,agramfort
2015-06-03 15:19:19+00:00,2181,larsoner
2015-06-04 07:25:41+00:00,2184,agramfort
2015-06-04 14:35:51+00:00,2182,teonbrooks
2015-06-06 10:37:00+00:00,2148,agramfort
2015-06-11 17:34:59+00:00,2167,larsoner
2015-06-12 16:10:01+00:00,2196,dengemann
2015-06-13 17:47:35+00:00,2199,dengemann
2015-06-16 07:34:43+00:00,2154,dengemann
2015-06-16 19:43:35+00:00,2208,agramfort
2015-06-17 23:20:40+00:00,2209,larsoner
2015-06-18 16:36:37+00:00,2215,larsoner
2015-06-19 15:13:12+00:00,2221,agramfort
2015-06-19 20:00:21+00:00,2222,agramfort
2015-06-20 09:18:41+00:00,2194,agramfort
2015-06-21 19:26:50+00:00,2228,dengemann
2015-06-24 06:50:52+00:00,2233,agramfort
2015-06-24 11:23:38+00:00,2206,dengemann
2015-06-24 15:48:41+00:00,2232,larsoner
2015-06-26 07:13:16+00:00,2238,agramfort
2015-06-27 16:11:19+00:00,2244,mainakjas
2015-06-27 20:23:28+00:00,2211,larsoner
2015-06-28 09:09:22+00:00,2247,agramfort
2015-06-30 07:44:13+00:00,2250,agramfort
2015-06-30 07:49:13+00:00,2249,agramfort
2015-07-01 08:06:29+00:00,2252,agramfort
2015-07-03 21:33:18+00:00,2261,agramfort
2015-07-05 18:28:35+00:00,2263,larsoner
2015-07-05 22:23:24+00:00,2262,agramfort
2015-07-06 13:27:01+00:00,2229,agramfort
2015-07-07 12:41:36+00:00,2265,larsoner
2015-07-07 18:24:24+00:00,2266,larsoner
2015-07-08 15:26:04+00:00,2214,agramfort
2015-07-10 12:20:40+00:00,2231,larsoner
2015-07-11 07:46:06+00:00,2271,agramfort
2015-07-11 12:51:36+00:00,2272,teonbrooks
2015-07-12 17:47:26+00:00,2115,dengemann
2015-07-12 17:47:28+00:00,2274,dengemann
2015-07-13 19:24:34+00:00,2278,agramfort
2015-07-13 20:01:42+00:00,2193,larsoner
2015-07-14 02:17:28+00:00,2285,larsoner
2015-07-14 09:06:37+00:00,2288,mainakjas
2015-07-14 13:30:42+00:00,2251,dengemann
2015-07-15 12:39:02+00:00,2301,larsoner
2015-07-16 08:32:33+00:00,2269,agramfort
2015-07-16 14:36:56+00:00,2303,agramfort
2015-07-16 22:02:30+00:00,2305,larsoner
2015-07-17 07:49:42+00:00,2239,agramfort
2015-07-17 13:23:39+00:00,2291,larsoner
2015-07-17 16:01:31+00:00,2281,dengemann
2015-07-20 13:32:16+00:00,2298,wmvanvliet
2015-07-20 14:03:00+00:00,2318,agramfort
2015-07-20 14:46:19+00:00,2296,agramfort
2015-07-20 21:02:43+00:00,2319,agramfort
2015-07-20 22:37:51+00:00,2320,agramfort
2015-07-22 06:57:33+00:00,2325,agramfort
2015-07-22 17:18:55+00:00,2329,dengemann
2015-07-23 07:33:51+00:00,2304,dengemann
2015-07-23 11:25:56+00:00,2335,dengemann
2015-07-23 22:12:15+00:00,2340,larsoner
2015-07-23 23:44:20+00:00,2343,teonbrooks
2015-07-24 03:41:17+00:00,2339,larsoner
2015-07-24 08:46:42+00:00,2302,dengemann
2015-07-24 12:08:59+00:00,2327,agramfort
2015-07-24 19:36:31+00:00,2348,agramfort
2015-07-25 09:10:16+00:00,2351,dengemann
2015-07-25 19:52:41+00:00,2350,agramfort
2015-07-28 21:00:17+00:00,2338,agramfort
2015-07-28 21:19:51+00:00,2359,agramfort
2015-07-29 10:14:44+00:00,2352,dengemann
2015-07-30 16:04:09+00:00,2355,larsoner
2015-07-30 16:52:05+00:00,2367,agramfort
2015-07-30 21:02:42+00:00,2361,agramfort
2015-07-31 21:22:39+00:00,2369,larsoner
2015-08-02 05:39:19+00:00,2376,agramfort
2015-08-04 20:04:29+00:00,2380,agramfort
2015-08-05 12:05:56+00:00,2322,agramfort
2015-08-05 12:25:24+00:00,2375,agramfort
2015-08-05 16:38:55+00:00,2384,agramfort
2015-08-06 09:53:54+00:00,2241,agramfort
2015-08-06 16:15:42+00:00,2382,agramfort
2015-08-07 06:23:18+00:00,2358,agramfort
2015-08-07 13:24:12+00:00,2386,agramfort
2015-08-10 07:32:05+00:00,2394,wmvanvliet
2015-08-10 15:19:24+00:00,2366,agramfort
2015-08-10 16:40:38+00:00,2387,agramfort
2015-08-11 14:15:34+00:00,2396,agramfort
2015-08-11 15:36:22+00:00,2395,agramfort
2015-08-13 21:06:04+00:00,2399,agramfort
2015-08-16 19:15:21+00:00,2412,agramfort
2015-08-17 12:07:18+00:00,2410,agramfort
2015-08-17 17:29:11+00:00,2414,teonbrooks
2015-08-17 18:06:07+00:00,2413,agramfort
2015-08-18 07:13:03+00:00,2415,agramfort
2015-08-18 11:47:45+00:00,2417,larsoner
2015-08-18 21:25:03+00:00,2418,larsoner
2015-08-19 14:21:42+00:00,2398,agramfort
2015-08-20 06:04:31+00:00,2364,dengemann
2015-08-20 17:18:53+00:00,2378,dengemann
2015-08-21 17:49:03+00:00,2424,agramfort
2015-08-23 07:23:03+00:00,2431,agramfort
2015-08-24 07:15:03+00:00,2402,agramfort
2015-08-24 19:00:41+00:00,2429,agramfort
2015-08-24 19:46:10+00:00,2427,agramfort
2015-08-25 04:12:17+00:00,2432,wmvanvliet
2015-08-27 23:41:18+00:00,2438,dengemann
2015-08-31 13:28:11+00:00,2441,agramfort
2015-09-01 06:41:09+00:00,2443,agramfort
2015-09-01 21:04:06+00:00,2444,agramfort
2015-09-03 14:57:00+00:00,2449,dengemann
2015-09-05 10:20:17+00:00,2455,agramfort
2015-09-05 10:21:17+00:00,2453,dengemann
2015-09-06 20:21:55+00:00,2454,agramfort
2015-09-06 20:28:01+00:00,2401,agramfort
2015-09-07 14:24:42+00:00,2452,agramfort
2015-09-08 14:16:52+00:00,2456,larsoner
2015-09-08 15:23:41+00:00,2458,larsoner
2015-09-08 15:37:38+00:00,2459,larsoner
2015-09-09 06:58:39+00:00,2460,agramfort
2015-09-09 11:35:44+00:00,2463,dengemann
2015-09-10 18:00:57+00:00,2337,larsoner
2015-09-11 02:00:51+00:00,2461,larsoner
2015-09-13 15:33:53+00:00,2468,agramfort
2015-09-14 22:41:05+00:00,2309,larsoner
2015-09-16 05:56:03+00:00,2466,agramfort
2015-09-16 19:43:33+00:00,2474,agramfort
2015-09-17 17:38:48+00:00,2473,dengemann
2015-09-18 07:43:08+00:00,2475,wmvanvliet
2015-09-18 15:49:06+00:00,2477,dengemann
2015-09-19 07:11:59+00:00,2479,agramfort
2015-09-20 09:37:36+00:00,2480,dengemann
2015-09-23 10:02:52+00:00,2484,agramfort
2015-09-23 14:22:52+00:00,2483,agramfort
2015-09-23 21:18:39+00:00,2485,larsoner
2015-09-26 13:24:18+00:00,2481,agramfort
2015-09-26 13:29:54+00:00,2488,dengemann
2015-09-26 16:59:53+00:00,2492,dengemann
2015-09-26 23:20:40+00:00,2495,dengemann
2015-09-27 23:56:37+00:00,2487,larsoner
2015-09-28 16:00:23+00:00,2496,larsoner
2015-09-30 16:54:51+00:00,2498,dengemann
2015-10-01 20:15:53+00:00,2503,agramfort
2015-10-01 20:29:39+00:00,2499,agramfort
2015-10-02 06:39:15+00:00,2504,dengemann
2015-10-02 13:47:33+00:00,2400,larsoner
2015-10-04 15:49:03+00:00,2508,agramfort
2015-10-05 10:06:50+00:00,2513,agramfort
2015-10-05 18:30:58+00:00,2510,teonbrooks
2015-10-06 13:20:50+00:00,2515,larsoner
2015-10-06 14:09:16+00:00,2501,larsoner
2015-10-06 16:29:25+00:00,2516,larsoner
2015-10-07 12:39:03+00:00,2517,larsoner
2015-10-08 15:19:19+00:00,2514,larsoner
2015-10-12 16:23:48+00:00,2527,larsoner
2015-10-13 17:12:34+00:00,2525,larsoner
2015-10-13 17:12:58+00:00,2512,larsoner
2015-10-13 19:23:03+00:00,2528,agramfort
2015-10-14 12:12:34+00:00,2526,jaeilepp
2015-10-14 20:18:02+00:00,2529,agramfort
2015-10-15 18:12:35+00:00,2522,larsoner
2015-10-15 18:46:51+00:00,2531,agramfort
2015-10-16 07:20:41+00:00,2104,agramfort
2015-10-16 18:19:57+00:00,2536,dengemann
2015-10-19 16:43:48+00:00,2538,larsoner
2015-10-20 12:48:15+00:00,2541,larsoner
2015-10-20 14:29:59+00:00,2542,agramfort
2015-10-20 15:42:05+00:00,2546,agramfort
2015-10-21 12:37:18+00:00,2549,agramfort
2015-10-21 14:27:18+00:00,2545,larsoner
2015-10-22 08:11:53+00:00,2234,agramfort
2015-10-23 10:02:44+00:00,2552,agramfort
2015-10-24 08:42:28+00:00,2554,larsoner
2015-10-26 11:06:48+00:00,2559,larsoner
2015-10-27 08:20:31+00:00,2562,jaeilepp
2015-10-27 11:46:29+00:00,2566,jaeilepp
2015-10-27 14:43:09+00:00,2565,christianbrodbeck
2015-10-27 21:12:29+00:00,2374,agramfort
2015-10-28 06:55:14+00:00,2570,jaeilepp
2015-10-28 15:42:10+00:00,2560,teonbrooks
2015-10-29 07:53:58+00:00,2571,jaeilepp
2015-10-29 07:58:40+00:00,2578,jaeilepp
2015-10-29 08:53:49+00:00,2573,agramfort
2015-10-31 21:04:14+00:00,2576,agramfort
2015-11-03 16:09:10+00:00,2580,teonbrooks
2015-11-04 17:32:52+00:00,2588,larsoner
2015-11-09 09:00:45+00:00,2590,agramfort
2015-11-09 22:08:44+00:00,2605,larsoner
2015-11-10 06:53:40+00:00,2569,jaeilepp
2015-11-10 07:45:19+00:00,2601,jaeilepp
2015-11-12 20:36:41+00:00,2610,agramfort
2015-11-14 04:10:00+00:00,2618,larsoner
2015-11-14 06:48:17+00:00,2617,agramfort
2015-11-15 13:14:07+00:00,2612,dengemann
2015-11-17 10:48:51+00:00,2620,jaeilepp
2015-11-17 14:35:30+00:00,2551,agramfort
2015-11-19 14:45:52+00:00,2625,larsoner
2015-11-19 18:04:21+00:00,2627,dengemann
2015-11-19 20:32:27+00:00,2607,larsoner
2015-11-20 00:21:09+00:00,2629,dengemann
2015-11-20 09:25:12+00:00,2631,jaeilepp
2015-11-20 14:08:13+00:00,2633,jaeilepp
2015-11-24 08:22:37+00:00,2637,agramfort
2015-11-24 20:55:18+00:00,2630,agramfort
2015-11-25 09:11:04+00:00,2640,agramfort
2015-11-25 21:15:35+00:00,2642,dengemann
2015-11-29 09:36:38+00:00,2651,agramfort
2015-11-29 23:15:27+00:00,2654,dengemann
2015-11-30 11:29:11+00:00,2656,dengemann
2015-11-30 16:44:47+00:00,2657,larsoner
2015-11-30 21:23:01+00:00,2650,larsoner
2015-12-02 13:06:50+00:00,2658,dengemann
2015-12-03 19:15:16+00:00,2626,larsoner
2015-12-03 20:55:07+00:00,2666,agramfort
2015-12-04 02:25:29+00:00,2669,larsoner
2015-12-04 04:10:06+00:00,2667,larsoner
2015-12-04 20:23:04+00:00,2670,agramfort
2015-12-06 19:48:55+00:00,2675,agramfort
2015-12-07 14:06:43+00:00,2643,dengemann
2015-12-08 13:22:21+00:00,2678,agramfort
2015-12-08 17:46:30+00:00,2681,larsoner
2015-12-09 08:20:50+00:00,2668,dengemann
2015-12-09 19:59:37+00:00,2684,agramfort
2015-12-10 16:26:32+00:00,2689,larsoner
2015-12-11 14:45:33+00:00,2686,agramfort
2015-12-11 16:57:57+00:00,2695,jasmainak
2015-12-11 21:29:22+00:00,2659,agramfort
2015-12-12 17:32:29+00:00,2696,agramfort
2015-12-12 21:10:44+00:00,2634,larsoner
2015-12-13 08:11:01+00:00,2697,agramfort
2015-12-15 01:15:41+00:00,2701,larsoner
2015-12-15 01:16:46+00:00,2699,larsoner
2015-12-15 17:15:14+00:00,2705,larsoner
2015-12-16 10:42:41+00:00,2707,agramfort
2015-12-17 19:52:08+00:00,2713,dengemann
2015-12-17 20:00:50+00:00,2712,agramfort
2015-12-17 20:33:14+00:00,2716,larsoner
2015-12-18 01:59:08+00:00,2673,larsoner
2015-12-18 09:19:55+00:00,2703,agramfort
2015-12-18 09:27:31+00:00,2717,jasmainak
2015-12-18 20:40:40+00:00,2709,agramfort
2015-12-19 13:51:12+00:00,2725,larsoner
2015-12-19 13:56:12+00:00,2718,agramfort
2015-12-19 15:05:49+00:00,2723,larsoner
2015-12-21 08:53:45+00:00,2729,jasmainak
2015-12-21 17:12:49+00:00,2733,jasmainak
2015-12-21 17:20:55+00:00,2732,larsoner
2015-12-21 20:53:15+00:00,2736,larsoner
2015-12-21 22:13:38+00:00,2737,agramfort
2015-12-22 08:06:46+00:00,2735,agramfort
2015-12-22 18:31:15+00:00,2734,larsoner
2015-12-23 13:30:20+00:00,2676,agramfort
2015-12-23 16:06:45+00:00,2728,jasmainak
2015-12-23 17:04:42+00:00,2741,larsoner
2015-12-23 18:44:26+00:00,2743,larsoner
2016-01-02 13:13:57+00:00,2762,agramfort
2016-01-04 13:47:13+00:00,2764,wmvanvliet
2016-01-05 05:29:48+00:00,2767,jasmainak
2016-01-07 20:30:29+00:00,2769,agramfort
2016-01-10 10:25:42+00:00,2781,agramfort
2016-01-10 13:46:52+00:00,2779,agramfort
2016-01-13 13:39:27+00:00,2738,agramfort
2016-01-14 09:36:27+00:00,2777,jasmainak
2016-01-14 09:42:13+00:00,2785,agramfort
2016-01-14 17:09:51+00:00,2786,agramfort
2016-01-16 17:21:29+00:00,2791,larsoner
2016-01-17 14:32:25+00:00,2755,agramfort
2016-01-17 17:07:17+00:00,2710,jasmainak
2016-01-20 13:11:28+00:00,2798,wmvanvliet
2016-01-21 20:47:34+00:00,2802,agramfort
2016-01-22 19:16:20+00:00,2797,larsoner
2016-01-25 08:41:39+00:00,2704,agramfort
2016-01-25 14:28:37+00:00,2783,larsoner
2016-01-25 22:56:02+00:00,2819,agramfort
2016-01-26 11:16:46+00:00,2739,agramfort
2016-01-27 16:25:09+00:00,2714,agramfort
2016-01-28 10:16:47+00:00,2824,agramfort
2016-01-30 08:20:25+00:00,2758,agramfort
2016-02-01 18:01:34+00:00,2830,agramfort
2016-02-02 16:25:11+00:00,2826,larsoner
2016-02-03 06:41:02+00:00,2761,jaeilepp
2016-02-03 14:02:07+00:00,2765,wmvanvliet
2016-02-03 15:00:05+00:00,2833,larsoner
2016-02-03 19:51:04+00:00,2837,larsoner
2016-02-04 08:42:52+00:00,2836,agramfort
2016-02-04 08:51:41+00:00,2839,agramfort
2016-02-05 14:57:52+00:00,2851,larsoner
2016-02-05 17:05:07+00:00,2843,larsoner
2016-02-09 01:14:19+00:00,2861,larsoner
2016-02-09 16:24:12+00:00,2844,larsoner
2016-02-11 22:31:19+00:00,2865,dengemann
2016-02-12 21:56:33+00:00,2863,agramfort
2016-02-13 22:33:50+00:00,2857,agramfort
2016-02-15 21:02:41+00:00,2880,agramfort
2016-02-15 21:06:46+00:00,2883,agramfort
2016-02-16 01:12:58+00:00,2885,larsoner
2016-02-16 10:51:41+00:00,2888,jaeilepp
2016-02-16 12:01:04+00:00,2889,jaeilepp
2016-02-16 14:00:42+00:00,2891,jaeilepp
2016-02-16 14:54:48+00:00,2890,dengemann
2016-02-17 06:42:59+00:00,2893,jaeilepp
2016-02-17 13:40:57+00:00,2895,jaeilepp
2016-02-17 15:24:52+00:00,2902,larsoner
2016-02-18 07:39:45+00:00,2903,jaeilepp
2016-02-18 22:18:48+00:00,2907,agramfort
2016-02-19 02:16:32+00:00,2905,larsoner
2016-02-19 10:22:24+00:00,2911,agramfort
2016-02-19 10:27:08+00:00,2914,agramfort
2016-02-19 10:28:00+00:00,2915,agramfort
2016-02-19 15:40:02+00:00,2910,larsoner
2016-02-19 17:58:42+00:00,2917,agramfort
2016-02-19 18:31:40+00:00,2913,larsoner
2016-02-21 16:52:59+00:00,2896,agramfort
2016-02-22 21:19:25+00:00,2925,agramfort
2016-02-22 21:27:20+00:00,2882,agramfort
2016-02-23 00:24:32+00:00,2924,larsoner
2016-02-23 08:20:25+00:00,2930,jaeilepp
2016-02-23 09:13:24+00:00,2918,agramfort
2016-02-23 09:39:17+00:00,2921,agramfort
2016-02-23 11:25:29+00:00,2932,agramfort
2016-02-23 14:46:48+00:00,2929,agramfort
2016-02-23 16:01:32+00:00,2916,larsoner
2016-02-23 16:08:40+00:00,2934,agramfort
2016-02-23 20:35:54+00:00,2926,agramfort
2016-02-24 00:15:30+00:00,2936,larsoner
2016-02-24 01:32:25+00:00,2868,larsoner
2016-02-24 18:37:41+00:00,2941,dengemann
2016-02-24 19:12:47+00:00,2940,larsoner
2016-02-24 22:21:11+00:00,2938,larsoner
2016-02-25 21:44:00+00:00,2939,larsoner
2016-02-26 08:54:15+00:00,2943,agramfort
2016-02-26 10:48:31+00:00,2849,agramfort
2016-02-26 13:40:52+00:00,2950,agramfort
2016-02-26 13:43:07+00:00,2951,agramfort
2016-02-26 15:13:29+00:00,2958,larsoner
2016-02-26 15:29:32+00:00,2952,larsoner
2016-02-26 16:16:18+00:00,2957,larsoner
2016-02-26 16:58:09+00:00,2955,larsoner
2016-02-26 17:24:29+00:00,2956,larsoner
2016-02-28 14:27:25+00:00,2942,agramfort
2016-02-29 07:09:01+00:00,2962,jaeilepp
2016-02-29 13:11:29+00:00,2961,larsoner
2016-02-29 16:17:15+00:00,2963,agramfort
2016-02-29 20:41:48+00:00,2966,jasmainak
2016-02-29 21:46:45+00:00,2954,larsoner
2016-03-01 09:41:36+00:00,2964,agramfort
2016-03-01 15:30:41+00:00,2970,larsoner
2016-03-01 20:52:12+00:00,2972,agramfort
2016-03-02 18:35:12+00:00,2978,larsoner
2016-03-02 22:20:11+00:00,2974,agramfort
2016-03-03 08:03:57+00:00,2980,agramfort
2016-03-03 08:40:53+00:00,2973,agramfort
2016-03-04 09:58:36+00:00,2982,agramfort
2016-03-04 10:54:47+00:00,2984,jaeilepp
2016-03-06 11:52:36+00:00,2989,dengemann
2016-03-06 17:12:54+00:00,2985,agramfort
2016-03-07 12:14:52+00:00,2992,jasmainak
2016-03-07 17:37:52+00:00,2987,larsoner
2016-03-08 18:56:14+00:00,2993,agramfort
2016-03-09 15:42:20+00:00,3000,larsoner
2016-03-10 21:00:52+00:00,2977,agramfort
2016-03-11 13:27:24+00:00,3004,agramfort
2016-03-12 01:59:35+00:00,3007,larsoner
2016-03-14 15:59:00+00:00,2991,larsoner
2016-03-14 17:39:31+00:00,3012,agramfort
2016-03-15 08:41:05+00:00,3011,jaeilepp
2016-03-15 17:20:45+00:00,3016,jaeilepp
2016-03-16 09:37:16+00:00,2990,jaeilepp
2016-03-17 08:45:54+00:00,2946,agramfort
2016-03-17 08:48:14+00:00,3020,agramfort
2016-03-17 09:35:01+00:00,3018,agramfort
2016-03-17 09:57:17+00:00,3019,agramfort
2016-03-17 12:57:44+00:00,3026,larsoner
2016-03-17 13:25:22+00:00,3008,larsoner
2016-03-17 16:47:52+00:00,3027,larsoner
2016-03-17 22:26:27+00:00,3024,dengemann
2016-03-18 08:45:16+00:00,3031,dengemann
2016-03-18 13:54:59+00:00,3032,larsoner
2016-03-18 14:31:06+00:00,3035,jaeilepp
2016-03-20 07:26:50+00:00,3003,agramfort
2016-03-21 13:23:14+00:00,3040,agramfort
2016-03-21 13:58:07+00:00,3030,larsoner
2016-03-21 20:25:59+00:00,3041,agramfort
2016-03-21 20:40:19+00:00,3042,agramfort
2016-03-21 21:56:39+00:00,3034,agramfort
2016-03-22 14:48:46+00:00,3048,larsoner
2016-03-22 16:48:28+00:00,3051,dengemann
2016-03-22 18:12:50+00:00,3050,larsoner
2016-03-23 08:16:35+00:00,3055,agramfort
2016-03-23 14:04:53+00:00,3033,agramfort
2016-03-23 17:55:12+00:00,2969,larsoner
2016-03-24 07:19:16+00:00,3064,jaeilepp
2016-03-24 09:21:50+00:00,3059,agramfort
2016-03-24 13:24:56+00:00,3066,jaeilepp
2016-03-24 15:39:49+00:00,3057,larsoner
2016-03-24 20:55:24+00:00,3067,agramfort
2016-03-25 09:34:48+00:00,3072,jaeilepp
2016-03-25 18:23:07+00:00,3074,teonbrooks
2016-03-26 23:59:46+00:00,3076,larsoner
2016-03-27 03:25:44+00:00,3077,larsoner
2016-03-29 15:44:31+00:00,3079,larsoner
2016-03-30 15:37:27+00:00,3080,larsoner
2016-03-30 19:09:50+00:00,3085,agramfort
2016-04-01 07:21:17+00:00,3087,agramfort
2016-04-01 21:49:47+00:00,3093,larsoner
2016-04-03 19:21:49+00:00,3096,teonbrooks
2016-04-06 13:36:15+00:00,3098,larsoner
2016-04-06 18:22:42+00:00,3102,larsoner
2016-04-06 18:32:44+00:00,3104,agramfort
2016-04-07 16:30:26+00:00,3106,agramfort
2016-04-10 02:11:53+00:00,3109,teonbrooks
2016-04-10 12:14:25+00:00,3111,agramfort
2016-04-11 19:22:02+00:00,3108,agramfort
2016-04-11 19:31:48+00:00,3114,agramfort
2016-04-11 20:01:08+00:00,3115,agramfort
2016-04-14 08:22:39+00:00,3065,dengemann
2016-04-15 17:08:01+00:00,3119,agramfort
2016-04-18 14:44:25+00:00,3132,agramfort
2016-04-18 15:26:21+00:00,3137,larsoner
2016-04-18 17:10:59+00:00,3136,jaeilepp
2016-04-19 10:33:45+00:00,3058,agramfort
2016-04-19 16:57:29+00:00,3141,agramfort
2016-04-19 17:53:14+00:00,3131,larsoner
2016-04-20 08:19:13+00:00,2821,agramfort
2016-04-20 10:36:10+00:00,3145,jaeilepp
2016-04-20 14:25:58+00:00,3129,larsoner
2016-04-20 15:04:57+00:00,3122,larsoner
2016-04-20 20:50:24+00:00,3147,agramfort
2016-04-20 21:08:18+00:00,3150,agramfort
2016-04-20 22:38:23+00:00,3151,dengemann
2016-04-21 14:12:35+00:00,3148,larsoner
2016-04-22 09:15:06+00:00,3154,agramfort
2016-04-22 13:11:12+00:00,3155,agramfort
2016-04-22 14:26:07+00:00,3110,larsoner
2016-04-22 17:27:25+00:00,3158,larsoner
2016-04-23 20:34:00+00:00,3159,agramfort
2016-04-23 20:42:47+00:00,3161,agramfort
2016-04-24 01:10:03+00:00,3152,larsoner
2016-04-24 19:37:40+00:00,3166,agramfort
2016-04-24 19:39:38+00:00,3167,agramfort
2016-04-25 11:26:47+00:00,3171,jaeilepp
2016-04-25 13:11:34+00:00,3165,jaeilepp
2016-04-25 13:36:34+00:00,3146,larsoner
2016-04-26 07:14:13+00:00,3172,agramfort
2016-04-26 16:08:20+00:00,3176,larsoner
2016-04-26 17:48:47+00:00,3178,larsoner
2016-04-27 08:54:19+00:00,3181,agramfort
2016-04-27 18:03:38+00:00,3162,larsoner
2016-04-27 18:03:58+00:00,3177,larsoner
2016-04-28 08:05:35+00:00,3157,agramfort
2016-04-28 08:07:57+00:00,3182,agramfort
2016-04-28 13:46:11+00:00,3188,larsoner
2016-04-28 13:50:44+00:00,3174,larsoner
2016-04-28 14:33:33+00:00,3139,larsoner
2016-04-29 13:12:28+00:00,3194,larsoner
2016-04-29 14:22:37+00:00,3195,agramfort
2016-04-29 15:22:30+00:00,3144,dengemann
2016-05-03 07:27:03+00:00,3203,agramfort
2016-05-03 17:04:43+00:00,3185,larsoner
2016-05-03 17:48:17+00:00,3143,dengemann
2016-05-03 23:25:26+00:00,3207,larsoner
2016-05-04 00:12:15+00:00,3202,larsoner
2016-05-04 00:27:29+00:00,3206,larsoner
2016-05-04 15:24:39+00:00,3208,agramfort
2016-05-04 18:06:19+00:00,3209,agramfort
2016-05-05 13:06:29+00:00,3191,larsoner
2016-05-05 15:03:13+00:00,3211,larsoner
2016-05-06 09:29:24+00:00,3213,agramfort
2016-05-07 07:43:25+00:00,3215,agramfort
2016-05-07 14:38:19+00:00,3197,agramfort
2016-05-09 14:29:04+00:00,3216,larsoner
2016-05-09 18:52:04+00:00,3217,larsoner
2016-05-12 11:52:42+00:00,3218,agramfort
2016-05-12 12:43:38+00:00,3224,agramfort
2016-05-12 15:18:43+00:00,3222,larsoner
2016-05-12 20:32:36+00:00,3228,larsoner
2016-05-13 14:08:32+00:00,3231,larsoner
2016-05-16 15:46:57+00:00,3233,larsoner
2016-05-16 16:42:00+00:00,3234,larsoner
2016-05-19 05:56:02+00:00,3236,agramfort
2016-05-21 07:41:06+00:00,3235,agramfort
2016-05-26 09:20:32+00:00,3250,agramfort
2016-05-26 13:10:06+00:00,3251,jaeilepp
2016-05-26 22:49:45+00:00,3241,agramfort
2016-05-26 23:18:33+00:00,3253,agramfort
2016-05-27 09:47:43+00:00,3254,agramfort
2016-05-27 20:41:50+00:00,3266,larsoner
2016-05-31 19:43:33+00:00,3272,agramfort
2016-06-03 13:22:52+00:00,3261,agramfort
2016-06-04 05:55:25+00:00,3238,agramfort
2016-06-06 08:51:02+00:00,3279,agramfort
2016-06-09 07:38:06+00:00,3237,agramfort
2016-06-09 19:00:37+00:00,3298,larsoner
2016-06-10 12:02:30+00:00,3289,larsoner
2016-06-10 18:47:27+00:00,3270,agramfort
2016-06-13 13:07:18+00:00,3303,agramfort
2016-06-14 05:49:37+00:00,3304,jaeilepp
2016-06-14 08:05:45+00:00,3277,agramfort
2016-06-16 13:58:34+00:00,3306,agramfort
2016-06-16 20:02:07+00:00,3312,agramfort
2016-06-17 08:55:38+00:00,3315,agramfort
2016-06-17 15:50:28+00:00,3319,agramfort
2016-06-18 07:29:31+00:00,3316,agramfort
2016-06-18 21:07:51+00:00,3321,agramfort
2016-06-19 20:22:09+00:00,3322,agramfort
2016-06-20 21:29:49+00:00,3314,larsoner
2016-06-21 15:44:32+00:00,3325,larsoner
2016-06-22 07:47:03+00:00,3313,agramfort
2016-06-22 07:57:25+00:00,3323,agramfort
2016-06-22 13:05:48+00:00,3318,agramfort
2016-06-22 14:03:46+00:00,3327,larsoner
2016-06-23 14:40:43+00:00,3329,agramfort
2016-06-24 05:43:13+00:00,3333,agramfort
2016-06-24 09:16:21+00:00,3331,jaeilepp
2016-06-26 07:47:36+00:00,3337,agramfort
2016-06-26 16:55:11+00:00,3339,agramfort
2016-06-26 22:04:21+00:00,3341,agramfort
2016-06-27 05:51:43+00:00,3343,agramfort
2016-06-27 05:53:10+00:00,3345,agramfort
2016-06-27 13:19:06+00:00,3346,agramfort
2016-06-27 13:26:50+00:00,3275,agramfort
2016-06-27 15:38:40+00:00,3334,larsoner
2016-06-27 15:53:55+00:00,3324,agramfort
2016-06-27 16:09:49+00:00,3348,agramfort
2016-06-28 09:10:03+00:00,3199,jaeilepp
2016-06-28 14:45:40+00:00,3353,larsoner
2016-06-28 17:11:27+00:00,3352,larsoner
2016-06-28 19:25:27+00:00,3354,larsoner
2016-06-29 06:41:20+00:00,3342,agramfort
2016-06-29 06:54:26+00:00,3273,agramfort
2016-06-29 14:28:47+00:00,3290,larsoner
2016-06-30 07:10:52+00:00,3364,jaeilepp
2016-06-30 09:14:33+00:00,3368,jaeilepp
2016-06-30 09:31:10+00:00,3360,agramfort
2016-07-01 19:48:01+00:00,3365,agramfort
2016-07-01 20:10:06+00:00,3376,agramfort
2016-07-01 20:11:56+00:00,3373,agramfort
2016-07-02 14:08:18+00:00,3379,agramfort
2016-07-04 15:31:34+00:00,3374,agramfort
2016-07-04 15:32:50+00:00,3372,agramfort
2016-07-05 08:08:33+00:00,3349,agramfort
2016-07-05 13:48:43+00:00,3335,dengemann
2016-07-05 20:45:50+00:00,3375,agramfort
2016-07-05 21:21:38+00:00,3384,agramfort
2016-07-06 07:27:11+00:00,3387,agramfort
2016-07-06 07:43:23+00:00,3382,dengemann
2016-07-06 08:06:05+00:00,3390,agramfort
2016-07-06 10:05:41+00:00,3392,agramfort
2016-07-06 10:13:49+00:00,3394,agramfort
2016-07-06 12:15:43+00:00,3377,agramfort
2016-07-06 12:49:39+00:00,3389,agramfort
2016-07-07 16:17:43+00:00,3391,larsoner
2016-07-07 19:31:39+00:00,3402,agramfort
2016-07-08 02:17:51+00:00,3350,larsoner
2016-07-08 05:27:23+00:00,3403,agramfort
2016-07-08 07:30:22+00:00,3404,jaeilepp
2016-07-08 17:40:10+00:00,3396,agramfort
2016-07-08 17:51:11+00:00,3398,larsoner
2016-07-11 07:07:23+00:00,3408,agramfort
2016-07-11 13:34:48+00:00,3407,larsoner
2016-07-11 14:14:21+00:00,3414,agramfort
2016-07-11 14:15:32+00:00,3415,agramfort
2016-07-12 19:17:13+00:00,3418,larsoner
2016-07-13 13:15:33+00:00,3332,jaeilepp
2016-07-13 14:53:28+00:00,3309,larsoner
2016-07-13 19:10:07+00:00,3423,jaeilepp
2016-07-14 07:52:24+00:00,3422,agramfort
2016-07-14 21:16:59+00:00,3245,dengemann
2016-07-18 20:40:22+00:00,3431,larsoner
2016-07-18 21:08:31+00:00,3397,larsoner
2016-07-19 00:46:53+00:00,3355,larsoner
2016-07-19 18:29:31+00:00,3436,larsoner
2016-07-19 22:42:16+00:00,3434,agramfort
2016-07-19 22:45:44+00:00,3437,agramfort
2016-07-20 02:55:58+00:00,3439,larsoner
2016-07-20 21:50:17+00:00,3438,larsoner
2016-07-21 02:53:43+00:00,3443,larsoner
2016-07-21 13:43:06+00:00,3440,agramfort
2016-07-24 08:20:37+00:00,3448,agramfort
2016-07-24 18:33:26+00:00,3452,larsoner
2016-07-25 15:08:42+00:00,3453,agramfort
2016-07-26 05:11:24+00:00,3456,larsoner
2016-07-26 07:45:49+00:00,3429,agramfort
2016-07-26 21:36:30+00:00,3409,agramfort
2016-07-26 21:40:56+00:00,3446,agramfort
2016-07-27 02:10:24+00:00,3371,larsoner
2016-07-27 02:57:16+00:00,3320,larsoner
2016-07-27 08:41:09+00:00,3425,agramfort
2016-07-27 22:34:23+00:00,3462,larsoner
2016-07-28 08:06:53+00:00,3450,agramfort
2016-07-29 09:41:38+00:00,3449,agramfort
2016-07-29 09:42:22+00:00,3469,agramfort
2016-07-30 08:10:30+00:00,3381,dengemann
2016-07-31 13:01:55+00:00,3457,agramfort
2016-08-02 07:15:35+00:00,3477,agramfort
2016-08-03 08:11:32+00:00,3476,agramfort
2016-08-03 14:37:44+00:00,3481,agramfort
2016-08-04 07:43:12+00:00,3486,agramfort
2016-08-05 01:52:30+00:00,3491,larsoner
2016-08-05 19:15:38+00:00,3492,larsoner
2016-08-06 10:15:19+00:00,3485,agramfort
2016-08-06 14:41:10+00:00,3497,agramfort
2016-08-06 14:49:39+00:00,3494,agramfort
2016-08-06 16:27:40+00:00,3490,larsoner
2016-08-06 16:29:09+00:00,3400,larsoner
2016-08-07 13:08:39+00:00,3498,agramfort
2016-08-08 11:47:34+00:00,3489,agramfort
2016-08-08 13:09:19+00:00,3488,agramfort
2016-08-08 13:50:14+00:00,3487,larsoner
2016-08-09 13:19:14+00:00,3504,larsoner
2016-08-09 14:11:18+00:00,3506,larsoner
2016-08-09 16:52:01+00:00,3500,larsoner
2016-08-09 17:54:15+00:00,3501,larsoner
2016-08-10 16:07:26+00:00,3479,agramfort
2016-08-11 16:39:41+00:00,3505,agramfort
2016-08-12 08:26:35+00:00,3511,agramfort
2016-08-12 23:08:35+00:00,3514,agramfort
2016-08-15 08:53:04+00:00,3496,agramfort
2016-08-16 10:21:07+00:00,3510,jasmainak
2016-08-17 20:03:22+00:00,3520,agramfort
2016-08-18 09:42:22+00:00,3524,agramfort
2016-08-18 15:10:56+00:00,3522,larsoner
2016-08-19 07:56:40+00:00,3517,agramfort
2016-08-22 17:36:13+00:00,3383,larsoner
2016-08-23 13:37:21+00:00,3526,agramfort
2016-08-26 17:07:44+00:00,3530,agramfort
2016-08-27 10:06:31+00:00,3534,agramfort
2016-08-29 16:37:44+00:00,3532,agramfort
2016-08-29 21:17:06+00:00,3544,larsoner
2016-08-30 15:03:53+00:00,3413,jaeilepp
2016-08-31 06:26:34+00:00,3472,agramfort
2016-08-31 06:29:28+00:00,3546,agramfort
2016-08-31 13:48:21+00:00,3535,jaeilepp
2016-09-01 18:16:13+00:00,3553,larsoner
2016-09-02 08:05:55+00:00,3561,agramfort
2016-09-02 08:09:08+00:00,3559,agramfort
2016-09-02 11:14:23+00:00,3551,jasmainak
2016-09-02 11:51:35+00:00,3560,larsoner
2016-09-05 20:05:02+00:00,3557,agramfort
2016-09-07 07:53:03+00:00,3540,agramfort
2016-09-07 17:18:27+00:00,3568,agramfort
2016-09-08 11:16:56+00:00,3575,agramfort
2016-09-08 21:57:14+00:00,3581,kingjr
2016-09-09 16:52:46+00:00,3580,larsoner
2016-09-09 19:09:05+00:00,3587,larsoner
2016-09-10 12:25:13+00:00,3576,agramfort
2016-09-10 13:26:18+00:00,3574,agramfort
2016-09-12 07:20:06+00:00,3589,agramfort
2016-09-12 15:28:42+00:00,3246,agramfort
2016-09-13 12:59:13+00:00,3586,agramfort
2016-09-13 19:41:06+00:00,3564,agramfort
2016-09-15 05:28:32+00:00,3545,agramfort
2016-09-15 18:42:51+00:00,3463,larsoner
2016-09-15 19:37:07+00:00,3594,agramfort
2016-09-16 14:12:43+00:00,3593,larsoner
2016-09-16 14:43:16+00:00,3595,agramfort
2016-09-17 15:30:00+00:00,3596,agramfort
2016-09-19 16:36:25+00:00,3602,kingjr
2016-09-21 20:13:38+00:00,3606,agramfort
2016-09-22 13:25:46+00:00,3600,larsoner
2016-09-22 17:03:10+00:00,3612,larsoner
2016-09-23 13:11:36+00:00,3610,larsoner
2016-09-24 20:05:33+00:00,3205,agramfort
2016-09-25 14:42:10+00:00,3614,agramfort
2016-09-25 21:54:29+00:00,3502,kingjr
2016-09-26 15:28:45+00:00,3603,agramfort
2016-09-26 19:21:00+00:00,3616,agramfort
2016-09-26 20:36:44+00:00,3617,kingjr
2016-09-29 13:13:15+00:00,3620,larsoner
2016-10-01 08:48:19+00:00,3630,agramfort
2016-10-02 11:10:46+00:00,3622,larsoner
2016-10-05 07:40:27+00:00,3628,agramfort
2016-10-06 00:04:58+00:00,3637,agramfort
2016-10-07 06:28:47+00:00,3634,jaeilepp
2016-10-08 01:43:25+00:00,3653,agramfort
2016-10-10 05:39:05+00:00,3649,jaeilepp
2016-10-11 11:28:41+00:00,3655,christianbrodbeck
2016-10-11 11:29:37+00:00,3650,jaeilepp
2016-10-12 07:49:38+00:00,3659,jaeilepp
2016-10-13 15:14:55+00:00,3646,agramfort
2016-10-13 15:34:10+00:00,3644,agramfort
2016-10-13 18:21:10+00:00,3660,larsoner
2016-10-14 08:04:28+00:00,3656,agramfort
2016-10-14 15:42:38+00:00,3662,agramfort
2016-10-14 16:01:39+00:00,3648,agramfort
2016-10-17 05:50:13+00:00,3661,jaeilepp
2016-10-18 07:29:16+00:00,3613,agramfort
2016-10-18 14:22:59+00:00,3670,larsoner
2016-10-18 19:14:00+00:00,3549,agramfort
2016-10-24 15:34:39+00:00,3689,larsoner
2016-10-25 08:25:11+00:00,3690,agramfort
2016-10-25 14:24:24+00:00,3685,agramfort
2016-10-25 21:58:34+00:00,3677,jasmainak
2016-10-26 04:58:43+00:00,3698,agramfort
2016-10-27 09:33:17+00:00,3704,agramfort
2016-10-27 21:32:55+00:00,3705,jasmainak
2016-10-28 08:18:40+00:00,3694,jaeilepp
2016-10-28 23:14:19+00:00,3710,larsoner
2016-10-29 09:15:01+00:00,3707,agramfort
2016-10-31 17:01:31+00:00,3675,kingjr
2016-11-01 13:33:44+00:00,3714,agramfort
2016-11-01 14:53:09+00:00,3716,larsoner
2016-11-02 08:22:50+00:00,3706,agramfort
2016-11-02 12:28:50+00:00,3721,agramfort
2016-11-02 16:15:29+00:00,3713,agramfort
2016-11-03 13:17:57+00:00,3727,agramfort
2016-11-03 17:14:37+00:00,3687,agramfort
2016-11-04 13:29:22+00:00,3732,larsoner
2016-11-05 08:03:49+00:00,3730,agramfort
2016-11-05 13:18:39+00:00,3737,agramfort
2016-11-06 20:45:01+00:00,3743,dengemann
2016-11-07 07:51:14+00:00,3734,agramfort
2016-11-07 14:26:51+00:00,3712,kingjr
2016-11-07 20:12:48+00:00,3724,agramfort
2016-11-07 20:13:52+00:00,3745,agramfort
2016-11-08 06:36:07+00:00,3748,jaeilepp
2016-11-08 12:32:37+00:00,3738,jasmainak
2016-11-10 21:21:37+00:00,3751,agramfort
2016-11-11 14:00:39+00:00,3758,larsoner
2016-11-11 20:55:18+00:00,3760,agramfort
2016-11-12 08:32:13+00:00,3763,agramfort
2016-11-12 12:42:11+00:00,3762,agramfort
2016-11-12 12:43:27+00:00,3750,agramfort
2016-11-13 01:54:51+00:00,3765,larsoner
2016-11-13 08:58:05+00:00,3759,agramfort
2016-11-17 09:09:15+00:00,3741,agramfort
2016-11-17 16:02:08+00:00,3756,larsoner
2016-11-17 20:55:22+00:00,3775,dengemann
2016-11-18 07:26:50+00:00,3776,jaeilepp
2016-11-18 08:12:50+00:00,3766,agramfort
2016-11-18 11:30:01+00:00,3773,agramfort
2016-11-19 08:13:39+00:00,3777,agramfort
2016-11-19 10:02:00+00:00,3718,agramfort
2016-11-21 20:10:15+00:00,3779,agramfort
2016-11-22 04:13:29+00:00,3747,larsoner
2016-11-22 08:59:03+00:00,3771,jaeilepp
2016-11-22 14:58:15+00:00,3782,larsoner
2016-11-23 07:36:55+00:00,3783,agramfort
2016-11-24 08:31:45+00:00,3778,agramfort
2016-11-25 19:38:45+00:00,3793,agramfort
2016-11-27 02:40:36+00:00,3780,larsoner
2016-11-27 15:05:40+00:00,3794,agramfort
2016-11-28 20:10:04+00:00,3752,agramfort
2016-11-29 10:13:07+00:00,3796,jona-sassenhagen
2016-11-29 10:49:25+00:00,3798,jaeilepp
2016-11-29 14:00:59+00:00,3800,larsoner
2016-11-29 15:05:24+00:00,3802,larsoner
2016-11-29 17:09:34+00:00,3803,larsoner
2016-11-29 21:51:56+00:00,3805,jona-sassenhagen
2016-11-30 06:56:24+00:00,3749,teonbrooks
2016-12-02 17:51:24+00:00,3815,larsoner
2016-12-02 19:06:58+00:00,3806,larsoner
2016-12-06 06:01:58+00:00,3817,jaeilepp
2016-12-06 15:52:25+00:00,3754,larsoner
2016-12-07 16:49:04+00:00,3792,agramfort
2016-12-07 17:14:28+00:00,3797,larsoner
2016-12-08 21:37:48+00:00,3825,larsoner
2016-12-09 09:44:21+00:00,3829,jaeilepp
2016-12-12 10:55:39+00:00,3835,agramfort
2016-12-12 21:42:25+00:00,3831,agramfort
2016-12-12 21:44:25+00:00,3836,agramfort
2016-12-13 09:56:42+00:00,3808,agramfort
2016-12-13 11:02:19+00:00,3828,agramfort
2016-12-13 13:21:59+00:00,3834,kingjr
2016-12-13 15:56:02+00:00,3818,agramfort
2016-12-13 16:55:57+00:00,3843,larsoner
2016-12-13 17:44:54+00:00,3826,agramfort
2016-12-14 09:01:59+00:00,3813,agramfort
2016-12-14 20:30:48+00:00,3823,agramfort
2016-12-15 12:46:54+00:00,3848,agramfort
2016-12-15 14:31:56+00:00,3744,larsoner
2016-12-16 14:29:11+00:00,3851,larsoner
2016-12-16 21:07:19+00:00,3845,agramfort
2016-12-19 14:31:07+00:00,3833,agramfort
2016-12-20 15:12:48+00:00,3638,larsoner
2016-12-20 20:13:36+00:00,3868,larsoner
2016-12-21 10:14:09+00:00,3867,agramfort
2016-12-21 10:15:46+00:00,3865,agramfort
2016-12-21 10:16:50+00:00,3866,agramfort
2016-12-21 15:00:51+00:00,3860,agramfort
2016-12-22 15:21:01+00:00,3872,larsoner
2016-12-22 15:58:12+00:00,3861,agramfort
2016-12-22 17:08:08+00:00,3874,agramfort
2016-12-31 12:51:46+00:00,3626,agramfort
2017-01-04 14:35:37+00:00,3881,agramfort
2017-01-08 18:25:26+00:00,3885,agramfort
2017-01-09 06:52:17+00:00,3873,jaeilepp
2017-01-09 10:47:15+00:00,3715,agramfort
2017-01-10 09:22:11+00:00,3888,jaeilepp
2017-01-11 15:01:47+00:00,3892,larsoner
2017-01-12 14:47:25+00:00,3899,agramfort
2017-01-12 15:21:33+00:00,3898,larsoner
2017-01-13 06:33:21+00:00,3729,jaeilepp
2017-01-13 13:27:56+00:00,3895,agramfort
2017-01-16 13:28:17+00:00,3887,jaeilepp
2017-01-17 06:33:34+00:00,3909,jaeilepp
2017-01-17 14:25:25+00:00,3896,agramfort
2017-01-17 15:28:17+00:00,3772,agramfort
2017-01-18 20:21:05+00:00,3910,agramfort
2017-01-19 10:18:38+00:00,3912,agramfort
2017-01-19 14:43:45+00:00,3904,larsoner
2017-01-20 05:13:49+00:00,3913,agramfort
2017-01-20 15:04:42+00:00,3920,larsoner
2017-01-23 14:08:46+00:00,3905,larsoner
2017-01-23 15:09:04+00:00,3923,larsoner
2017-01-23 19:28:10+00:00,3918,dengemann
2017-01-24 14:16:44+00:00,3911,larsoner
2017-01-24 17:58:43+00:00,3927,larsoner
2017-01-25 15:32:04+00:00,3929,larsoner
2017-01-25 17:14:09+00:00,3924,kingjr
2017-01-25 21:50:11+00:00,3931,larsoner
2017-01-27 21:05:48+00:00,3936,agramfort
2017-01-28 02:51:20+00:00,3935,larsoner
2017-01-29 16:01:18+00:00,3942,larsoner
2017-01-29 17:11:39+00:00,3941,agramfort
2017-01-30 07:13:52+00:00,3943,jaeilepp
2017-01-30 10:30:00+00:00,3821,agramfort
2017-01-30 15:36:24+00:00,3944,agramfort
2017-01-30 19:43:21+00:00,3940,larsoner
2017-01-30 21:23:20+00:00,3937,agramfort
2017-01-31 21:05:26+00:00,3947,larsoner
2017-02-02 07:19:25+00:00,3955,jaeilepp
2017-02-02 20:34:19+00:00,3954,agramfort
2017-02-03 08:44:53+00:00,3959,agramfort
2017-02-03 13:20:23+00:00,3950,agramfort
2017-02-05 01:33:25+00:00,3964,larsoner
2017-02-06 13:45:44+00:00,3968,agramfort
2017-02-07 12:57:22+00:00,3958,jasmainak
2017-02-07 17:54:57+00:00,3973,larsoner
2017-02-07 20:36:45+00:00,3972,agramfort
2017-02-09 15:32:22+00:00,3946,agramfort
2017-02-11 08:12:37+00:00,3980,agramfort
2017-02-12 07:51:43+00:00,3982,agramfort
2017-02-13 21:17:26+00:00,3975,agramfort
2017-02-13 21:48:42+00:00,3984,larsoner
2017-02-14 14:57:46+00:00,3986,larsoner
2017-02-16 16:12:13+00:00,3989,larsoner
2017-02-17 01:04:14+00:00,3948,larsoner
2017-02-17 13:42:38+00:00,3994,agramfort
2017-02-20 09:02:38+00:00,3995,agramfort
2017-02-20 15:56:29+00:00,3991,christianbrodbeck
2017-02-20 16:02:58+00:00,3983,larsoner
2017-02-20 21:22:56+00:00,3962,dengemann
2017-02-21 14:36:50+00:00,3949,kingjr
2017-02-21 18:00:49+00:00,4005,larsoner
2017-02-21 18:05:25+00:00,3999,larsoner
2017-02-22 12:15:41+00:00,4006,agramfort
2017-02-22 15:00:44+00:00,4004,larsoner
2017-02-23 20:07:05+00:00,3789,larsoner
2017-02-24 14:26:28+00:00,4014,larsoner
2017-02-24 15:14:26+00:00,4003,larsoner
2017-02-24 15:25:56+00:00,3967,larsoner
2017-02-24 15:55:59+00:00,3993,larsoner
2017-02-24 17:31:42+00:00,4013,larsoner
2017-02-24 20:39:08+00:00,3466,larsoner
2017-02-24 21:25:20+00:00,4015,larsoner
2017-02-24 21:30:19+00:00,4009,larsoner
2017-02-24 21:30:34+00:00,4010,agramfort
2017-02-26 15:13:01+00:00,4018,agramfort
2017-02-27 08:30:10+00:00,4007,agramfort
2017-02-28 10:45:38+00:00,4022,agramfort
2017-02-28 18:59:37+00:00,4023,larsoner
2017-03-01 11:35:10+00:00,3922,jaeilepp
2017-03-01 15:22:55+00:00,3966,larsoner
2017-03-02 08:35:36+00:00,4029,agramfort
2017-03-03 18:58:44+00:00,4030,larsoner
2017-03-08 14:23:39+00:00,4040,larsoner
2017-03-10 17:24:06+00:00,4048,larsoner
2017-03-11 13:10:24+00:00,4052,agramfort
2017-03-12 13:31:16+00:00,4025,agramfort
2017-03-13 06:15:57+00:00,3965,jaeilepp
2017-03-13 09:11:20+00:00,4046,agramfort
2017-03-13 13:25:18+00:00,4047,agramfort
2017-03-13 18:51:08+00:00,4062,larsoner
2017-03-14 18:49:03+00:00,4063,larsoner
2017-03-14 19:58:05+00:00,4071,larsoner
2017-03-15 06:49:13+00:00,4024,jaeilepp
2017-03-15 09:10:13+00:00,4057,agramfort
2017-03-16 06:29:10+00:00,4074,jaeilepp
2017-03-16 06:56:10+00:00,4043,jaeilepp
2017-03-16 14:19:07+00:00,4064,agramfort
2017-03-16 14:33:26+00:00,4077,larsoner
2017-03-16 15:02:29+00:00,4058,agramfort
2017-03-17 10:47:31+00:00,3977,agramfort
2017-03-17 10:52:52+00:00,4020,agramfort
2017-03-18 09:35:45+00:00,4079,agramfort
2017-03-19 08:10:31+00:00,3854,agramfort
2017-03-19 11:02:01+00:00,4080,agramfort
2017-03-19 11:12:17+00:00,4065,agramfort
2017-03-21 14:46:16+00:00,4042,larsoner
2017-03-22 13:10:12+00:00,4082,larsoner
2017-03-22 14:01:58+00:00,4084,larsoner
2017-03-22 17:38:14+00:00,4031,larsoner
2017-03-23 07:47:34+00:00,4083,agramfort
2017-03-24 15:19:48+00:00,4089,larsoner
2017-03-26 13:47:21+00:00,4090,agramfort
2017-03-26 13:55:16+00:00,4061,agramfort
2017-03-27 18:22:43+00:00,4097,larsoner
2017-03-28 10:27:53+00:00,4104,jaeilepp
2017-03-28 16:49:45+00:00,4109,agramfort
2017-03-28 19:42:13+00:00,4105,agramfort
2017-03-28 21:00:08+00:00,4100,agramfort
2017-03-28 21:04:56+00:00,4111,agramfort
2017-03-28 21:05:24+00:00,4106,larsoner
2017-03-29 02:21:27+00:00,3728,larsoner
2017-03-29 11:07:49+00:00,4098,agramfort
2017-03-29 12:24:18+00:00,4107,agramfort
2017-03-29 13:39:10+00:00,4114,larsoner
2017-03-29 18:26:05+00:00,4099,larsoner
2017-03-29 21:30:18+00:00,4118,larsoner
2017-03-29 22:04:59+00:00,4115,agramfort
2017-03-29 22:07:34+00:00,4121,agramfort
2017-03-29 22:08:19+00:00,4112,larsoner
2017-03-29 22:10:05+00:00,4123,larsoner
2017-03-30 07:09:25+00:00,4120,jaeilepp
2017-03-30 15:47:29+00:00,4135,larsoner
2017-03-30 21:43:33+00:00,2586,larsoner
2017-03-31 21:34:45+00:00,4103,agramfort
2017-04-01 14:57:04+00:00,4139,agramfort
2017-04-03 02:03:32+00:00,4154,agramfort
2017-04-03 02:31:47+00:00,4141,agramfort
2017-04-03 13:31:11+00:00,4152,larsoner
2017-04-03 13:42:11+00:00,4096,larsoner
2017-04-03 14:55:56+00:00,4143,larsoner
2017-04-04 02:09:05+00:00,4158,agramfort
2017-04-04 02:16:32+00:00,4156,agramfort
2017-04-04 23:06:26+00:00,4162,agramfort
2017-04-04 23:11:42+00:00,4132,agramfort
2017-04-05 13:00:11+00:00,4113,jaeilepp
2017-04-06 02:12:38+00:00,4163,dengemann
2017-04-06 13:05:01+00:00,4160,agramfort
2017-04-06 15:36:03+00:00,4145,dengemann
2017-04-07 14:15:11+00:00,4169,larsoner
2017-04-07 14:18:35+00:00,4144,larsoner
2017-04-07 14:20:23+00:00,4168,larsoner
2017-04-11 07:30:23+00:00,4179,agramfort
2017-04-11 07:39:14+00:00,4181,agramfort
2017-04-11 13:17:55+00:00,4167,larsoner
2017-04-11 21:00:18+00:00,4183,dengemann
2017-04-12 00:20:46+00:00,4166,larsoner
2017-04-13 09:36:34+00:00,4186,agramfort
2017-04-13 16:02:51+00:00,4191,larsoner
2017-04-18 09:23:54+00:00,4182,agramfort
2017-04-20 14:05:37+00:00,4204,larsoner
2017-04-20 14:10:54+00:00,4212,larsoner
2017-04-20 14:22:09+00:00,4069,larsoner
2017-04-20 16:46:34+00:00,4203,larsoner
2017-04-20 19:45:21+00:00,4202,agramfort
2017-04-20 20:43:05+00:00,4119,larsoner
2017-04-21 13:00:58+00:00,4210,larsoner
2017-04-25 07:52:36+00:00,4220,agramfort
2017-04-25 13:37:57+00:00,4213,larsoner
2017-04-26 06:10:33+00:00,4225,jona-sassenhagen
2017-04-26 11:40:25+00:00,4223,agramfort
2017-04-28 09:13:12+00:00,4219,agramfort
2017-04-28 11:42:39+00:00,4218,agramfort
2017-04-28 13:51:36+00:00,4081,agramfort
2017-04-28 15:46:26+00:00,4205,larsoner
2017-05-01 09:19:59+00:00,4224,jaeilepp
2017-05-01 15:02:23+00:00,4172,agramfort
2017-05-02 14:00:00+00:00,4173,agramfort
2017-05-02 16:09:59+00:00,4237,larsoner
2017-05-03 15:03:28+00:00,4238,larsoner
2017-05-04 06:51:01+00:00,4236,agramfort
2017-05-04 17:21:07+00:00,4244,agramfort
2017-05-04 19:06:52+00:00,4243,agramfort
2017-05-05 19:39:03+00:00,4248,agramfort
2017-05-05 19:50:24+00:00,4247,agramfort
2017-05-10 07:28:20+00:00,4254,agramfort
2017-05-14 07:37:10+00:00,4258,agramfort
2017-05-16 09:03:50+00:00,4174,agramfort
2017-05-17 07:31:51+00:00,4270,agramfort
2017-05-18 14:09:15+00:00,4274,larsoner
2017-05-19 12:47:48+00:00,4273,jaeilepp
2017-05-20 07:55:19+00:00,4239,agramfort
2017-05-20 18:18:56+00:00,4267,larsoner
2017-05-22 15:08:43+00:00,4278,agramfort
2017-05-23 18:41:54+00:00,4277,agramfort
2017-05-23 18:44:17+00:00,4280,agramfort
2017-05-23 19:03:02+00:00,4250,choldgraf
2017-05-24 08:17:00+00:00,4281,agramfort
2017-05-29 15:01:22+00:00,4187,agramfort
2017-05-29 20:49:38+00:00,4263,agramfort
2017-05-30 13:40:38+00:00,4276,larsoner
2017-05-31 18:26:40+00:00,4291,larsoner
2017-06-01 05:25:37+00:00,4294,agramfort
2017-06-01 13:41:20+00:00,4295,larsoner
2017-06-02 08:56:03+00:00,4292,jaeilepp
2017-06-02 15:09:15+00:00,4299,larsoner
2017-06-02 15:15:28+00:00,4271,agramfort
2017-06-03 09:18:58+00:00,4297,agramfort
2017-06-04 16:39:39+00:00,4282,agramfort
2017-06-06 07:33:17+00:00,4300,agramfort
2017-06-07 13:08:22+00:00,4306,larsoner
2017-06-09 07:22:43+00:00,4303,jaeilepp
2017-06-10 06:22:35+00:00,4310,agramfort
2017-06-10 06:23:31+00:00,4307,agramfort
2017-06-10 20:35:28+00:00,3230,dengemann
2017-06-14 15:58:27+00:00,4316,larsoner
2017-06-19 12:31:23+00:00,4324,dengemann
2017-06-20 09:31:31+00:00,4325,agramfort
2017-06-20 19:40:16+00:00,4322,larsoner
2017-06-23 04:43:36+00:00,4315,larsoner
2017-06-23 13:12:16+00:00,4339,larsoner
2017-06-23 14:28:49+00:00,4341,agramfort
2017-06-24 03:52:06+00:00,4337,agramfort
2017-06-24 04:02:32+00:00,4345,agramfort
2017-06-25 22:13:26+00:00,4138,agramfort
2017-06-25 22:52:38+00:00,4346,agramfort
2017-06-26 14:00:41+00:00,4348,agramfort
2017-06-26 17:23:02+00:00,4351,agramfort
2017-06-27 16:29:26+00:00,4349,larsoner
2017-06-27 23:16:09+00:00,4354,larsoner
2017-06-28 17:06:24+00:00,4358,agramfort
2017-06-29 08:06:57+00:00,4357,larsoner
2017-06-29 08:42:14+00:00,4293,jaeilepp
2017-07-03 07:14:27+00:00,4365,jaeilepp
2017-07-04 19:06:33+00:00,4371,agramfort
2017-07-05 14:43:21+00:00,4298,agramfort
2017-07-06 07:13:53+00:00,4362,jaeilepp
2017-07-06 17:06:47+00:00,4373,agramfort
2017-07-09 08:01:56+00:00,4363,agramfort
2017-07-10 11:48:19+00:00,4193,agramfort
2017-07-10 17:22:41+00:00,4376,larsoner
2017-07-11 11:59:07+00:00,4356,agramfort
2017-07-11 21:09:11+00:00,4333,agramfort
2017-07-11 21:14:06+00:00,4017,agramfort
2017-07-12 12:10:38+00:00,4379,agramfort
2017-07-12 12:16:31+00:00,4086,agramfort
2017-07-13 12:52:27+00:00,4380,agramfort
2017-07-13 19:44:27+00:00,4321,agramfort
2017-07-15 19:26:24+00:00,4285,agramfort
2017-07-15 20:08:21+00:00,4384,agramfort
2017-07-17 17:21:10+00:00,4387,agramfort
2017-07-18 13:30:07+00:00,4394,agramfort
2017-07-19 13:47:34+00:00,4399,larsoner
2017-07-19 14:20:17+00:00,4388,larsoner
2017-07-19 19:21:55+00:00,4406,jona-sassenhagen
2017-07-20 07:49:48+00:00,4296,agramfort
2017-07-20 14:26:11+00:00,4400,mmagnuski
2017-07-20 14:41:52+00:00,4382,larsoner
2017-07-24 07:24:20+00:00,4413,agramfort
2017-07-25 06:57:11+00:00,4416,agramfort
2017-07-25 19:46:51+00:00,4401,larsoner
2017-07-25 21:16:42+00:00,4389,dengemann
2017-07-26 01:31:07+00:00,4347,larsoner
2017-07-26 07:09:11+00:00,4326,agramfort
2017-07-27 07:41:32+00:00,4428,jaeilepp
2017-07-27 14:33:18+00:00,4432,agramfort
2017-07-28 02:58:13+00:00,4427,larsoner
2017-07-28 02:58:37+00:00,4422,larsoner
2017-07-28 09:10:09+00:00,4424,dengemann
2017-07-28 12:41:11+00:00,4433,agramfort
2017-07-28 21:33:14+00:00,4437,agramfort
2017-07-30 19:15:51+00:00,4439,agramfort
2017-07-30 20:52:24+00:00,4355,larsoner
2017-07-31 19:52:13+00:00,4440,agramfort
2017-08-01 07:26:46+00:00,4426,jaeilepp
2017-08-01 10:12:18+00:00,4443,agramfort
2017-08-01 13:32:25+00:00,4442,agramfort
2017-08-02 14:53:54+00:00,4435,larsoner
2017-08-02 15:17:46+00:00,4448,larsoner
2017-08-03 06:39:25+00:00,4449,jaeilepp
2017-08-03 07:55:30+00:00,4444,agramfort
2017-08-03 07:59:14+00:00,4332,agramfort
2017-08-03 11:57:15+00:00,4453,agramfort
2017-08-03 12:17:53+00:00,4447,mmagnuski
2017-08-03 19:19:03+00:00,4451,larsoner
2017-08-04 12:53:40+00:00,4460,agramfort
2017-08-04 23:18:15+00:00,4458,larsoner
2017-08-05 19:00:10+00:00,4456,larsoner
2017-08-06 03:19:20+00:00,4405,larsoner
2017-08-06 10:55:31+00:00,4464,agramfort
2017-08-06 12:38:18+00:00,4466,larsoner
2017-08-08 15:54:03+00:00,4468,larsoner
2017-08-10 13:58:30+00:00,4476,larsoner
2017-08-14 13:25:44+00:00,4483,larsoner
2017-08-14 14:37:16+00:00,4482,larsoner
2017-08-14 19:25:58+00:00,4488,larsoner
2017-08-14 19:26:42+00:00,4487,larsoner
2017-08-15 13:59:31+00:00,4490,larsoner
2017-08-16 14:51:13+00:00,4461,larsoner
2017-08-16 14:54:44+00:00,4485,larsoner
2017-08-16 16:20:36+00:00,4470,larsoner
2017-08-16 16:31:59+00:00,4465,agramfort
2017-08-16 17:53:13+00:00,4429,larsoner
2017-08-16 20:08:45+00:00,4492,larsoner
2017-08-17 00:13:56+00:00,4418,larsoner
2017-08-17 13:08:41+00:00,4495,agramfort
2017-08-18 01:41:48+00:00,4500,larsoner
2017-08-18 13:37:57+00:00,3842,larsoner
2017-08-19 12:48:50+00:00,4504,agramfort
2017-08-21 06:55:38+00:00,4505,agramfort
2017-08-22 14:28:33+00:00,4509,larsoner
2017-08-24 13:59:53+00:00,4515,larsoner
2017-08-25 21:24:09+00:00,4510,agramfort
2017-08-29 15:06:49+00:00,4478,agramfort
2017-08-30 16:10:17+00:00,4519,jona-sassenhagen
2017-09-02 11:40:20+00:00,4524,agramfort
2017-09-02 16:58:23+00:00,4525,agramfort
2017-09-03 14:53:03+00:00,4527,agramfort
2017-09-04 07:02:31+00:00,4289,agramfort
2017-09-05 06:49:08+00:00,4531,agramfort
2017-09-05 11:52:46+00:00,4528,jona-sassenhagen
2017-09-06 07:38:23+00:00,4535,agramfort
2017-09-06 14:30:29+00:00,4520,agramfort
2017-09-07 08:43:05+00:00,4537,agramfort
2017-09-07 08:48:28+00:00,4539,agramfort
2017-09-08 18:00:40+00:00,4512,larsoner
2017-09-11 14:15:02+00:00,4536,dengemann
2017-09-11 18:06:16+00:00,4542,agramfort
2017-09-12 06:49:43+00:00,4547,agramfort
2017-09-12 06:52:48+00:00,4543,agramfort
2017-09-12 15:01:49+00:00,4541,larsoner
2017-09-13 06:48:52+00:00,4549,wmvanvliet
2017-09-13 19:08:03+00:00,4552,larsoner
2017-09-14 09:05:32+00:00,4548,agramfort
2017-09-14 15:46:52+00:00,4550,choldgraf
2017-09-15 13:21:57+00:00,4560,larsoner
2017-09-15 16:22:42+00:00,4559,larsoner
2017-09-16 21:35:12+00:00,4563,larsoner
2017-09-17 11:03:35+00:00,4567,agramfort
2017-09-17 19:23:43+00:00,4571,larsoner
2017-09-19 13:44:22+00:00,4561,agramfort
2017-09-19 14:29:55+00:00,4544,larsoner
2017-09-19 15:19:57+00:00,4566,larsoner
2017-09-20 01:56:26+00:00,4581,larsoner
2017-09-20 07:56:41+00:00,4441,agramfort
2017-09-20 12:50:57+00:00,4576,agramfort
2017-09-20 13:03:00+00:00,4569,agramfort
2017-09-21 05:50:42+00:00,4588,agramfort
2017-09-21 05:54:21+00:00,4587,agramfort
2017-09-21 14:53:40+00:00,4565,agramfort
2017-09-21 15:03:51+00:00,4590,agramfort
2017-09-21 15:11:14+00:00,4583,larsoner
2017-09-21 15:43:25+00:00,4546,larsoner
2017-09-22 07:29:08+00:00,4582,agramfort
2017-09-22 12:12:13+00:00,4591,agramfort
2017-09-22 15:20:32+00:00,4593,larsoner
2017-09-23 03:14:05+00:00,4598,larsoner
2017-09-23 08:07:11+00:00,4597,agramfort
2017-09-23 08:16:35+00:00,4596,agramfort
2017-09-25 07:46:40+00:00,4595,agramfort
2017-09-25 07:52:51+00:00,4585,agramfort
2017-09-25 13:24:30+00:00,4592,larsoner
2017-09-25 15:26:02+00:00,4600,agramfort
2017-09-25 17:18:28+00:00,4602,larsoner
2017-09-26 13:24:08+00:00,4562,larsoner
2017-09-26 16:16:58+00:00,4608,larsoner
2017-09-26 20:30:34+00:00,4610,larsoner
2017-09-27 02:09:37+00:00,4609,larsoner
2017-09-27 06:09:47+00:00,4611,agramfort
2017-09-27 13:28:13+00:00,4616,agramfort
2017-09-27 13:34:46+00:00,4170,larsoner
2017-09-27 19:21:24+00:00,4603,agramfort
2017-09-28 20:32:56+00:00,4619,agramfort
2017-09-28 20:38:41+00:00,4620,agramfort
2017-09-28 20:48:52+00:00,4383,agramfort
2017-09-29 00:21:35+00:00,4570,larsoner
2017-09-29 00:50:54+00:00,4625,larsoner
2017-09-29 04:09:45+00:00,4624,larsoner
2017-09-29 09:38:45+00:00,4622,agramfort
2017-09-29 15:24:11+00:00,4626,larsoner
2017-09-29 21:37:20+00:00,4618,agramfort
2017-09-30 00:03:38+00:00,4601,larsoner
2017-10-01 06:52:28+00:00,4628,agramfort
2017-10-01 19:04:14+00:00,4629,larsoner
2017-10-02 02:00:47+00:00,4630,larsoner
2017-10-03 07:51:58+00:00,4632,agramfort
2017-10-03 10:48:35+00:00,4638,agramfort
2017-10-03 12:07:07+00:00,4636,agramfort
2017-10-03 16:16:56+00:00,4640,kingjr
2017-10-04 15:46:21+00:00,4644,larsoner
2017-10-04 20:21:27+00:00,4645,agramfort
2017-10-09 18:38:35+00:00,4641,agramfort
2017-10-11 07:50:04+00:00,4652,agramfort
2017-10-11 14:30:23+00:00,4657,agramfort
2017-10-11 16:02:09+00:00,4656,larsoner
2017-10-11 18:18:58+00:00,4635,agramfort
2017-10-12 13:24:54+00:00,4633,larsoner
2017-10-12 18:34:42+00:00,4661,agramfort
2017-10-13 14:14:43+00:00,4654,larsoner
2017-10-13 14:52:41+00:00,4662,agramfort
2017-10-16 14:55:04+00:00,4666,larsoner
2017-10-17 09:20:13+00:00,4668,agramfort
2017-10-17 09:27:44+00:00,4664,agramfort
2017-10-17 13:58:54+00:00,4665,larsoner
2017-10-17 14:33:37+00:00,4617,larsoner
2017-10-17 14:37:53+00:00,4672,larsoner
2017-10-18 13:29:46+00:00,4677,larsoner
2017-10-18 22:44:57+00:00,4669,larsoner
2017-10-19 01:03:13+00:00,4679,larsoner
2017-10-19 01:07:15+00:00,4681,larsoner
2017-10-19 14:01:49+00:00,4683,larsoner
2017-10-19 18:30:48+00:00,4414,larsoner
2017-10-20 08:11:52+00:00,4684,agramfort
2017-10-20 18:47:39+00:00,4688,larsoner
2017-10-20 19:25:29+00:00,4687,larsoner
2017-10-24 15:40:41+00:00,4698,larsoner
2017-10-24 20:55:30+00:00,4702,larsoner
2017-10-25 06:01:35+00:00,4703,agramfort
2017-10-25 06:03:47+00:00,4705,agramfort
2017-10-25 10:01:34+00:00,4707,agramfort
2017-10-26 09:49:57+00:00,4711,agramfort
2017-10-26 11:24:41+00:00,4706,agramfort
2017-10-26 18:00:34+00:00,4708,larsoner
2017-10-26 18:02:27+00:00,4696,larsoner
2017-10-27 15:42:58+00:00,4713,larsoner
2017-10-29 15:34:08+00:00,4701,agramfort
2017-10-31 19:45:19+00:00,4718,larsoner
2017-11-01 15:11:29+00:00,4721,larsoner
2017-11-02 18:21:00+00:00,4716,larsoner
2017-11-05 09:24:25+00:00,4729,agramfort
2017-11-08 10:11:25+00:00,4737,agramfort
2017-11-08 13:49:55+00:00,4733,larsoner
2017-11-09 08:33:09+00:00,4744,agramfort
2017-11-09 08:34:21+00:00,4739,agramfort
2017-11-09 08:46:53+00:00,4735,agramfort
2017-11-09 15:07:15+00:00,4740,larsoner
2017-11-09 15:14:46+00:00,4692,larsoner
2017-11-11 17:33:04+00:00,4745,larsoner
2017-11-14 16:43:13+00:00,4751,larsoner
2017-11-15 01:32:27+00:00,4752,larsoner
2017-11-15 14:09:56+00:00,4725,larsoner
2017-11-15 14:39:51+00:00,4758,larsoner
2017-11-16 14:56:14+00:00,4743,larsoner
2017-11-20 14:53:44+00:00,4763,larsoner
2017-11-20 18:08:00+00:00,4756,larsoner
2017-11-20 18:18:38+00:00,4765,larsoner
2017-11-21 14:25:53+00:00,4767,larsoner
2017-11-22 06:24:14+00:00,4755,larsoner
2017-11-22 13:30:40+00:00,4772,agramfort
2017-11-24 13:33:02+00:00,4778,larsoner
2017-11-24 18:38:28+00:00,4773,larsoner
2017-11-27 14:27:38+00:00,4782,larsoner
2017-11-28 13:38:54+00:00,4786,agramfort
2017-11-28 14:34:16+00:00,4761,larsoner
2017-11-28 15:06:43+00:00,4646,larsoner
2017-11-29 12:27:08+00:00,4785,agramfort
2017-11-29 13:08:21+00:00,4775,agramfort
2017-11-29 14:17:40+00:00,4781,larsoner
2017-11-29 14:27:07+00:00,4791,larsoner
2017-11-29 18:22:05+00:00,4789,larsoner
2017-11-29 18:22:25+00:00,4787,larsoner
2017-11-29 20:27:48+00:00,4790,larsoner
2017-11-29 23:33:24+00:00,4794,larsoner
2017-11-29 23:33:59+00:00,4793,larsoner
2017-12-01 13:10:44+00:00,4800,agramfort
2017-12-01 13:58:20+00:00,4803,larsoner
2017-12-01 14:56:15+00:00,4801,agramfort
2017-12-03 02:37:08+00:00,4807,larsoner
2017-12-04 23:48:46+00:00,4806,larsoner
2017-12-05 13:56:44+00:00,4809,larsoner
2017-12-05 13:57:35+00:00,4812,larsoner
2017-12-05 16:12:41+00:00,4722,larsoner
2017-12-05 17:21:48+00:00,4811,agramfort
2017-12-05 17:22:38+00:00,4814,larsoner
2017-12-06 16:39:43+00:00,4810,larsoner
2017-12-10 22:38:16+00:00,4825,agramfort
2017-12-12 22:43:38+00:00,4827,jona-sassenhagen
2017-12-14 01:19:42+00:00,4830,larsoner
2017-12-15 21:05:44+00:00,4836,larsoner
2017-12-18 14:30:07+00:00,4838,larsoner
2017-12-19 15:13:14+00:00,4840,larsoner
2017-12-21 15:00:03+00:00,4842,larsoner
2017-12-21 15:01:06+00:00,4846,larsoner
2017-12-21 17:01:25+00:00,4844,larsoner
2017-12-27 10:53:01+00:00,4848,agramfort
2017-12-27 10:56:13+00:00,4845,agramfort
2018-01-10 14:27:30+00:00,4858,larsoner
2018-01-10 18:52:13+00:00,4861,larsoner
2018-01-10 18:52:32+00:00,4860,larsoner
2018-01-10 20:51:32+00:00,4857,larsoner
2018-01-11 21:52:00+00:00,4862,larsoner
2018-01-11 21:52:29+00:00,4866,larsoner
2018-01-11 21:53:03+00:00,4867,larsoner
2018-01-13 09:40:52+00:00,4871,agramfort
2018-01-14 08:13:40+00:00,4868,agramfort
2018-01-18 10:21:13+00:00,4878,agramfort
2018-01-18 20:23:04+00:00,4879,larsoner
2018-01-19 09:00:45+00:00,4881,agramfort
2018-01-19 15:52:47+00:00,4884,agramfort
2018-01-22 15:10:19+00:00,4854,larsoner
2018-01-22 19:54:22+00:00,4886,agramfort
2018-01-23 13:50:01+00:00,4883,agramfort
2018-01-23 13:51:19+00:00,4887,agramfort
2018-01-25 12:18:11+00:00,4891,agramfort
2018-01-26 08:58:44+00:00,4895,agramfort
2018-01-27 12:02:33+00:00,4900,agramfort
2018-01-27 17:56:32+00:00,4903,larsoner
2018-01-27 18:36:59+00:00,4902,larsoner
2018-01-29 21:50:00+00:00,4864,larsoner
2018-01-30 20:19:42+00:00,4905,agramfort
2018-01-31 15:45:35+00:00,4909,larsoner
2018-02-01 20:24:22+00:00,4916,agramfort
2018-02-03 08:33:01+00:00,4915,agramfort
2018-02-03 13:00:29+00:00,4894,larsoner
2018-02-03 15:29:58+00:00,4908,mmagnuski
2018-02-03 20:30:45+00:00,4919,agramfort
2018-02-03 20:47:44+00:00,4918,larsoner
2018-02-04 15:33:05+00:00,4913,agramfort
2018-02-05 14:41:14+00:00,4798,larsoner
2018-02-06 15:31:06+00:00,4911,larsoner
2018-02-06 21:06:38+00:00,4920,mmagnuski
2018-02-07 00:40:07+00:00,4924,larsoner
2018-02-07 12:54:06+00:00,4925,agramfort
2018-02-08 08:05:03+00:00,4921,agramfort
2018-02-08 15:27:35+00:00,4927,agramfort
2018-02-08 16:32:23+00:00,4929,agramfort
2018-02-10 09:25:20+00:00,4932,agramfort
2018-02-11 13:13:02+00:00,4808,agramfort
2018-02-11 13:13:50+00:00,4888,agramfort
2018-02-12 08:42:19+00:00,4934,agramfort
2018-02-12 15:09:40+00:00,4935,larsoner
2018-02-17 12:20:09+00:00,4942,agramfort
2018-02-17 12:31:56+00:00,4704,agramfort
2018-02-17 15:01:58+00:00,4910,agramfort
2018-02-17 15:48:33+00:00,4945,agramfort
2018-02-17 19:39:43+00:00,4946,larsoner
2018-02-21 13:16:12+00:00,4951,larsoner
2018-02-22 14:34:17+00:00,4956,larsoner
2018-02-22 18:22:04+00:00,4960,larsoner
2018-02-23 17:10:56+00:00,4937,larsoner
2018-02-23 17:11:19+00:00,4938,larsoner
2018-02-24 13:32:30+00:00,4965,larsoner
2018-02-26 03:09:50+00:00,4964,larsoner
2018-02-26 04:29:05+00:00,4967,larsoner
2018-02-26 20:28:28+00:00,4969,agramfort
2018-02-27 17:28:44+00:00,4973,larsoner
2018-02-27 20:55:23+00:00,4962,agramfort
2018-02-28 12:05:49+00:00,4976,agramfort
2018-02-28 12:41:18+00:00,4955,larsoner
2018-02-28 12:42:06+00:00,4799,agramfort
2018-02-28 12:42:47+00:00,4974,agramfort
2018-03-04 18:47:03+00:00,4966,larsoner
2018-03-05 15:04:31+00:00,4983,larsoner
2018-03-05 15:53:09+00:00,4985,larsoner
2018-03-05 20:47:25+00:00,4986,agramfort
2018-03-07 14:10:45+00:00,4988,larsoner
2018-03-07 17:43:56+00:00,4997,larsoner
2018-03-07 17:50:06+00:00,4996,larsoner
2018-03-07 21:17:19+00:00,4999,larsoner
2018-03-07 21:17:40+00:00,4995,larsoner
2018-03-08 18:20:45+00:00,5001,larsoner
2018-03-09 14:42:58+00:00,5000,larsoner
2018-03-10 10:28:16+00:00,5006,jona-sassenhagen
2018-03-10 15:28:16+00:00,5007,agramfort
2018-03-14 16:25:51+00:00,5016,larsoner
2018-03-14 21:26:11+00:00,5011,agramfort
2018-03-15 09:48:55+00:00,5019,agramfort
2018-03-23 13:56:15+00:00,5037,agramfort
2018-03-24 07:49:23+00:00,5034,agramfort
2018-03-25 17:00:50+00:00,4993,agramfort
2018-03-26 12:32:51+00:00,5040,agramfort
2018-03-26 12:34:26+00:00,5031,agramfort
2018-03-26 14:32:30+00:00,5042,larsoner
2018-03-26 21:36:09+00:00,5045,larsoner
2018-03-27 00:06:07+00:00,5036,larsoner
2018-03-27 08:59:20+00:00,5043,agramfort
2018-03-27 10:19:39+00:00,5044,agramfort
2018-03-27 12:22:08+00:00,4685,agramfort
2018-03-27 15:40:10+00:00,5039,larsoner
2018-03-28 13:35:04+00:00,5004,larsoner
2018-03-28 17:44:41+00:00,5021,larsoner
2018-03-28 18:09:10+00:00,5051,larsoner
2018-03-29 01:31:57+00:00,5012,larsoner
2018-03-29 01:33:18+00:00,4981,larsoner
2018-03-29 12:02:37+00:00,5056,agramfort
2018-03-29 14:13:15+00:00,5057,larsoner
2018-03-29 14:24:57+00:00,5010,larsoner
2018-03-29 19:09:57+00:00,5052,agramfort
2018-03-30 13:08:45+00:00,5062,larsoner
2018-03-30 14:50:40+00:00,4978,larsoner
2018-03-30 17:15:16+00:00,5055,agramfort
2018-03-30 18:46:50+00:00,5064,larsoner
2018-03-30 19:25:24+00:00,5063,mmagnuski
2018-03-30 19:40:13+00:00,4971,larsoner
2018-04-02 13:25:18+00:00,5048,agramfort
2018-04-02 17:57:46+00:00,5041,larsoner
2018-04-02 22:43:19+00:00,5076,larsoner
2018-04-02 22:47:19+00:00,5078,larsoner
2018-04-02 22:52:12+00:00,5070,jona-sassenhagen
2018-04-03 07:26:41+00:00,5079,agramfort
2018-04-03 13:18:55+00:00,5077,larsoner
2018-04-03 17:18:30+00:00,5065,larsoner
2018-04-03 20:14:04+00:00,5083,agramfort
2018-04-04 09:21:37+00:00,4933,agramfort
2018-04-04 13:10:23+00:00,5090,agramfort
2018-04-04 18:01:06+00:00,5080,larsoner
2018-04-04 19:26:17+00:00,5094,agramfort
2018-04-04 19:27:23+00:00,5093,agramfort
2018-04-04 20:18:41+00:00,5095,larsoner
2018-04-05 07:04:19+00:00,5097,agramfort
2018-04-05 07:11:59+00:00,5099,agramfort
2018-04-05 14:23:48+00:00,5098,larsoner
2018-04-05 18:58:46+00:00,5101,agramfort
2018-04-05 21:04:18+00:00,5100,jona-sassenhagen
2018-04-06 08:53:50+00:00,5103,agramfort
2018-04-06 09:16:26+00:00,4717,agramfort
2018-04-06 09:18:57+00:00,5086,agramfort
2018-04-06 14:22:52+00:00,5092,larsoner
2018-04-08 00:04:20+00:00,4088,larsoner
2018-04-08 19:35:31+00:00,5082,agramfort
2018-04-09 11:31:25+00:00,5106,larsoner
2018-04-09 12:56:47+00:00,5091,agramfort
2018-04-09 15:17:21+00:00,5107,larsoner
2018-04-11 12:05:05+00:00,5113,agramfort
2018-04-12 06:14:02+00:00,5069,wmvanvliet
2018-04-12 16:21:40+00:00,5066,larsoner
2018-04-12 16:24:13+00:00,4344,larsoner
2018-04-12 16:30:06+00:00,5120,larsoner
2018-04-12 18:39:49+00:00,5119,larsoner
2018-04-13 08:52:44+00:00,4990,agramfort
2018-04-13 18:11:23+00:00,5131,agramfort
2018-04-15 15:07:24+00:00,5134,larsoner
2018-04-15 15:08:35+00:00,5126,larsoner
2018-04-15 15:23:06+00:00,5130,larsoner
2018-04-17 16:28:50+00:00,5139,agramfort
2018-04-17 16:49:17+00:00,5035,agramfort
2018-04-18 06:43:35+00:00,5137,cbrnr
2018-04-18 13:21:02+00:00,5140,larsoner
2018-04-18 17:03:59+00:00,5143,agramfort
2018-04-19 13:24:42+00:00,5096,agramfort
2018-04-19 21:37:11+00:00,5114,agramfort
2018-04-19 22:44:11+00:00,5145,agramfort
2018-04-20 10:19:06+00:00,5147,wmvanvliet
2018-04-22 11:39:33+00:00,5125,larsoner
2018-04-23 15:25:31+00:00,5150,larsoner
2018-04-25 07:18:10+00:00,5153,agramfort
2018-04-25 20:50:42+00:00,5156,agramfort
2018-04-26 15:49:44+00:00,5166,larsoner
2018-04-27 07:51:53+00:00,5071,agramfort
2018-04-27 20:27:31+00:00,5132,agramfort
2018-04-28 07:02:03+00:00,5155,agramfort
2018-04-30 15:58:48+00:00,5157,agramfort
2018-04-30 18:30:45+00:00,5133,agramfort
2018-05-01 12:57:07+00:00,5173,agramfort
2018-05-01 14:10:05+00:00,5175,larsoner
2018-05-02 16:05:14+00:00,5174,agramfort
2018-05-03 18:12:06+00:00,5179,larsoner
2018-05-03 18:14:25+00:00,5184,larsoner
2018-05-04 13:53:50+00:00,5188,larsoner
2018-05-05 19:20:18+00:00,5189,agramfort
2018-05-07 09:17:58+00:00,5183,agramfort
2018-05-09 12:13:48+00:00,5177,agramfort
2018-05-09 13:58:25+00:00,5194,larsoner
2018-05-09 20:05:58+00:00,5084,agramfort
2018-05-10 19:38:18+00:00,5197,larsoner
2018-05-10 20:49:26+00:00,5199,larsoner
2018-05-13 14:22:24+00:00,5203,agramfort
2018-05-14 17:00:08+00:00,5198,jona-sassenhagen
2018-05-16 15:34:29+00:00,5213,larsoner
2018-05-16 18:50:17+00:00,5196,larsoner
2018-05-17 15:28:25+00:00,5211,larsoner
2018-05-18 11:59:51+00:00,5216,larsoner
2018-05-21 10:45:40+00:00,5209,agramfort
2018-05-21 15:13:46+00:00,5220,larsoner
2018-05-21 15:28:36+00:00,5215,larsoner
2018-05-22 19:35:15+00:00,5068,agramfort
2018-05-23 17:10:00+00:00,5227,larsoner
2018-05-23 19:14:57+00:00,5228,larsoner
2018-05-28 18:50:44+00:00,5233,agramfort
2018-05-29 19:48:25+00:00,5241,agramfort
2018-05-30 01:56:21+00:00,5232,larsoner
2018-05-30 14:03:19+00:00,5121,jona-sassenhagen
2018-05-30 14:55:31+00:00,5245,larsoner
2018-05-30 17:47:31+00:00,5242,agramfort
2018-05-30 19:20:25+00:00,5239,larsoner
2018-05-30 19:20:48+00:00,5178,larsoner
2018-05-31 07:33:25+00:00,5250,agramfort
2018-05-31 07:54:03+00:00,5246,agramfort
2018-05-31 08:01:22+00:00,5247,agramfort
2018-05-31 08:02:41+00:00,5252,agramfort
2018-05-31 08:05:16+00:00,5243,agramfort
2018-05-31 15:56:35+00:00,5225,larsoner
2018-06-01 06:52:26+00:00,5230,agramfort
2018-06-04 13:21:43+00:00,5256,larsoner
2018-06-06 10:33:21+00:00,5254,agramfort
2018-06-06 10:35:23+00:00,5257,agramfort
2018-06-06 13:25:47+00:00,5259,larsoner
2018-06-07 14:39:00+00:00,5262,larsoner
2018-06-08 12:12:55+00:00,5261,larsoner
2018-06-09 18:16:56+00:00,5268,larsoner
2018-06-12 14:37:28+00:00,5193,larsoner
2018-06-12 20:50:55+00:00,5274,agramfort
2018-06-14 06:31:43+00:00,5278,cbrnr
2018-06-14 11:55:09+00:00,5271,larsoner
2018-06-15 13:19:44+00:00,5285,larsoner
2018-06-15 13:20:27+00:00,5270,larsoner
2018-06-22 15:32:21+00:00,5291,larsoner
2018-06-24 15:28:11+00:00,5295,agramfort
2018-06-27 16:21:52+00:00,5160,larsoner
2018-06-27 19:46:41+00:00,5301,larsoner
2018-06-28 13:10:46+00:00,5231,larsoner
2018-06-28 20:55:41+00:00,5304,agramfort
2018-06-29 16:42:46+00:00,5306,agramfort
2018-07-03 21:12:59+00:00,5314,agramfort
2018-07-05 23:22:07+00:00,5319,larsoner
2018-07-06 12:21:34+00:00,5298,agramfort
2018-07-06 14:18:34+00:00,5308,agramfort
2018-07-09 07:48:21+00:00,5321,agramfort
2018-07-09 13:51:31+00:00,5322,larsoner
2018-07-09 14:01:11+00:00,5272,larsoner
2018-07-10 12:53:09+00:00,5327,agramfort
2018-07-10 13:53:22+00:00,5331,agramfort
2018-07-11 17:44:01+00:00,5328,larsoner
2018-07-11 19:21:58+00:00,5263,larsoner
2018-07-12 12:04:56+00:00,5316,jona-sassenhagen
2018-07-13 12:42:07+00:00,5251,agramfort
2018-07-16 19:50:06+00:00,5341,agramfort
2018-07-16 20:39:02+00:00,5343,larsoner
2018-07-17 13:18:13+00:00,5344,larsoner
2018-07-18 17:49:06+00:00,5348,larsoner
2018-07-19 07:35:49+00:00,5352,agramfort
2018-07-20 08:20:45+00:00,5255,agramfort
2018-07-20 19:19:57+00:00,5354,agramfort
2018-07-24 20:55:09+00:00,5350,larsoner
2018-07-25 03:24:45+00:00,5363,larsoner
2018-07-25 13:42:25+00:00,5361,cbrnr
2018-07-26 14:42:21+00:00,5367,larsoner
2018-07-27 18:40:40+00:00,5340,cbrnr
2018-07-28 06:29:22+00:00,5371,agramfort
2018-07-31 12:17:17+00:00,5326,larsoner
2018-08-01 00:21:41+00:00,5376,larsoner
2018-08-01 07:00:27+00:00,5381,agramfort
2018-08-01 11:26:31+00:00,5378,agramfort
2018-08-01 11:33:45+00:00,5385,agramfort
2018-08-02 14:22:28+00:00,5386,agramfort
2018-08-03 12:58:35+00:00,5317,agramfort
2018-08-03 13:19:20+00:00,5388,agramfort
2018-08-03 14:28:40+00:00,4870,agramfort
2018-08-03 20:30:25+00:00,5391,agramfort
2018-08-04 10:26:08+00:00,5393,agramfort
2018-08-05 09:41:06+00:00,5396,jona-sassenhagen
2018-08-05 13:34:03+00:00,5405,larsoner
2018-08-05 14:31:54+00:00,5392,larsoner
2018-08-05 17:33:45+00:00,5399,agramfort
2018-08-06 01:33:42+00:00,5394,larsoner
2018-08-06 08:13:16+00:00,5398,agramfort
2018-08-06 08:31:34+00:00,5410,agramfort
2018-08-06 10:10:41+00:00,5404,mmagnuski
2018-08-06 11:07:20+00:00,5414,agramfort
2018-08-06 17:54:29+00:00,5415,agramfort
2018-08-07 14:11:13+00:00,5412,jona-sassenhagen
2018-08-07 18:06:13+00:00,5422,dengemann
2018-08-07 20:17:33+00:00,5423,larsoner
2018-08-07 20:50:23+00:00,5409,larsoner
2018-08-07 21:24:00+00:00,5312,jona-sassenhagen
2018-08-07 22:27:29+00:00,5424,larsoner
2018-08-09 12:27:28+00:00,5407,agramfort
2018-08-09 19:52:08+00:00,5426,agramfort
2018-08-10 08:05:49+00:00,5418,agramfort
2018-08-10 08:08:23+00:00,5380,agramfort
2018-08-10 12:05:30+00:00,5428,agramfort
2018-08-10 14:27:05+00:00,5413,larsoner
2018-08-10 20:21:07+00:00,5434,larsoner
2018-08-12 16:05:17+00:00,5438,agramfort
2018-08-12 16:14:56+00:00,5435,agramfort
2018-08-12 17:49:36+00:00,5186,larsoner
2018-08-12 18:16:51+00:00,5437,jona-sassenhagen
2018-08-13 02:01:28+00:00,5403,jasmainak
2018-08-13 17:37:22+00:00,5429,larsoner
2018-08-13 19:37:02+00:00,5135,larsoner
2018-08-14 13:25:34+00:00,5443,larsoner
2018-08-14 13:26:59+00:00,5313,agramfort
2018-08-14 14:44:39+00:00,5444,massich
2018-08-16 09:42:24+00:00,5442,jona-sassenhagen
2018-08-16 14:24:10+00:00,5431,larsoner
2018-08-18 19:29:30+00:00,5395,larsoner
2018-08-18 19:37:29+00:00,5453,larsoner
2018-08-21 20:36:49+00:00,5454,larsoner
2018-08-23 08:10:34+00:00,5468,agramfort
2018-08-23 09:45:05+00:00,5467,agramfort
2018-08-23 17:51:57+00:00,5461,massich
2018-08-26 10:42:47+00:00,5219,agramfort
2018-08-26 20:30:43+00:00,5473,larsoner
2018-08-29 03:53:17+00:00,5478,larsoner
2018-08-29 19:04:08+00:00,5475,agramfort
2018-08-29 20:15:56+00:00,5452,agramfort
2018-08-29 21:57:46+00:00,5477,agramfort
2018-08-30 16:43:53+00:00,5466,agramfort
2018-09-01 08:10:41+00:00,5486,agramfort
2018-09-05 18:51:12+00:00,5489,agramfort
2018-09-07 16:42:32+00:00,5497,larsoner
2018-09-08 10:04:02+00:00,5498,agramfort
2018-09-08 11:35:17+00:00,5496,larsoner
2018-09-10 09:56:46+00:00,5500,massich
2018-09-10 20:06:14+00:00,5504,agramfort
2018-09-11 19:59:16+00:00,5502,larsoner
2018-09-12 17:41:30+00:00,5513,larsoner
2018-09-13 08:02:10+00:00,5332,agramfort
2018-09-13 12:21:15+00:00,5433,agramfort
2018-09-13 13:50:26+00:00,5470,larsoner
2018-09-13 14:28:18+00:00,5518,larsoner
2018-09-14 15:42:34+00:00,5505,larsoner
2018-09-15 15:20:35+00:00,5329,agramfort
2018-09-16 07:19:22+00:00,5527,agramfort
2018-09-16 18:07:00+00:00,5482,massich
2018-09-17 08:29:54+00:00,5524,agramfort
2018-09-18 06:47:05+00:00,5506,larsoner
2018-09-19 16:05:07+00:00,5530,massich
2018-09-20 06:14:13+00:00,5537,agramfort
2018-09-20 06:14:42+00:00,5536,agramfort
2018-09-20 09:25:30+00:00,5533,massich
2018-09-21 12:24:25+00:00,5402,agramfort
2018-09-21 12:50:18+00:00,5525,agramfort
2018-09-21 13:55:40+00:00,5522,agramfort
2018-09-21 19:41:40+00:00,4936,larsoner
2018-09-21 20:27:22+00:00,5545,larsoner
2018-09-22 07:51:51+00:00,5547,agramfort
2018-09-22 14:51:55+00:00,5542,larsoner
2018-09-23 21:01:24+00:00,5549,larsoner
2018-09-26 09:03:32+00:00,5554,massich
2018-09-26 14:01:40+00:00,5416,larsoner
2018-09-26 18:50:44+00:00,5538,larsoner
2018-09-27 13:53:49+00:00,5559,larsoner
2018-09-27 20:45:33+00:00,5560,larsoner
2018-09-28 12:04:28+00:00,5511,agramfort
2018-09-28 14:14:17+00:00,5558,larsoner
2018-09-28 15:28:48+00:00,5562,agramfort
2018-09-29 18:34:18+00:00,5543,massich
2018-10-01 12:50:20+00:00,5566,agramfort
2018-10-02 07:26:52+00:00,5569,agramfort
2018-10-02 19:15:50+00:00,5573,agramfort
2018-10-03 10:42:39+00:00,5528,larsoner
2018-10-03 19:01:11+00:00,5572,agramfort
2018-10-04 08:13:18+00:00,5576,agramfort
2018-10-04 08:16:13+00:00,5570,massich
2018-10-04 13:41:11+00:00,5532,agramfort
2018-10-05 16:36:13+00:00,5585,larsoner
2018-10-05 18:18:43+00:00,5586,agramfort
2018-10-06 07:46:36+00:00,5583,agramfort
2018-10-07 15:26:18+00:00,5460,agramfort
2018-10-07 15:37:30+00:00,5588,agramfort
2018-10-07 17:01:23+00:00,5531,wmvanvliet
2018-10-09 07:43:19+00:00,5590,agramfort
2018-10-09 16:06:14+00:00,5564,larsoner
2018-10-09 19:06:10+00:00,5598,larsoner
2018-10-09 19:14:37+00:00,5595,agramfort
2018-10-10 06:57:44+00:00,5596,agramfort
2018-10-10 12:00:15+00:00,5580,massich
2018-10-10 19:22:44+00:00,5601,agramfort
2018-10-11 12:53:58+00:00,5462,agramfort
2018-10-11 14:27:58+00:00,5587,larsoner
2018-10-11 21:22:58+00:00,5603,agramfort
2018-10-12 16:07:12+00:00,5581,massich
2018-10-13 07:26:33+00:00,5606,agramfort
2018-10-13 11:19:21+00:00,5575,agramfort
2018-10-13 16:29:52+00:00,5591,agramfort
2018-10-13 16:37:25+00:00,5589,agramfort
2018-10-15 15:44:19+00:00,5609,larsoner
2018-10-16 16:08:56+00:00,5582,massich
2018-10-16 20:27:18+00:00,5613,agramfort
2018-10-17 15:32:03+00:00,5622,agramfort
2018-10-17 15:39:01+00:00,5610,larsoner
2018-10-17 15:50:39+00:00,5626,larsoner
2018-10-18 14:57:32+00:00,5141,larsoner
2018-10-18 15:15:31+00:00,5625,agramfort
2018-10-19 13:15:42+00:00,5574,larsoner
2018-10-20 07:11:12+00:00,5634,jasmainak
2018-10-20 14:06:12+00:00,5459,agramfort
2018-10-22 14:09:19+00:00,5638,larsoner
2018-10-22 18:36:28+00:00,5557,wmvanvliet
2018-10-23 14:56:03+00:00,5647,larsoner
2018-10-23 18:58:58+00:00,5648,agramfort
2018-10-24 15:37:35+00:00,5656,larsoner
2018-10-24 17:01:16+00:00,5658,larsoner
2018-10-25 07:50:09+00:00,5652,massich
2018-10-25 08:37:13+00:00,5659,agramfort
2018-10-25 08:45:21+00:00,5651,agramfort
2018-10-25 15:06:25+00:00,5663,larsoner
2018-10-25 15:32:26+00:00,5664,larsoner
2018-10-26 08:35:21+00:00,5667,massich
2018-10-26 11:26:48+00:00,5628,larsoner
2018-10-29 17:08:42+00:00,5676,agramfort
2018-10-29 18:49:32+00:00,5677,larsoner
2018-10-29 18:53:54+00:00,5666,larsoner
2018-10-30 09:03:47+00:00,5672,cbrnr
2018-10-30 17:53:11+00:00,5641,larsoner
2018-10-31 21:26:19+00:00,5633,agramfort
2018-11-01 14:32:02+00:00,5681,larsoner
2018-11-01 14:45:06+00:00,5683,larsoner
2018-11-02 00:25:09+00:00,5679,larsoner
2018-11-02 15:54:54+00:00,5687,larsoner
2018-11-02 15:56:32+00:00,5689,larsoner
2018-11-03 12:13:43+00:00,5514,larsoner
2018-11-03 12:41:45+00:00,5691,larsoner
2018-11-03 17:33:37+00:00,5649,larsoner
2018-11-05 05:19:19+00:00,5447,wmvanvliet
2018-11-05 15:01:00+00:00,5694,larsoner
2018-11-06 07:43:05+00:00,5620,cbrnr
2018-11-06 12:45:45+00:00,5697,larsoner
2018-11-06 18:17:33+00:00,5695,massich
2018-11-07 14:55:03+00:00,5698,massich
2018-11-08 14:08:14+00:00,5701,larsoner
2018-11-08 15:49:35+00:00,5700,massich
2018-11-08 17:13:01+00:00,5692,larsoner
2018-11-08 18:25:28+00:00,5696,larsoner
2018-11-08 18:28:54+00:00,5702,larsoner
2018-11-11 10:10:24+00:00,5705,agramfort
2018-11-13 15:29:27+00:00,5608,jasmainak
2018-11-13 16:07:48+00:00,5481,agramfort
2018-11-13 20:23:09+00:00,5699,larsoner
2018-11-14 15:57:06+00:00,5707,larsoner
2018-11-14 20:17:33+00:00,5710,larsoner
2018-11-15 10:43:08+00:00,5712,massich
2018-11-15 16:40:12+00:00,5714,larsoner
2018-11-15 17:20:21+00:00,5715,larsoner
2018-11-15 20:30:39+00:00,5716,larsoner
2018-11-16 05:40:32+00:00,5717,larsoner
2018-11-19 15:56:55+00:00,5724,massich
2018-11-19 18:10:46+00:00,5723,massich
2018-11-19 21:31:30+00:00,5725,massich
2018-11-20 09:25:18+00:00,5727,massich
2018-11-20 17:15:31+00:00,5729,larsoner
2018-11-20 19:51:39+00:00,5726,larsoner
2018-11-21 17:37:26+00:00,5730,massich
2018-11-21 21:01:47+00:00,5713,larsoner
2018-11-22 07:54:38+00:00,5733,agramfort
2018-11-22 20:06:14+00:00,5743,agramfort
2018-11-22 20:08:01+00:00,5742,agramfort
2018-11-26 20:23:37+00:00,5747,agramfort
2018-11-28 12:36:32+00:00,5752,agramfort
2018-11-29 15:33:31+00:00,5748,cbrnr
2018-12-01 10:04:46+00:00,5756,agramfort
2018-12-06 15:19:24+00:00,5775,larsoner
2018-12-07 09:02:48+00:00,5770,jona-sassenhagen
2018-12-07 21:03:58+00:00,5777,larsoner
2018-12-11 16:53:19+00:00,5786,larsoner
2018-12-12 16:55:43+00:00,5787,agramfort
2018-12-12 21:26:50+00:00,5783,larsoner
2018-12-14 07:23:41+00:00,5762,agramfort
2018-12-14 18:13:30+00:00,5780,jona-sassenhagen
2018-12-17 17:59:58+00:00,5741,larsoner
2018-12-17 20:39:38+00:00,5799,larsoner
2018-12-17 20:44:26+00:00,5791,agramfort
2018-12-18 12:46:53+00:00,5796,agramfort
2018-12-19 07:44:22+00:00,5754,cbrnr
2018-12-19 20:02:17+00:00,5801,agramfort
2018-12-19 20:19:30+00:00,5795,larsoner
2018-12-20 08:38:26+00:00,5776,agramfort
2018-12-20 17:04:22+00:00,5809,larsoner
2018-12-20 20:27:22+00:00,5808,agramfort
2018-12-20 20:47:51+00:00,5810,larsoner
2018-12-21 14:57:10+00:00,5811,massich
2018-12-22 10:59:38+00:00,5814,agramfort
2018-12-22 18:54:02+00:00,5813,larsoner
2019-01-08 00:26:09+00:00,5765,larsoner
2019-01-08 14:40:05+00:00,5823,larsoner
2019-01-10 12:15:58+00:00,5825,massich
2019-01-11 13:23:01+00:00,5821,massich
2019-01-11 15:31:20+00:00,5828,larsoner
2019-01-11 16:42:35+00:00,5829,larsoner
2019-01-11 20:14:40+00:00,5800,cbrnr
2019-01-12 08:39:41+00:00,5831,agramfort
2019-01-12 08:44:58+00:00,5805,agramfort
2019-01-12 08:50:02+00:00,5788,agramfort
2019-01-12 08:51:38+00:00,5793,agramfort
2019-01-13 10:04:57+00:00,5824,agramfort
2019-01-14 15:30:32+00:00,5832,larsoner
2019-01-14 19:15:11+00:00,5835,larsoner
2019-01-14 23:20:23+00:00,5718,massich
2019-01-15 20:09:58+00:00,5837,larsoner
2019-01-16 10:24:17+00:00,5827,massich
2019-01-16 20:38:05+00:00,5838,larsoner
2019-01-18 08:49:19+00:00,5842,agramfort
2019-01-20 17:48:12+00:00,5774,larsoner
2019-01-23 15:38:27+00:00,5851,massich
2019-01-23 20:04:07+00:00,5845,larsoner
2019-01-24 07:26:15+00:00,5841,cbrnr
2019-01-24 07:48:50+00:00,5855,agramfort
2019-01-24 16:12:04+00:00,5865,larsoner
2019-01-24 22:00:41+00:00,5862,larsoner
2019-01-25 10:48:58+00:00,5869,agramfort
2019-01-25 14:40:47+00:00,5861,larsoner
2019-01-25 15:09:37+00:00,5871,larsoner
2019-01-25 17:46:52+00:00,5870,agramfort
2019-01-26 07:20:19+00:00,5875,agramfort
2019-01-27 17:21:14+00:00,5866,agramfort
2019-01-29 20:16:57+00:00,5859,agramfort
2019-01-29 20:52:05+00:00,5840,larsoner
2019-01-29 21:13:39+00:00,5887,larsoner
2019-01-30 08:30:39+00:00,5888,agramfort
2019-01-30 17:00:22+00:00,5892,larsoner
2019-01-31 10:13:57+00:00,5890,cbrnr
2019-02-02 09:11:41+00:00,5768,agramfort
2019-02-02 09:26:40+00:00,5896,agramfort
2019-02-04 20:11:35+00:00,5898,larsoner
2019-02-04 21:50:08+00:00,5895,larsoner
2019-02-04 21:52:17+00:00,5901,larsoner
2019-02-05 20:05:29+00:00,5807,agramfort
2019-02-06 09:14:21+00:00,5902,agramfort
2019-02-08 22:08:38+00:00,5910,larsoner
2019-02-08 22:53:42+00:00,5911,larsoner
2019-02-10 20:13:19+00:00,5915,larsoner
2019-02-10 20:49:14+00:00,5913,larsoner
2019-02-10 21:24:33+00:00,5917,larsoner
2019-02-11 15:28:19+00:00,5897,larsoner
2019-02-11 17:59:45+00:00,5914,larsoner
2019-02-11 21:37:00+00:00,5900,larsoner
2019-02-12 07:29:55+00:00,5922,agramfort
2019-02-12 07:35:17+00:00,5905,agramfort
2019-02-12 09:24:27+00:00,5877,massich
2019-02-12 10:23:48+00:00,5920,massich
2019-02-12 13:08:42+00:00,5822,agramfort
2019-02-12 20:27:18+00:00,5904,dengemann
2019-02-13 01:53:50+00:00,5921,larsoner
2019-02-13 13:33:42+00:00,5930,larsoner
2019-02-13 17:45:53+00:00,5931,larsoner
2019-02-13 19:19:34+00:00,5927,larsoner
2019-02-13 19:54:07+00:00,5936,larsoner
2019-02-13 20:23:40+00:00,5932,larsoner
2019-02-13 21:10:33+00:00,4511,larsoner
2019-02-14 01:10:38+00:00,5939,larsoner
2019-02-14 08:24:48+00:00,5934,agramfort
2019-02-14 09:33:56+00:00,5923,massich
2019-02-14 14:13:14+00:00,5942,massich
2019-02-15 16:57:34+00:00,5872,larsoner
2019-02-15 20:39:02+00:00,5940,agramfort
2019-02-15 23:00:55+00:00,5876,larsoner
2019-02-16 22:20:39+00:00,5949,agramfort
2019-02-18 20:46:03+00:00,5950,larsoner
2019-02-19 00:10:14+00:00,5955,larsoner
2019-02-19 09:46:06+00:00,5819,massich
2019-02-20 16:18:33+00:00,5964,larsoner
2019-02-20 16:42:26+00:00,5957,agramfort
2019-02-20 16:44:22+00:00,5971,larsoner
2019-02-20 16:44:52+00:00,5146,agramfort
2019-02-20 20:54:09+00:00,5969,jona-sassenhagen
2019-02-20 21:56:14+00:00,5954,larsoner
2019-02-21 09:08:34+00:00,5973,agramfort
2019-02-21 16:48:42+00:00,5962,larsoner
2019-02-21 17:10:55+00:00,5978,larsoner
2019-02-22 08:54:38+00:00,5947,agramfort
2019-02-22 11:03:29+00:00,5976,massich
2019-02-22 15:17:09+00:00,5981,larsoner
2019-02-22 15:47:13+00:00,5983,larsoner
2019-02-23 01:46:42+00:00,5987,larsoner
2019-02-23 14:50:49+00:00,5988,agramfort
2019-02-25 15:22:23+00:00,5991,agramfort
2019-02-27 14:23:33+00:00,5958,larsoner
2019-02-27 15:30:22+00:00,5984,larsoner
2019-02-28 20:54:26+00:00,5998,larsoner
2019-03-01 04:04:12+00:00,6007,larsoner
2019-03-01 19:50:02+00:00,6012,agramfort
2019-03-01 19:55:34+00:00,5999,larsoner
2019-03-01 21:10:46+00:00,5946,wmvanvliet
2019-03-02 01:04:27+00:00,6015,larsoner
2019-03-02 07:18:01+00:00,6011,agramfort
2019-03-04 14:43:57+00:00,6008,larsoner
2019-03-04 14:45:33+00:00,6019,larsoner
2019-03-04 15:25:40+00:00,6022,larsoner
2019-03-04 15:31:43+00:00,6005,larsoner
2019-03-04 15:32:52+00:00,6021,larsoner
2019-03-04 17:36:07+00:00,6023,agramfort
2019-03-04 22:52:11+00:00,6026,larsoner
2019-03-05 12:52:41+00:00,6020,larsoner
2019-03-05 15:08:41+00:00,6029,agramfort
2019-03-05 17:09:42+00:00,6028,larsoner
2019-03-05 18:16:45+00:00,5963,larsoner
2019-03-06 12:37:24+00:00,6035,larsoner
2019-03-06 14:11:32+00:00,6013,larsoner
2019-03-06 20:01:33+00:00,6036,larsoner
2019-03-08 13:18:58+00:00,5979,larsoner
2019-03-08 13:59:28+00:00,6040,larsoner
2019-03-08 15:02:19+00:00,6041,larsoner
2019-03-11 18:10:14+00:00,6044,larsoner
2019-03-13 07:01:27+00:00,6053,agramfort
2019-03-13 14:49:29+00:00,6057,larsoner
2019-03-14 06:13:32+00:00,6047,massich
2019-03-14 15:25:48+00:00,6055,larsoner
2019-03-14 20:08:39+00:00,6060,agramfort
2019-03-15 07:32:52+00:00,6061,agramfort
2019-03-15 14:18:06+00:00,6056,larsoner
2019-03-15 15:18:44+00:00,6063,larsoner
2019-03-18 10:38:30+00:00,6064,agramfort
2019-03-18 13:35:16+00:00,6065,massich
2019-03-18 16:51:26+00:00,6025,agramfort
2019-03-19 01:54:11+00:00,6066,agramfort
2019-03-19 07:55:48+00:00,6058,massich
2019-03-19 10:25:43+00:00,6068,agramfort
2019-03-19 21:27:18+00:00,6067,larsoner
2019-03-21 08:37:55+00:00,6045,agramfort
2019-03-21 21:10:31+00:00,6070,agramfort
2019-03-22 08:44:19+00:00,6073,agramfort
2019-03-22 21:14:09+00:00,6076,larsoner
2019-03-24 07:08:11+00:00,6079,agramfort
2019-03-26 13:37:36+00:00,6083,agramfort
2019-03-26 14:42:09+00:00,6081,cbrnr
2019-03-27 14:42:39+00:00,6089,larsoner
2019-03-28 07:08:40+00:00,6092,agramfort
2019-03-28 09:16:16+00:00,6088,agramfort
2019-03-29 18:18:04+00:00,6098,larsoner
2019-03-30 08:55:46+00:00,6099,agramfort
2019-03-30 13:37:05+00:00,6103,agramfort
2019-03-30 13:45:11+00:00,6080,agramfort
2019-03-30 17:01:56+00:00,6100,larsoner
2019-03-30 17:19:39+00:00,6095,cbrnr
2019-03-31 08:25:52+00:00,6106,agramfort
2019-04-01 06:57:40+00:00,6104,agramfort
2019-04-01 14:48:13+00:00,6105,agramfort
2019-04-02 17:54:35+00:00,6111,agramfort
2019-04-03 05:04:23+00:00,6115,agramfort
2019-04-03 14:08:43+00:00,6118,larsoner
2019-04-05 21:19:07+00:00,6108,jona-sassenhagen
2019-04-06 07:43:27+00:00,6124,agramfort
2019-04-07 17:38:30+00:00,6129,agramfort
2019-04-08 13:45:55+00:00,6126,larsoner
2019-04-08 21:01:33+00:00,6131,larsoner
2019-04-09 12:56:24+00:00,6133,larsoner
2019-04-10 11:47:53+00:00,6122,jona-sassenhagen
2019-04-10 16:23:33+00:00,6134,larsoner
2019-04-10 16:26:10+00:00,6136,larsoner
2019-04-10 19:37:10+00:00,6135,larsoner
2019-04-11 06:48:27+00:00,6139,agramfort
2019-04-11 19:01:17+00:00,6132,agramfort
2019-04-11 19:57:52+00:00,6120,larsoner
2019-04-12 19:33:18+00:00,6145,agramfort
2019-04-14 06:11:48+00:00,6147,agramfort
2019-04-14 06:59:28+00:00,6149,agramfort
2019-04-14 17:02:10+00:00,6150,agramfort
2019-04-15 12:37:45+00:00,6151,agramfort
2019-04-15 14:50:28+00:00,6142,larsoner
2019-04-15 19:05:45+00:00,6152,larsoner
2019-04-17 10:05:46+00:00,6161,massich
2019-04-17 18:40:37+00:00,6160,larsoner
2019-04-17 20:16:59+00:00,6143,massich
2019-04-20 07:57:06+00:00,6169,agramfort
2019-04-21 17:29:13+00:00,6172,larsoner
2019-04-22 21:17:52+00:00,6181,larsoner
2019-04-22 21:32:08+00:00,6173,larsoner
2019-04-22 21:38:37+00:00,6182,larsoner
2019-04-23 07:04:44+00:00,6184,cbrnr
2019-04-23 09:22:39+00:00,6141,larsoner
2019-04-23 10:18:26+00:00,6174,agramfort
2019-04-23 15:19:18+00:00,6187,larsoner
2019-04-23 16:04:22+00:00,6194,larsoner
2019-04-23 16:12:03+00:00,6146,massich
2019-04-23 16:45:08+00:00,6188,larsoner
2019-04-23 16:56:51+00:00,6192,larsoner
2019-04-23 17:21:07+00:00,5982,massich
2019-04-23 19:44:52+00:00,6153,larsoner
2019-04-23 22:21:45+00:00,6191,larsoner
2019-04-23 22:28:16+00:00,6158,larsoner
2019-04-23 22:29:56+00:00,6175,larsoner
2019-04-24 06:57:58+00:00,6202,larsoner
2019-04-24 09:22:47+00:00,6189,agramfort
2019-04-24 09:23:55+00:00,6197,agramfort
2019-04-24 13:07:19+00:00,6037,larsoner
2019-04-24 14:03:46+00:00,6198,larsoner
2019-04-24 14:04:37+00:00,6186,larsoner
2019-04-24 14:11:57+00:00,5464,larsoner
2019-04-24 14:27:16+00:00,6208,agramfort
2019-04-24 14:46:19+00:00,6200,larsoner
2019-04-24 15:45:08+00:00,6201,larsoner
2019-04-24 16:52:32+00:00,6042,larsoner
2019-04-24 18:09:44+00:00,6193,larsoner
2019-04-24 22:31:45+00:00,6215,larsoner
2019-04-24 22:44:11+00:00,6214,larsoner
2019-04-25 08:13:11+00:00,6218,larsoner
2019-04-25 10:12:18+00:00,6207,larsoner
2019-04-25 16:54:59+00:00,6224,larsoner
2019-04-25 17:17:10+00:00,6228,larsoner
2019-04-25 17:22:34+00:00,6229,larsoner
2019-04-26 06:23:41+00:00,6231,agramfort
2019-04-26 09:28:15+00:00,6176,teonbrooks
2019-04-26 10:31:00+00:00,6205,larsoner
2019-04-26 13:44:53+00:00,6230,massich
2019-04-26 13:55:30+00:00,6213,larsoner
2019-04-26 15:11:18+00:00,6237,larsoner
2019-04-26 15:32:33+00:00,6210,larsoner
2019-04-26 15:59:48+00:00,6239,larsoner
2019-04-26 16:05:01+00:00,6217,larsoner
2019-04-26 16:05:31+00:00,6240,larsoner
2019-04-26 16:21:20+00:00,6220,larsoner
2019-04-26 17:13:25+00:00,6241,drammock
2019-04-26 21:16:05+00:00,6243,larsoner
2019-04-27 04:44:16+00:00,6244,larsoner
2019-04-27 04:45:17+00:00,6234,larsoner
2019-04-27 08:05:10+00:00,6242,agramfort
2019-04-27 08:06:53+00:00,6236,agramfort
2019-04-27 14:44:56+00:00,6211,agramfort
2019-04-27 17:14:25+00:00,6245,agramfort
2019-04-29 15:16:07+00:00,6252,larsoner
2019-04-29 18:45:19+00:00,6247,larsoner
2019-04-29 18:46:08+00:00,6251,larsoner
2019-04-29 21:47:50+00:00,6253,mmagnuski
2019-04-30 19:56:03+00:00,6255,agramfort
2019-05-01 18:24:15+00:00,6110,larsoner
2019-05-02 19:04:48+00:00,6227,larsoner
2019-05-03 17:11:39+00:00,6264,agramfort
2019-05-03 21:48:30+00:00,6246,mmagnuski
2019-05-04 22:01:20+00:00,6260,agramfort
2019-05-06 18:13:10+00:00,6254,larsoner
2019-05-06 19:12:37+00:00,6275,larsoner
2019-05-06 20:03:02+00:00,6274,larsoner
2019-05-08 04:15:28+00:00,6281,agramfort
2019-05-08 21:13:21+00:00,6285,larsoner
2019-05-09 16:28:38+00:00,6289,larsoner
2019-05-13 15:58:18+00:00,6297,larsoner
2019-05-13 17:45:57+00:00,6296,drammock
2019-05-13 18:31:57+00:00,6299,larsoner
2019-05-13 19:20:06+00:00,6293,larsoner
2019-05-13 19:22:06+00:00,6280,larsoner
2019-05-14 05:01:13+00:00,6301,agramfort
2019-05-14 11:02:50+00:00,6305,larsoner
2019-05-14 16:59:03+00:00,6308,larsoner
2019-05-14 19:29:39+00:00,6291,larsoner
2019-05-14 19:30:16+00:00,6309,larsoner
2019-05-14 19:51:37+00:00,6306,larsoner
2019-05-14 19:52:52+00:00,6307,agramfort
2019-05-14 21:27:13+00:00,6311,larsoner
2019-05-14 22:34:51+00:00,6303,larsoner
2019-05-15 04:36:03+00:00,6316,larsoner
2019-05-15 08:24:25+00:00,6310,agramfort
2019-05-15 10:57:06+00:00,6313,massich
2019-05-15 14:44:25+00:00,5857,larsoner
2019-05-15 15:46:00+00:00,6318,larsoner
2019-05-15 16:55:25+00:00,6319,larsoner
2019-05-15 17:58:01+00:00,6286,larsoner
2019-05-15 17:59:20+00:00,6317,larsoner
2019-05-15 18:16:06+00:00,6261,drammock
2019-05-15 19:09:40+00:00,6314,drammock
2019-05-16 06:45:13+00:00,6323,agramfort
2019-05-16 14:12:45+00:00,6320,larsoner
2019-05-16 14:46:36+00:00,6294,larsoner
2019-05-16 15:05:38+00:00,6324,massich
2019-05-16 15:44:24+00:00,6327,larsoner
2019-05-16 17:14:08+00:00,6328,drammock
2019-05-17 08:50:05+00:00,6326,massich
2019-05-17 09:05:09+00:00,6288,massich
2019-05-17 12:30:02+00:00,6331,larsoner
2019-05-17 15:05:19+00:00,6333,larsoner
2019-05-17 17:39:32+00:00,6334,larsoner
2019-05-17 19:45:57+00:00,6335,larsoner
2019-05-18 18:23:02+00:00,6337,massich
2019-05-20 08:51:31+00:00,6342,massich
2019-05-20 15:59:01+00:00,6348,larsoner
2019-05-20 22:24:22+00:00,6336,drammock
2019-05-21 00:28:40+00:00,6350,larsoner
2019-05-21 02:05:58+00:00,6351,larsoner
2019-05-21 02:25:10+00:00,6352,larsoner
2019-05-21 11:27:03+00:00,6346,larsoner
2019-05-21 11:27:32+00:00,6353,larsoner
2019-05-21 11:32:14+00:00,6347,larsoner
2019-05-21 19:53:06+00:00,6356,agramfort
2019-05-22 15:31:05+00:00,6355,massich
2019-05-22 17:20:54+00:00,6360,agramfort
2019-05-23 16:56:47+00:00,6366,larsoner
2019-05-23 17:35:02+00:00,6370,larsoner
2019-05-24 16:13:15+00:00,6372,drammock
2019-05-26 01:31:22+00:00,6374,larsoner
2019-05-27 19:14:13+00:00,6376,agramfort
2019-05-29 09:21:28+00:00,6358,agramfort
2019-05-29 09:25:53+00:00,6373,agramfort
2019-05-29 12:06:45+00:00,6381,larsoner
2019-05-29 12:36:35+00:00,6384,larsoner
2019-05-29 12:53:00+00:00,6368,massich
2019-05-29 20:25:53+00:00,6385,agramfort
2019-05-29 23:28:59+00:00,5804,larsoner
2019-05-30 00:53:36+00:00,6357,larsoner
2019-06-01 01:49:29+00:00,6392,larsoner
2019-06-01 01:52:25+00:00,6393,larsoner
2019-06-01 08:30:54+00:00,6113,dengemann
2019-06-01 19:27:30+00:00,6395,cbrnr
2019-06-02 09:29:51+00:00,6386,agramfort
2019-06-02 13:52:01+00:00,6398,agramfort
2019-06-02 17:33:25+00:00,6396,larsoner
2019-06-02 21:45:35+00:00,6399,larsoner
2019-06-03 07:28:26+00:00,6391,agramfort
2019-06-03 16:32:51+00:00,6387,massich
2019-06-03 18:27:00+00:00,6400,drammock
2019-06-04 00:05:21+00:00,6404,drammock
2019-06-04 05:36:28+00:00,6403,agramfort
2019-06-04 05:37:29+00:00,6401,agramfort
2019-06-04 09:20:17+00:00,6369,massich
2019-06-04 11:59:56+00:00,6394,massich
2019-06-04 13:59:59+00:00,6405,larsoner
2019-06-04 15:18:55+00:00,6388,larsoner
2019-06-04 18:53:14+00:00,6407,drammock
2019-06-04 21:34:46+00:00,6408,agramfort
2019-06-06 09:04:03+00:00,6423,dengemann
2019-06-06 14:56:53+00:00,6416,agramfort
2019-06-06 14:59:35+00:00,6409,larsoner
2019-06-06 19:07:16+00:00,6427,agramfort
2019-06-06 20:14:42+00:00,6426,massich
2019-06-07 01:16:36+00:00,6428,larsoner
2019-06-07 05:16:17+00:00,6420,cbrnr
2019-06-07 17:32:58+00:00,6432,larsoner
2019-06-08 08:54:42+00:00,6435,agramfort
2019-06-08 08:55:40+00:00,6436,agramfort
2019-06-08 12:28:49+00:00,6437,larsoner
2019-06-10 06:31:41+00:00,6438,agramfort
2019-06-10 16:26:23+00:00,6441,larsoner
2019-06-10 16:26:50+00:00,6439,larsoner
2019-06-11 07:13:37+00:00,6443,agramfort
2019-06-11 07:18:18+00:00,6433,agramfort
2019-06-11 12:52:44+00:00,6429,agramfort
2019-06-11 15:59:15+00:00,6446,larsoner
2019-06-11 18:16:08+00:00,6417,larsoner
2019-06-12 06:27:59+00:00,6449,agramfort
2019-06-12 06:43:00+00:00,6448,agramfort
2019-06-12 06:57:40+00:00,6447,agramfort
2019-06-12 11:58:55+00:00,6450,larsoner
2019-06-12 14:13:18+00:00,6453,larsoner
2019-06-12 14:35:22+00:00,6452,larsoner
2019-06-13 06:19:30+00:00,6413,agramfort
2019-06-13 13:57:21+00:00,6430,larsoner
2019-06-14 00:17:22+00:00,6456,drammock
2019-06-14 13:44:09+00:00,6442,agramfort
2019-06-17 08:29:12+00:00,6457,massich
2019-06-19 13:02:46+00:00,6470,larsoner
2019-06-19 16:01:34+00:00,6460,larsoner
2019-06-19 16:10:18+00:00,6472,larsoner
2019-06-19 19:33:37+00:00,6473,drammock
2019-06-20 12:21:17+00:00,6475,agramfort
2019-06-20 17:42:59+00:00,6476,larsoner
2019-06-21 06:30:43+00:00,6477,agramfort
2019-06-21 07:06:17+00:00,6474,agramfort
2019-06-21 09:12:38+00:00,6471,agramfort
2019-06-21 17:48:39+00:00,6469,larsoner
2019-06-22 12:33:18+00:00,6478,agramfort
2019-06-22 17:31:47+00:00,6464,massich
2019-06-24 14:41:29+00:00,6484,larsoner
2019-06-24 19:29:19+00:00,6480,larsoner
2019-06-25 07:36:35+00:00,6486,agramfort
2019-06-25 14:22:41+00:00,6487,larsoner
2019-06-25 21:03:57+00:00,6490,agramfort
2019-06-26 11:44:26+00:00,6489,larsoner
2019-06-26 13:32:56+00:00,6491,larsoner
2019-06-26 15:19:39+00:00,6451,larsoner
2019-06-26 17:37:01+00:00,6496,larsoner
2019-06-26 20:07:27+00:00,6495,agramfort
2019-06-27 00:59:13+00:00,6465,drammock
2019-06-27 11:11:08+00:00,6483,larsoner
2019-06-27 13:29:05+00:00,6497,massich
2019-06-27 15:29:03+00:00,6499,larsoner
2019-06-27 19:11:07+00:00,6503,agramfort
2019-06-27 19:29:45+00:00,6494,drammock
2019-06-28 10:57:36+00:00,6506,agramfort
2019-06-28 11:28:28+00:00,6504,agramfort
2019-06-28 13:45:45+00:00,6509,agramfort
2019-06-28 13:46:06+00:00,6507,agramfort
2019-06-28 13:57:22+00:00,6505,agramfort
2019-07-01 12:22:21+00:00,6513,agramfort
2019-07-01 13:05:36+00:00,6514,agramfort
2019-07-01 13:08:19+00:00,6511,massich
2019-07-01 15:52:30+00:00,6517,agramfort
2019-07-01 18:01:37+00:00,6510,agramfort
2019-07-02 14:08:50+00:00,6519,agramfort
2019-07-03 07:00:24+00:00,6520,agramfort
2019-07-03 11:21:46+00:00,6521,massich
2019-07-03 19:56:58+00:00,6522,drammock
2019-07-05 09:34:56+00:00,6524,agramfort
2019-07-05 12:26:42+00:00,6515,larsoner
2019-07-05 12:26:50+00:00,6529,larsoner
2019-07-05 19:30:16+00:00,6532,massich
2019-07-05 20:38:24+00:00,6533,agramfort
2019-07-08 13:16:36+00:00,6272,agramfort
2019-07-08 19:45:17+00:00,6536,agramfort
2019-07-09 12:18:48+00:00,6516,larsoner
2019-07-09 19:30:58+00:00,6492,drammock
2019-07-10 00:31:10+00:00,6545,larsoner
2019-07-10 00:32:07+00:00,6541,larsoner
2019-07-10 11:45:14+00:00,6548,larsoner
2019-07-10 14:05:32+00:00,6422,jona-sassenhagen
2019-07-10 14:42:38+00:00,6546,larsoner
2019-07-10 14:43:02+00:00,6549,larsoner
2019-07-10 15:29:48+00:00,6534,massich
2019-07-10 16:19:44+00:00,6537,agramfort
2019-07-10 20:04:55+00:00,6540,larsoner
2019-07-10 23:02:02+00:00,6554,larsoner
2019-07-11 02:13:49+00:00,6553,larsoner
2019-07-11 09:00:57+00:00,6512,agramfort
2019-07-11 17:48:02+00:00,6558,larsoner
2019-07-11 20:21:01+00:00,6560,larsoner
2019-07-12 11:56:33+00:00,6563,larsoner
2019-07-12 20:19:39+00:00,6565,larsoner
2019-07-13 16:05:49+00:00,6561,agramfort
2019-07-14 09:09:02+00:00,6564,massich
2019-07-14 14:40:24+00:00,6567,agramfort
2019-07-15 13:36:57+00:00,6572,larsoner
2019-07-15 13:39:23+00:00,6570,agramfort
2019-07-15 15:51:53+00:00,6571,larsoner
2019-07-16 11:25:31+00:00,6578,larsoner
2019-07-16 13:26:46+00:00,6573,larsoner
2019-07-16 13:27:13+00:00,6574,larsoner
2019-07-18 06:32:10+00:00,6582,agramfort
2019-07-18 16:37:35+00:00,6575,jasmainak
2019-07-18 18:57:00+00:00,6585,larsoner
2019-07-19 08:07:12+00:00,6586,agramfort
2019-07-19 12:06:21+00:00,6440,larsoner
2019-07-22 11:04:00+00:00,6590,larsoner
2019-07-22 11:06:58+00:00,6589,larsoner
2019-07-23 05:47:09+00:00,6593,agramfort
2019-07-23 20:04:33+00:00,6594,larsoner
2019-07-24 15:10:46+00:00,6599,larsoner
2019-07-25 05:29:07+00:00,6598,agramfort
2019-07-25 15:14:09+00:00,6600,agramfort
2019-07-25 18:10:27+00:00,6595,larsoner
2019-07-26 05:52:52+00:00,6270,agramfort
2019-07-27 12:45:34+00:00,6603,larsoner
2019-07-29 18:36:42+00:00,6414,jasmainak
2019-07-30 09:18:26+00:00,6614,wmvanvliet
2019-08-01 11:50:30+00:00,6617,agramfort
2019-08-01 12:17:50+00:00,6611,massich
2019-08-01 20:02:12+00:00,6591,agramfort
2019-08-02 12:04:21+00:00,6602,massich
2019-08-02 14:59:40+00:00,6551,agramfort
2019-08-02 16:18:42+00:00,6620,larsoner
2019-08-03 23:01:00+00:00,6612,larsoner
2019-08-05 09:59:30+00:00,6623,massich
2019-08-05 11:38:32+00:00,6625,massich
2019-08-05 16:26:12+00:00,6628,sappelhoff
2019-08-05 17:31:09+00:00,6630,larsoner
2019-08-06 21:30:54+00:00,6635,drammock
2019-08-07 06:49:36+00:00,6631,massich
2019-08-07 08:44:14+00:00,6636,massich
2019-08-07 11:27:38+00:00,6633,larsoner
2019-08-07 15:50:20+00:00,6638,drammock
2019-08-07 20:19:30+00:00,6640,larsoner
2019-08-07 20:32:34+00:00,6596,larsoner
2019-08-08 15:39:42+00:00,6624,larsoner
2019-08-08 20:02:27+00:00,6642,larsoner
2019-08-09 12:21:52+00:00,6646,agramfort
2019-08-12 15:04:37+00:00,6651,larsoner
2019-08-12 17:57:14+00:00,6653,larsoner
2019-08-13 13:42:24+00:00,6650,larsoner
2019-08-13 13:45:52+00:00,6655,larsoner
2019-08-13 15:38:42+00:00,6622,larsoner
2019-08-14 15:00:56+00:00,6659,agramfort
2019-08-14 19:15:51+00:00,6660,larsoner
2019-08-15 15:51:11+00:00,6577,larsoner
2019-08-15 23:29:38+00:00,6664,larsoner
2019-08-16 09:59:19+00:00,6663,agramfort
2019-08-16 10:06:46+00:00,6661,agramfort
2019-08-16 12:44:44+00:00,6658,agramfort
2019-08-17 08:49:33+00:00,6668,agramfort
2019-08-17 08:53:14+00:00,6669,agramfort
2019-08-19 19:02:29+00:00,6677,drammock
2019-08-20 19:36:38+00:00,6679,agramfort
2019-08-20 19:39:07+00:00,6678,agramfort
2019-08-20 19:59:05+00:00,6682,agramfort
2019-08-20 20:01:53+00:00,6683,larsoner
2019-08-21 07:43:59+00:00,6684,agramfort
2019-08-21 07:48:08+00:00,6681,agramfort
2019-08-22 07:54:23+00:00,6691,agramfort
2019-08-22 08:35:53+00:00,6692,agramfort
2019-08-22 14:21:19+00:00,6680,larsoner
2019-08-22 18:05:53+00:00,6639,agramfort
2019-08-23 05:45:33+00:00,6700,agramfort
2019-08-24 06:21:11+00:00,6709,agramfort
2019-08-24 21:15:35+00:00,6004,agramfort
2019-08-24 23:39:31+00:00,6702,drammock
2019-08-25 13:04:38+00:00,6701,agramfort
2019-08-26 07:13:07+00:00,6689,agramfort
2019-08-26 08:09:24+00:00,6706,massich
2019-08-27 00:14:18+00:00,6711,drammock
2019-08-27 08:57:31+00:00,6712,agramfort
2019-08-27 17:46:33+00:00,6670,cbrnr
2019-08-28 06:32:17+00:00,6715,agramfort
2019-08-28 19:08:05+00:00,6648,cbrnr
2019-08-29 07:08:06+00:00,6713,agramfort
2019-08-29 10:19:41+00:00,6688,agramfort
2019-08-29 11:35:17+00:00,6719,agramfort
2019-08-30 07:35:39+00:00,6722,agramfort
2019-08-30 09:46:02+00:00,6720,cbrnr
2019-08-30 15:21:21+00:00,6721,larsoner
2019-08-30 20:55:44+00:00,6723,larsoner
2019-08-30 21:20:39+00:00,6725,drammock
2019-09-01 14:33:38+00:00,6727,agramfort
2019-09-02 09:18:51+00:00,6726,cbrnr
2019-09-02 15:40:52+00:00,6694,agramfort
2019-09-03 13:28:15+00:00,6729,larsoner
2019-09-04 04:12:27+00:00,6690,larsoner
2019-09-04 14:26:27+00:00,6730,larsoner
2019-09-05 07:28:40+00:00,6704,agramfort
2019-09-05 16:08:45+00:00,6732,larsoner
2019-09-05 18:25:17+00:00,6735,larsoner
2019-09-05 20:00:51+00:00,6736,larsoner
2019-09-06 05:39:41+00:00,6739,agramfort
2019-09-06 14:02:57+00:00,6733,larsoner
2019-09-09 14:00:08+00:00,6742,larsoner
2019-09-09 14:13:35+00:00,6743,larsoner
2019-09-10 11:29:49+00:00,6747,larsoner
2019-09-10 18:07:36+00:00,6750,larsoner
2019-09-10 20:38:16+00:00,6751,larsoner
2019-09-11 19:12:57+00:00,6754,larsoner
2019-09-11 23:43:01+00:00,6753,larsoner
2019-09-12 06:44:08+00:00,6756,agramfort
2019-09-12 06:53:41+00:00,6745,agramfort
2019-09-12 10:11:10+00:00,6744,agramfort
2019-09-12 15:50:54+00:00,6759,larsoner
2019-09-13 11:29:54+00:00,6714,massich
2019-09-13 11:41:28+00:00,6755,larsoner
2019-09-13 21:47:12+00:00,6766,drammock
2019-09-14 02:05:36+00:00,6769,larsoner
2019-09-15 09:35:02+00:00,6046,agramfort
2019-09-15 12:52:58+00:00,6748,agramfort
2019-09-15 15:05:30+00:00,6768,larsoner
2019-09-15 16:26:53+00:00,6771,agramfort
2019-09-16 15:54:25+00:00,6773,agramfort
2019-09-17 02:26:46+00:00,6776,larsoner
2019-09-17 14:42:07+00:00,6774,larsoner
2019-09-17 16:11:25+00:00,6780,larsoner
2019-09-18 05:48:10+00:00,6781,agramfort
2019-09-18 21:20:22+00:00,6786,larsoner
2019-09-19 07:51:32+00:00,6785,agramfort
2019-09-19 13:08:55+00:00,6787,larsoner
2019-09-19 17:00:15+00:00,6790,drammock
2019-09-19 20:13:09+00:00,6767,drammock
2019-09-19 21:30:17+00:00,6765,larsoner
2019-09-20 13:25:03+00:00,6793,agramfort
2019-09-20 15:20:06+00:00,6300,larsoner
2019-09-20 15:58:47+00:00,6798,larsoner
2019-09-20 16:14:03+00:00,6799,larsoner
2019-09-20 21:25:01+00:00,6791,massich
2019-09-21 09:40:34+00:00,6789,agramfort
2019-09-21 19:47:05+00:00,6800,larsoner
2019-09-21 19:48:58+00:00,6797,larsoner
2019-09-23 09:30:57+00:00,6806,agramfort
2019-09-23 13:19:41+00:00,6805,agramfort
2019-09-23 14:17:01+00:00,6804,larsoner
2019-09-23 14:33:24+00:00,6808,larsoner
2019-09-23 17:20:25+00:00,6764,larsoner
2019-09-23 20:11:12+00:00,6811,larsoner
2019-09-23 20:35:10+00:00,6812,agramfort
2019-09-23 23:52:00+00:00,6815,larsoner
2019-09-24 03:14:42+00:00,6809,larsoner
2019-09-24 13:16:10+00:00,6817,massich
2019-09-24 14:56:10+00:00,6818,massich
2019-09-24 16:45:55+00:00,6822,larsoner
2019-09-24 16:46:47+00:00,6821,larsoner
2019-09-24 16:50:30+00:00,6819,larsoner
2019-09-25 20:04:53+00:00,6826,agramfort
2019-09-25 21:12:52+00:00,6674,larsoner
2019-09-26 07:45:33+00:00,6825,agramfort
2019-09-26 16:31:50+00:00,6830,larsoner
2019-09-26 17:19:41+00:00,6823,larsoner
2019-09-26 17:28:10+00:00,6831,larsoner
2019-09-28 10:41:07+00:00,6838,agramfort
2019-09-30 20:49:42+00:00,6848,agramfort
2019-09-30 21:20:05+00:00,6849,agramfort
2019-10-01 12:11:49+00:00,6852,larsoner
2019-10-01 16:20:18+00:00,6864,larsoner
2019-10-01 17:30:31+00:00,6835,larsoner
2019-10-01 19:37:57+00:00,6865,drammock
2019-10-01 19:54:11+00:00,6874,larsoner
2019-10-01 20:24:59+00:00,6871,larsoner
2019-10-01 21:42:20+00:00,6867,larsoner
2019-10-01 21:42:48+00:00,6872,larsoner
2019-10-02 02:48:02+00:00,6856,larsoner
2019-10-02 03:21:03+00:00,6881,larsoner
2019-10-02 03:53:02+00:00,6880,drammock
2019-10-02 09:56:18+00:00,6876,agramfort
2019-10-02 12:07:56+00:00,6878,larsoner
2019-10-02 12:25:35+00:00,6857,larsoner
2019-10-02 12:27:54+00:00,6866,larsoner
2019-10-02 13:21:10+00:00,6873,larsoner
2019-10-02 15:36:00+00:00,6863,larsoner
2019-10-02 16:19:26+00:00,6885,larsoner
2019-10-02 20:14:05+00:00,6883,larsoner
2019-10-03 02:38:29+00:00,6879,larsoner
2019-10-03 02:43:08+00:00,6859,larsoner
2019-10-03 02:43:39+00:00,6889,larsoner
2019-10-03 08:43:10+00:00,6882,cbrnr
2019-10-03 11:25:43+00:00,6895,larsoner
2019-10-03 14:36:02+00:00,6899,agramfort
2019-10-03 14:45:01+00:00,6896,larsoner
2019-10-03 15:05:34+00:00,6897,larsoner
2019-10-03 15:08:44+00:00,6749,larsoner
2019-10-03 15:54:17+00:00,6875,larsoner
2019-10-03 20:21:35+00:00,6903,larsoner
2019-10-03 20:21:48+00:00,6904,larsoner
2019-10-03 21:35:50+00:00,6877,agramfort
2019-10-04 13:46:31+00:00,6902,agramfort
2019-10-04 13:57:52+00:00,6912,agramfort
2019-10-04 16:57:05+00:00,6911,larsoner
2019-10-04 18:29:48+00:00,6914,drammock
2019-10-04 19:09:24+00:00,6916,drammock
2019-10-04 20:10:59+00:00,6908,larsoner
2019-10-04 20:12:46+00:00,6913,larsoner
2019-10-05 19:08:58+00:00,6909,agramfort
2019-10-05 19:11:02+00:00,6855,agramfort
2019-10-05 20:44:36+00:00,6921,agramfort
2019-10-05 20:48:03+00:00,6918,larsoner
2019-10-06 06:26:12+00:00,6920,agramfort
2019-10-06 11:05:34+00:00,6827,larsoner
2019-10-06 16:36:49+00:00,6892,larsoner
2019-10-06 18:28:47+00:00,6924,larsoner
2019-10-06 18:29:59+00:00,6925,larsoner
2019-10-06 22:43:10+00:00,6926,larsoner
2019-10-07 18:41:35+00:00,6927,larsoner
2019-10-07 19:04:23+00:00,6894,drammock
2019-10-07 20:00:21+00:00,6922,drammock
2019-10-08 04:33:59+00:00,6923,larsoner
2019-10-08 11:57:36+00:00,6731,larsoner
2019-10-08 15:27:45+00:00,6928,larsoner
2019-10-08 19:19:37+00:00,6907,agramfort
2019-10-09 13:39:19+00:00,6936,larsoner
2019-10-09 15:49:28+00:00,6933,larsoner
2019-10-09 17:02:01+00:00,6934,larsoner
2019-10-09 18:31:59+00:00,6939,agramfort
2019-10-09 21:45:02+00:00,6930,drammock
2019-10-09 22:02:22+00:00,6942,drammock
2019-10-10 05:23:20+00:00,6887,jasmainak
2019-10-11 15:15:44+00:00,6900,larsoner
2019-10-11 16:55:53+00:00,6946,larsoner
2019-10-11 18:18:09+00:00,6941,larsoner
2019-10-11 18:55:32+00:00,6948,larsoner
2019-10-11 19:05:22+00:00,6949,larsoner
2019-10-14 16:36:49+00:00,6944,drammock
2019-10-14 21:06:31+00:00,6954,drammock
2019-10-14 22:05:35+00:00,6955,larsoner
2019-10-16 17:03:11+00:00,6960,larsoner
2019-10-16 19:37:26+00:00,6959,larsoner
2019-10-17 00:17:16+00:00,6962,larsoner
2019-10-17 07:38:04+00:00,6961,agramfort
2019-10-17 11:13:30+00:00,6964,agramfort
2019-10-17 18:22:14+00:00,6967,larsoner
2019-10-18 06:49:49+00:00,6966,agramfort
2019-10-20 07:16:15+00:00,6969,agramfort
2019-10-23 16:27:00+00:00,6972,larsoner
2019-10-25 05:21:50+00:00,6977,agramfort
2019-10-25 13:36:15+00:00,6981,agramfort
2019-10-25 13:38:19+00:00,6976,agramfort
2019-10-25 20:05:04+00:00,6783,drammock
2019-10-25 20:12:13+00:00,6983,agramfort
2019-10-26 11:34:25+00:00,6985,agramfort
2019-10-28 15:21:57+00:00,6982,larsoner
2019-10-28 17:24:05+00:00,6991,larsoner
2019-10-28 22:54:52+00:00,6992,drammock
2019-10-29 04:38:32+00:00,6986,larsoner
2019-10-30 13:34:57+00:00,6998,larsoner
2019-10-30 14:29:36+00:00,6989,agramfort
2019-10-30 14:54:22+00:00,6975,larsoner
2019-10-31 09:53:06+00:00,6999,agramfort
2019-10-31 15:03:28+00:00,7004,larsoner
2019-10-31 16:33:38+00:00,6993,larsoner
2019-10-31 18:09:28+00:00,7005,larsoner
2019-11-01 14:40:05+00:00,7002,larsoner
2019-11-01 14:41:44+00:00,7001,larsoner
2019-11-01 18:49:27+00:00,7000,larsoner
2019-11-02 00:14:29+00:00,7010,drammock
2019-11-02 12:46:00+00:00,6971,agramfort
2019-11-04 20:31:25+00:00,7017,agramfort
2019-11-04 21:32:28+00:00,7014,larsoner
2019-11-05 00:01:59+00:00,6996,larsoner
2019-11-05 00:02:27+00:00,7019,larsoner
2019-11-05 15:32:59+00:00,7023,larsoner
2019-11-06 09:44:05+00:00,7022,agramfort
2019-11-06 17:40:34+00:00,7028,larsoner
2019-11-07 17:40:18+00:00,7018,larsoner
2019-11-07 23:06:06+00:00,6906,drammock
2019-11-08 14:20:55+00:00,7035,larsoner
2019-11-09 14:17:22+00:00,7036,agramfort
2019-11-09 14:28:53+00:00,7032,agramfort
2019-11-09 14:40:02+00:00,7042,agramfort
2019-11-09 14:42:09+00:00,7030,agramfort
2019-11-09 21:59:13+00:00,7041,larsoner
2019-11-10 06:53:10+00:00,7040,agramfort
2019-11-10 11:48:40+00:00,7033,agramfort
2019-11-10 12:22:39+00:00,7044,agramfort
2019-11-10 13:11:39+00:00,7045,agramfort
2019-11-11 17:59:17+00:00,7043,agramfort
2019-11-12 04:51:06+00:00,7050,drammock
2019-11-12 09:25:34+00:00,7051,agramfort
2019-11-12 15:20:44+00:00,7031,larsoner
2019-11-12 20:19:52+00:00,7026,larsoner
2019-11-12 22:07:30+00:00,7054,agramfort
2019-11-13 04:55:16+00:00,7016,jasmainak
2019-11-13 07:19:38+00:00,6910,agramfort
2019-11-14 15:57:40+00:00,7055,larsoner
2019-11-14 15:58:57+00:00,7025,larsoner
2019-11-14 16:31:27+00:00,7059,drammock
2019-11-15 15:09:49+00:00,7061,larsoner
2019-11-18 09:39:49+00:00,7074,agramfort
2019-11-18 10:19:57+00:00,7064,agramfort
2019-11-18 17:09:30+00:00,7063,larsoner
2019-11-18 18:13:04+00:00,7076,agramfort
2019-11-19 06:54:14+00:00,7078,agramfort
2019-11-20 15:46:03+00:00,7084,larsoner
2019-11-20 20:12:23+00:00,7086,agramfort
2019-11-21 15:15:06+00:00,7091,larsoner
2019-11-21 20:30:05+00:00,5075,agramfort
2019-11-21 20:46:10+00:00,7090,agramfort
2019-11-22 08:00:39+00:00,7029,agramfort
2019-11-22 14:21:18+00:00,7011,larsoner
2019-11-22 17:06:56+00:00,7008,larsoner
2019-11-22 19:49:15+00:00,7100,larsoner
2019-11-24 17:51:47+00:00,7097,larsoner
2019-11-26 22:38:12+00:00,7089,agramfort
2019-12-01 12:17:40+00:00,7104,larsoner
2019-12-01 12:18:55+00:00,7102,larsoner
2019-12-02 12:30:08+00:00,6761,larsoner
2019-12-02 14:10:15+00:00,7103,larsoner
2019-12-02 16:57:28+00:00,7106,agramfort
2019-12-02 19:40:14+00:00,7105,larsoner
2019-12-03 21:08:53+00:00,7109,larsoner
2019-12-04 18:26:56+00:00,7113,larsoner
2019-12-04 19:20:41+00:00,7110,larsoner
2019-12-04 23:43:15+00:00,7120,larsoner
2019-12-04 23:43:25+00:00,7117,larsoner
2019-12-05 02:05:36+00:00,7118,larsoner
2019-12-05 02:12:16+00:00,7121,larsoner
2019-12-05 14:29:58+00:00,7111,larsoner
2019-12-05 21:08:59+00:00,7122,agramfort
2019-12-06 14:22:54+00:00,7119,larsoner
2019-12-08 10:39:32+00:00,7125,agramfort
2019-12-08 19:33:50+00:00,7124,larsoner
2019-12-08 19:50:31+00:00,7108,larsoner
2019-12-09 01:22:34+00:00,7126,drammock
2019-12-09 01:31:13+00:00,7129,larsoner
2019-12-09 20:25:16+00:00,7131,drammock
2019-12-10 14:29:47+00:00,7130,larsoner
2019-12-10 15:07:47+00:00,7132,larsoner
2019-12-11 13:01:58+00:00,7128,larsoner
2019-12-11 14:36:57+00:00,7066,agramfort
2019-12-11 21:51:49+00:00,7135,larsoner
2019-12-11 21:52:02+00:00,7133,larsoner
2019-12-13 19:02:16+00:00,7138,larsoner
2019-12-14 14:51:40+00:00,7079,agramfort
2019-12-15 05:41:16+00:00,7142,drammock
2019-12-16 14:28:23+00:00,6931,larsoner
2019-12-16 21:42:34+00:00,7146,agramfort
2019-12-17 12:22:49+00:00,7144,agramfort
2019-12-17 17:37:53+00:00,7145,larsoner
2019-12-17 18:07:26+00:00,7148,larsoner
2019-12-18 19:56:53+00:00,7151,agramfort
2019-12-19 10:43:26+00:00,7147,agramfort
2019-12-22 09:19:52+00:00,7157,agramfort
2019-12-22 14:15:44+00:00,7158,larsoner
2019-12-22 18:25:27+00:00,7150,agramfort
2019-12-29 07:28:31+00:00,7163,agramfort
2020-01-04 10:32:51+00:00,7167,agramfort
2020-01-05 15:43:52+00:00,7173,agramfort
2020-01-05 18:07:46+00:00,7165,larsoner
2020-01-06 13:40:25+00:00,7166,agramfort
2020-01-06 13:41:20+00:00,7164,agramfort
2020-01-06 13:59:50+00:00,7175,agramfort
2020-01-06 14:05:40+00:00,7176,agramfort
2020-01-06 21:07:26+00:00,7178,agramfort
2020-01-06 21:11:57+00:00,7174,drammock
2020-01-07 09:11:12+00:00,7177,agramfort
2020-01-07 09:11:49+00:00,7172,agramfort
2020-01-07 16:35:08+00:00,7182,larsoner
2020-01-07 17:43:13+00:00,7181,drammock
2020-01-07 19:20:27+00:00,7183,larsoner
2020-01-07 21:39:31+00:00,7184,larsoner
2020-01-08 13:56:43+00:00,7153,agramfort
2020-01-08 20:24:58+00:00,7171,larsoner
2020-01-09 12:05:43+00:00,7186,agramfort
2020-01-09 13:29:05+00:00,7187,agramfort
2020-01-11 10:50:44+00:00,7191,agramfort
2020-01-11 10:54:24+00:00,7188,agramfort
2020-01-12 00:20:32+00:00,7190,larsoner
2020-01-12 16:48:43+00:00,7196,agramfort
2020-01-13 03:11:00+00:00,7197,larsoner
2020-01-13 14:47:45+00:00,7199,larsoner
2020-01-13 16:50:08+00:00,7202,larsoner
2020-01-13 22:01:52+00:00,7205,larsoner
2020-01-14 14:29:24+00:00,7207,larsoner
2020-01-15 14:16:54+00:00,7194,agramfort
2020-01-15 17:46:05+00:00,7200,larsoner
2020-01-15 17:51:26+00:00,7214,agramfort
2020-01-16 20:01:00+00:00,7222,larsoner
2020-01-17 14:36:54+00:00,7219,larsoner
2020-01-17 14:45:23+00:00,7218,larsoner
2020-01-17 17:16:09+00:00,7226,larsoner
2020-01-18 09:07:41+00:00,7223,agramfort
2020-01-18 19:57:53+00:00,7220,agramfort
2020-01-20 14:20:12+00:00,7231,agramfort
2020-01-20 21:24:42+00:00,7193,agramfort
2020-01-21 13:13:52+00:00,7224,larsoner
2020-01-21 14:29:07+00:00,7236,larsoner
2020-01-22 14:08:21+00:00,7237,larsoner
2020-01-22 17:40:30+00:00,7238,larsoner
2020-01-22 20:46:17+00:00,7240,agramfort
2020-01-23 14:28:28+00:00,7242,larsoner
2020-01-23 21:14:14+00:00,7245,agramfort
2020-01-24 08:21:51+00:00,7249,agramfort
2020-01-24 13:14:16+00:00,7253,agramfort
2020-01-27 14:55:57+00:00,7256,larsoner
2020-01-27 15:53:03+00:00,7168,larsoner
2020-01-27 16:12:17+00:00,7246,larsoner
2020-01-27 16:30:51+00:00,7252,larsoner
2020-01-28 16:05:03+00:00,7258,larsoner
2020-01-28 16:24:02+00:00,7227,larsoner
2020-01-28 21:32:47+00:00,7261,larsoner
2020-01-29 15:15:03+00:00,7096,larsoner
2020-01-29 17:59:45+00:00,7262,larsoner
2020-01-29 18:56:36+00:00,7264,larsoner
2020-01-29 23:02:42+00:00,7267,larsoner
2020-01-30 16:40:17+00:00,7263,larsoner
2020-01-30 19:57:53+00:00,7266,larsoner
2020-01-31 20:16:07+00:00,6938,agramfort
2020-01-31 20:40:52+00:00,7271,GuillaumeFavelier
2020-02-03 00:30:18+00:00,7273,drammock
2020-02-03 14:15:04+00:00,7276,larsoner
2020-02-03 17:37:42+00:00,7278,drammock
2020-02-04 06:31:28+00:00,7279,agramfort
2020-02-04 17:35:40+00:00,7285,larsoner
2020-02-05 06:39:05+00:00,7284,agramfort
2020-02-05 10:26:08+00:00,7280,GuillaumeFavelier
2020-02-05 14:06:20+00:00,7286,larsoner
2020-02-05 15:47:29+00:00,7289,larsoner
2020-02-05 18:18:18+00:00,7272,agramfort
2020-02-05 19:36:48+00:00,7281,agramfort
2020-02-05 20:24:00+00:00,7292,larsoner
2020-02-10 14:29:02+00:00,7298,agramfort
2020-02-10 17:52:38+00:00,7295,larsoner
2020-02-11 02:57:16+00:00,7299,larsoner
2020-02-11 02:58:05+00:00,7303,larsoner
2020-02-11 03:02:05+00:00,7215,larsoner
2020-02-11 03:02:52+00:00,7288,larsoner
2020-02-11 22:18:31+00:00,7309,agramfort
2020-02-12 16:04:13+00:00,7307,larsoner
2020-02-13 07:12:30+00:00,7312,agramfort
2020-02-13 17:39:38+00:00,7297,larsoner
2020-02-13 19:08:28+00:00,7314,drammock
2020-02-13 19:45:03+00:00,7305,larsoner
2020-02-13 20:37:57+00:00,7290,bloyl
2020-02-13 22:05:17+00:00,7206,dengemann
2020-02-14 13:08:01+00:00,7318,larsoner
2020-02-14 13:09:24+00:00,7317,larsoner
2020-02-14 14:55:42+00:00,7319,larsoner
2020-02-14 19:52:18+00:00,7322,larsoner
2020-02-14 19:53:22+00:00,7180,larsoner
2020-02-15 10:14:32+00:00,7326,agramfort
2020-02-15 13:20:52+00:00,7324,agramfort
2020-02-16 00:02:00+00:00,7329,larsoner
2020-02-17 00:46:40+00:00,7269,larsoner
2020-02-17 01:21:27+00:00,7333,larsoner
2020-02-17 15:52:44+00:00,7327,larsoner
2020-02-17 16:00:45+00:00,7304,larsoner
2020-02-17 16:27:41+00:00,7325,agramfort
2020-02-18 15:21:00+00:00,7328,larsoner
2020-02-18 18:02:33+00:00,7337,agramfort
2020-02-18 18:20:25+00:00,7336,larsoner
2020-02-19 08:24:38+00:00,7331,cbrnr
2020-02-19 19:01:33+00:00,7343,drammock
2020-02-19 19:21:06+00:00,7344,hoechenberger
2020-02-19 20:20:52+00:00,7338,drammock
2020-02-19 22:01:13+00:00,7342,drammock
2020-02-20 18:14:17+00:00,7339,larsoner
2020-02-21 15:22:49+00:00,7346,larsoner
2020-02-21 15:30:27+00:00,7160,larsoner
2020-02-24 18:35:29+00:00,7349,larsoner
2020-02-24 20:38:42+00:00,7352,larsoner
2020-02-25 20:26:02+00:00,7356,larsoner
2020-02-26 03:51:51+00:00,7351,larsoner
2020-02-26 04:42:36+00:00,7357,larsoner
2020-02-27 16:05:22+00:00,7247,larsoner
2020-02-28 13:15:39+00:00,7361,agramfort
2020-02-29 14:35:53+00:00,7362,agramfort
2020-03-01 03:17:16+00:00,7364,larsoner
2020-03-01 03:18:06+00:00,7348,larsoner
2020-03-02 14:59:17+00:00,7358,larsoner
2020-03-02 15:47:03+00:00,7095,larsoner
2020-03-02 21:07:29+00:00,7367,larsoner
2020-03-03 19:44:03+00:00,7371,larsoner
2020-03-03 20:02:55+00:00,7374,larsoner
2020-03-03 20:53:44+00:00,7369,agramfort
2020-03-03 21:28:32+00:00,7353,drammock
2020-03-03 23:15:39+00:00,7370,larsoner
2020-03-04 15:00:44+00:00,7381,larsoner
2020-03-04 16:06:09+00:00,7378,agramfort
2020-03-04 16:27:54+00:00,7372,larsoner
2020-03-04 17:07:08+00:00,7383,larsoner
2020-03-04 17:47:59+00:00,7387,larsoner
2020-03-04 19:53:17+00:00,6262,larsoner
2020-03-04 19:53:47+00:00,7388,larsoner
2020-03-04 20:36:39+00:00,7386,larsoner
2020-03-05 09:30:31+00:00,7389,agramfort
2020-03-05 09:31:09+00:00,7382,agramfort
2020-03-05 14:15:38+00:00,7390,agramfort
2020-03-05 15:53:50+00:00,7391,larsoner
2020-03-05 17:23:49+00:00,7392,larsoner
2020-03-05 20:47:24+00:00,6940,agramfort
2020-03-06 13:03:37+00:00,7396,agramfort
2020-03-06 14:43:53+00:00,7394,larsoner
2020-03-06 16:21:10+00:00,7400,agramfort
2020-03-06 19:06:06+00:00,7403,drammock
2020-03-06 20:18:58+00:00,7402,larsoner
2020-03-09 15:04:35+00:00,7409,larsoner
2020-03-09 15:21:25+00:00,7399,larsoner
2020-03-09 19:31:12+00:00,7412,larsoner
2020-03-09 22:14:07+00:00,7411,agramfort
2020-03-09 23:26:22+00:00,7408,larsoner
2020-03-10 15:26:27+00:00,7413,larsoner
2020-03-10 17:54:56+00:00,7401,larsoner
2020-03-10 21:30:59+00:00,7416,GuillaumeFavelier
2020-03-11 09:15:26+00:00,7419,agramfort
2020-03-11 09:19:23+00:00,7417,agramfort
2020-03-11 13:44:25+00:00,7422,larsoner
2020-03-11 16:09:49+00:00,7414,larsoner
2020-03-11 19:03:19+00:00,7424,larsoner
2020-03-12 15:28:02+00:00,7431,larsoner
2020-03-12 23:51:58+00:00,7438,drammock
2020-03-13 09:27:59+00:00,7435,GuillaumeFavelier
2020-03-13 09:50:30+00:00,7441,agramfort
2020-03-13 16:10:05+00:00,7446,larsoner
2020-03-13 16:20:32+00:00,7443,larsoner
2020-03-13 18:32:10+00:00,7432,larsoner
2020-03-13 18:33:18+00:00,7440,larsoner
2020-03-13 18:42:00+00:00,7423,larsoner
2020-03-14 00:19:31+00:00,7434,larsoner
2020-03-14 18:55:35+00:00,7448,larsoner
2020-03-16 13:08:15+00:00,7454,GuillaumeFavelier
2020-03-16 13:48:00+00:00,7457,larsoner
2020-03-16 15:37:22+00:00,7257,larsoner
2020-03-16 18:13:12+00:00,7456,agramfort
2020-03-16 18:30:49+00:00,7085,drammock
2020-03-16 19:39:21+00:00,7366,agramfort
2020-03-17 00:16:32+00:00,7462,larsoner
2020-03-17 08:00:45+00:00,7439,agramfort
2020-03-17 13:10:06+00:00,7459,larsoner
2020-03-17 13:21:48+00:00,7294,agramfort
2020-03-17 13:26:43+00:00,7465,larsoner
2020-03-17 17:13:17+00:00,7427,larsoner
2020-03-17 18:13:07+00:00,7460,drammock
2020-03-17 18:59:42+00:00,7451,larsoner
2020-03-17 19:15:30+00:00,7444,larsoner
2020-03-17 20:59:43+00:00,7468,agramfort
2020-03-17 22:33:10+00:00,7469,agramfort
2020-03-19 00:38:08+00:00,7476,larsoner
2020-03-19 01:23:28+00:00,7470,larsoner
2020-03-19 07:40:29+00:00,7473,agramfort
2020-03-19 07:53:45+00:00,7477,agramfort
2020-03-19 13:16:48+00:00,7474,larsoner
2020-03-19 15:51:49+00:00,7458,larsoner
2020-03-19 17:40:45+00:00,7155,drammock
2020-03-19 22:58:42+00:00,7480,larsoner
2020-03-20 16:53:51+00:00,7481,drammock
2020-03-20 22:52:46+00:00,7484,drammock
2020-03-21 15:28:20+00:00,7483,agramfort
2020-03-21 22:22:57+00:00,7488,drammock
2020-03-22 08:41:15+00:00,7486,agramfort
2020-03-22 08:42:37+00:00,7490,agramfort
2020-03-22 09:15:10+00:00,7489,agramfort
2020-03-23 11:33:52+00:00,7494,agramfort
2020-03-23 18:12:01+00:00,7496,drammock
2020-03-23 18:23:31+00:00,7491,larsoner
2020-03-23 21:57:18+00:00,7380,drammock
2020-03-24 01:56:30+00:00,7501,larsoner
2020-03-24 07:34:12+00:00,7500,agramfort
2020-03-24 07:38:45+00:00,7498,agramfort
2020-03-24 07:39:51+00:00,7499,agramfort
2020-03-24 07:42:26+00:00,7497,agramfort
2020-03-24 19:09:48+00:00,7506,larsoner
2020-03-24 20:50:34+00:00,7505,jasmainak
2020-03-25 07:44:16+00:00,7495,britta-wstnr
2020-03-25 13:07:12+00:00,7509,larsoner
2020-03-25 14:23:56+00:00,7510,larsoner
2020-03-25 15:29:02+00:00,7511,larsoner
2020-03-26 12:20:52+00:00,7516,agramfort
2020-03-26 12:49:32+00:00,7060,larsoner
2020-03-26 13:12:16+00:00,7517,larsoner
2020-03-27 01:40:52+00:00,7523,larsoner
2020-03-27 10:14:33+00:00,7524,mmagnuski
2020-03-27 10:49:53+00:00,7520,GuillaumeFavelier
2020-03-27 12:25:03+00:00,7522,larsoner
2020-03-27 15:01:29+00:00,7519,larsoner
2020-03-27 16:03:17+00:00,7525,larsoner
2020-03-27 16:41:15+00:00,7527,larsoner
2020-03-27 18:31:57+00:00,7530,larsoner
2020-03-29 08:28:39+00:00,7533,agramfort
2020-03-30 06:23:35+00:00,7536,agramfort
2020-03-30 15:00:16+00:00,7535,larsoner
2020-03-31 07:02:02+00:00,7538,agramfort
2020-03-31 14:57:20+00:00,7539,larsoner
2020-03-31 18:29:12+00:00,7532,drammock
2020-03-31 18:36:15+00:00,7542,larsoner
2020-04-01 20:16:58+00:00,7531,larsoner
2020-04-01 20:25:06+00:00,7545,larsoner
2020-04-01 23:10:35+00:00,7547,drammock
2020-04-02 15:28:41+00:00,7546,larsoner
2020-04-02 16:53:37+00:00,7550,larsoner
2020-04-02 17:00:38+00:00,7541,larsoner
2020-04-02 17:29:52+00:00,7551,larsoner
2020-04-03 08:57:05+00:00,7553,agramfort
2020-04-03 10:33:14+00:00,7554,agramfort
2020-04-03 17:40:21+00:00,7559,larsoner
2020-04-03 18:00:24+00:00,7557,larsoner
2020-04-04 13:47:23+00:00,7560,larsoner
2020-04-04 13:49:52+00:00,7558,larsoner
2020-04-05 12:55:10+00:00,7562,larsoner
2020-04-05 12:56:48+00:00,7556,larsoner
2020-04-06 13:19:54+00:00,7428,larsoner
2020-04-06 17:42:20+00:00,7508,larsoner
2020-04-06 17:43:50+00:00,7565,larsoner
2020-04-07 06:54:26+00:00,7569,agramfort
2020-04-07 06:56:44+00:00,7566,agramfort
2020-04-07 07:00:38+00:00,7567,agramfort
2020-04-07 13:25:12+00:00,7563,larsoner
2020-04-07 17:29:47+00:00,7573,larsoner
2020-04-07 17:30:42+00:00,7572,larsoner
2020-04-07 19:52:11+00:00,7407,larsoner
2020-04-08 15:53:51+00:00,7579,larsoner
2020-04-08 17:50:44+00:00,7580,larsoner
2020-04-08 20:16:03+00:00,7587,agramfort
2020-04-08 20:39:10+00:00,7507,larsoner
2020-04-08 22:10:27+00:00,7584,agramfort
2020-04-09 18:10:25+00:00,7581,larsoner
2020-04-10 18:37:27+00:00,7596,larsoner
2020-04-11 16:48:12+00:00,7598,larsoner
2020-04-13 14:27:13+00:00,7574,agramfort
2020-04-13 15:41:34+00:00,7594,larsoner
2020-04-14 14:27:41+00:00,7589,larsoner
2020-04-14 14:41:14+00:00,7590,larsoner
2020-04-15 12:17:13+00:00,7588,agramfort
2020-04-15 17:21:22+00:00,7600,hoechenberger
2020-04-16 13:07:23+00:00,7610,hoechenberger
2020-04-16 15:03:46+00:00,7593,larsoner
2020-04-16 15:38:52+00:00,7612,larsoner
2020-04-16 16:37:50+00:00,7613,hoechenberger
2020-04-16 18:35:16+00:00,7616,larsoner
2020-04-16 18:51:32+00:00,7614,larsoner
2020-04-17 13:02:45+00:00,7621,agramfort
2020-04-17 19:17:51+00:00,7625,larsoner
2020-04-17 20:31:11+00:00,7624,larsoner
2020-04-18 00:44:50+00:00,7626,larsoner
2020-04-18 00:46:30+00:00,7627,larsoner
2020-04-19 00:37:42+00:00,7606,larsoner
2020-04-19 00:40:31+00:00,7607,larsoner
2020-04-19 09:30:57+00:00,7630,agramfort
2020-04-20 08:05:06+00:00,7583,agramfort
2020-04-20 13:08:46+00:00,7623,larsoner
2020-04-20 13:09:19+00:00,7629,larsoner
2020-04-20 18:03:05+00:00,7634,larsoner
2020-04-21 00:42:15+00:00,7641,larsoner
2020-04-21 00:42:30+00:00,7640,larsoner
2020-04-21 01:09:52+00:00,7643,larsoner
2020-04-21 03:01:34+00:00,7618,larsoner
2020-04-21 03:05:11+00:00,7597,larsoner
2020-04-21 14:47:05+00:00,7603,larsoner
2020-04-21 15:39:43+00:00,7638,larsoner
2020-04-21 19:10:05+00:00,7649,larsoner
2020-04-21 19:55:13+00:00,7647,larsoner
2020-04-21 22:40:39+00:00,7650,larsoner
2020-04-21 22:42:27+00:00,7651,larsoner
2020-04-22 09:20:43+00:00,7646,agramfort
2020-04-22 13:11:55+00:00,7642,larsoner
2020-04-22 15:38:32+00:00,7653,larsoner
2020-04-22 18:48:41+00:00,7529,cbrnr
2020-04-22 20:49:46+00:00,7658,larsoner
2020-04-23 00:23:15+00:00,7620,larsoner
2020-04-23 06:41:00+00:00,7619,agramfort
2020-04-23 08:54:35+00:00,7660,agramfort
2020-04-23 19:39:03+00:00,7665,larsoner
2020-04-23 22:06:17+00:00,7668,larsoner
2020-04-24 06:24:28+00:00,7670,agramfort
2020-04-24 07:42:56+00:00,7664,agramfort
2020-04-24 15:45:50+00:00,7675,larsoner
2020-04-24 19:44:54+00:00,7674,larsoner
2020-04-25 16:56:43+00:00,7677,agramfort
2020-04-25 19:16:21+00:00,7672,larsoner
2020-04-27 18:59:58+00:00,7685,agramfort
2020-04-27 19:01:28+00:00,7682,agramfort
2020-04-28 09:22:35+00:00,7687,agramfort
2020-04-28 13:52:45+00:00,7686,drammock
2020-04-28 22:33:39+00:00,7690,larsoner
2020-04-29 13:52:51+00:00,7695,agramfort
2020-04-29 18:38:00+00:00,7700,drammock
2020-04-29 19:42:43+00:00,7699,agramfort
2020-04-30 12:11:49+00:00,7639,larsoner
2020-04-30 13:28:16+00:00,7659,larsoner
2020-04-30 17:46:24+00:00,7688,larsoner
2020-04-30 18:39:51+00:00,7703,larsoner
2020-04-30 19:58:04+00:00,7663,larsoner
2020-04-30 21:46:29+00:00,7265,larsoner
2020-05-01 01:31:07+00:00,7704,larsoner
2020-05-01 08:00:12+00:00,7707,agramfort
2020-05-01 16:11:11+00:00,7698,hoechenberger
2020-05-02 00:33:35+00:00,7706,larsoner
2020-05-03 11:28:37+00:00,7712,agramfort
2020-05-03 14:34:05+00:00,7714,larsoner
2020-05-04 13:43:46+00:00,7701,larsoner
2020-05-04 13:51:15+00:00,7722,larsoner
2020-05-04 15:55:49+00:00,7724,larsoner
2020-05-04 21:53:45+00:00,7730,larsoner
2020-05-05 08:13:50+00:00,7729,agramfort
2020-05-05 08:31:57+00:00,7728,agramfort
2020-05-05 13:12:13+00:00,7726,larsoner
2020-05-05 14:36:24+00:00,7702,larsoner
2020-05-05 20:13:30+00:00,7735,drammock
2020-05-06 06:55:05+00:00,7731,agramfort
2020-05-06 19:10:07+00:00,7740,larsoner
2020-05-07 12:19:33+00:00,7742,larsoner
2020-05-07 15:59:04+00:00,7748,drammock
2020-05-07 16:16:45+00:00,7749,larsoner
2020-05-07 19:43:47+00:00,7750,larsoner
2020-05-08 10:25:48+00:00,7708,GuillaumeFavelier
2020-05-08 15:35:04+00:00,7755,larsoner
2020-05-08 18:41:12+00:00,7754,larsoner
2020-05-08 18:41:26+00:00,7737,larsoner
2020-05-08 19:56:13+00:00,7752,agramfort
2020-05-09 08:05:17+00:00,7756,agramfort
2020-05-11 06:43:15+00:00,7725,agramfort
2020-05-11 20:17:39+00:00,7764,larsoner
2020-05-11 21:19:30+00:00,7766,larsoner
2020-05-12 01:50:34+00:00,7747,larsoner
2020-05-12 02:59:30+00:00,7767,larsoner
2020-05-12 06:51:25+00:00,7763,agramfort
2020-05-12 13:47:28+00:00,7770,larsoner
2020-05-12 14:33:15+00:00,7759,larsoner
2020-05-12 19:17:13+00:00,7772,agramfort
2020-05-12 19:26:59+00:00,7736,agramfort
2020-05-13 06:15:30+00:00,7777,agramfort
2020-05-13 22:52:50+00:00,7781,drammock
2020-05-14 15:48:03+00:00,7783,larsoner
2020-05-14 17:32:44+00:00,7780,larsoner
2020-05-14 18:08:43+00:00,7786,larsoner
2020-05-15 18:21:41+00:00,7768,drammock
2020-05-18 17:36:48+00:00,7762,larsoner
2020-05-19 07:30:35+00:00,7796,agramfort
2020-05-19 07:36:59+00:00,7794,agramfort
2020-05-19 07:37:44+00:00,7797,agramfort
2020-05-19 20:38:51+00:00,7795,larsoner
2020-05-20 01:40:26+00:00,7761,larsoner
2020-05-20 15:29:56+00:00,7801,larsoner
2020-05-20 16:23:25+00:00,7802,larsoner
2020-05-21 15:03:06+00:00,7806,larsoner
2020-05-21 16:22:50+00:00,7804,larsoner
2020-05-22 15:58:26+00:00,7784,larsoner
2020-05-22 16:51:27+00:00,7800,larsoner
2020-05-22 16:59:27+00:00,7810,larsoner
2020-05-22 21:34:57+00:00,7811,larsoner
2020-05-24 00:27:44+00:00,7812,larsoner
2020-05-24 07:59:41+00:00,7809,hoechenberger
2020-05-24 12:19:53+00:00,7817,agramfort
2020-05-25 05:07:59+00:00,7820,hoechenberger
2020-05-25 19:47:37+00:00,7826,agramfort
2020-05-26 13:13:21+00:00,7827,larsoner
2020-05-26 13:47:55+00:00,7822,larsoner
2020-05-26 18:56:44+00:00,7830,larsoner
2020-05-26 22:33:35+00:00,7832,larsoner
2020-05-27 06:27:08+00:00,7833,agramfort
2020-05-27 10:23:31+00:00,7819,agramfort
2020-05-27 16:27:19+00:00,7835,drammock
2020-05-27 20:42:12+00:00,7839,larsoner
2020-05-27 20:48:32+00:00,7840,agramfort
2020-05-28 06:10:03+00:00,7825,agramfort
2020-05-28 12:17:22+00:00,7841,larsoner
2020-05-28 17:39:18+00:00,7843,larsoner
2020-05-29 01:09:30+00:00,7705,larsoner
2020-05-29 01:28:12+00:00,7831,larsoner
2020-05-29 02:36:29+00:00,7733,larsoner
2020-05-29 07:16:16+00:00,7734,agramfort
2020-05-29 13:10:24+00:00,7846,agramfort
2020-05-29 14:07:40+00:00,7823,drammock
2020-05-29 19:52:50+00:00,7852,agramfort
2020-05-29 19:57:36+00:00,7851,agramfort
2020-06-01 15:23:16+00:00,7855,larsoner
2020-06-05 00:21:38+00:00,7864,drammock
2020-06-05 16:19:58+00:00,7866,larsoner
2020-06-05 18:13:50+00:00,7863,larsoner
2020-06-06 06:30:23+00:00,7870,agramfort
2020-06-07 07:12:38+00:00,7869,agramfort
2020-06-08 17:25:36+00:00,7878,larsoner
2020-06-08 18:17:48+00:00,7875,cbrnr
2020-06-08 20:28:15+00:00,7879,larsoner
2020-06-08 20:31:04+00:00,7881,larsoner
2020-06-08 21:13:39+00:00,7882,drammock
2020-06-09 19:27:09+00:00,7880,larsoner
2020-06-10 15:31:27+00:00,7877,larsoner
2020-06-11 18:11:37+00:00,7888,larsoner
2020-06-11 18:25:01+00:00,7889,larsoner
2020-06-11 18:25:47+00:00,7887,larsoner
2020-06-11 20:55:58+00:00,7890,larsoner
2020-06-12 15:32:09+00:00,7895,larsoner
2020-06-13 12:35:49+00:00,7824,wmvanvliet
2020-06-14 18:44:58+00:00,7899,agramfort
2020-06-15 13:29:58+00:00,7898,larsoner
2020-06-16 15:29:18+00:00,7845,larsoner
2020-06-16 15:32:33+00:00,7902,larsoner
2020-06-16 15:34:34+00:00,7900,larsoner
2020-06-16 19:19:55+00:00,7904,larsoner
2020-06-17 01:51:59+00:00,7758,larsoner
2020-06-17 17:19:01+00:00,7906,larsoner
2020-06-18 15:32:39+00:00,7908,larsoner
2020-06-19 20:11:28+00:00,7910,agramfort
2020-06-22 21:34:17+00:00,7917,larsoner
2020-06-23 06:31:31+00:00,7896,agramfort
2020-06-23 13:37:02+00:00,7905,larsoner
2020-06-23 18:10:25+00:00,7883,agramfort
2020-06-25 13:08:20+00:00,7924,larsoner
2020-06-25 15:51:39+00:00,7925,larsoner
2020-06-25 16:10:07+00:00,7928,larsoner
2020-06-25 17:02:37+00:00,7930,larsoner
2020-06-25 17:12:21+00:00,7916,larsoner
2020-06-25 18:57:32+00:00,7931,larsoner
2020-06-25 20:33:39+00:00,7791,agramfort
2020-06-25 20:52:11+00:00,7929,larsoner
2020-06-25 22:51:46+00:00,7775,larsoner
2020-06-26 07:28:42+00:00,7923,cbrnr
2020-06-26 21:32:07+00:00,7935,larsoner
2020-06-27 20:01:25+00:00,7934,agramfort
2020-06-30 19:59:46+00:00,7943,agramfort
2020-07-01 05:39:27+00:00,7949,agramfort
2020-07-01 08:21:12+00:00,7948,agramfort
2020-07-01 14:15:31+00:00,7953,larsoner
2020-07-01 17:55:40+00:00,7940,larsoner
2020-07-01 18:30:16+00:00,7952,larsoner
2020-07-02 06:40:40+00:00,7954,agramfort
2020-07-02 14:50:52+00:00,7951,cbrnr
2020-07-05 19:56:31+00:00,7950,larsoner
2020-07-06 09:27:36+00:00,7961,hoechenberger
2020-07-06 22:16:00+00:00,7965,larsoner
2020-07-07 12:27:42+00:00,7968,larsoner
2020-07-07 12:30:08+00:00,7970,larsoner
2020-07-07 12:31:45+00:00,7957,larsoner
2020-07-07 12:54:31+00:00,7967,agramfort
2020-07-08 09:32:21+00:00,7976,agramfort
2020-07-08 09:50:18+00:00,7963,agramfort
2020-07-08 09:56:02+00:00,7964,agramfort
2020-07-08 16:07:32+00:00,7971,cbrnr
2020-07-09 17:12:50+00:00,7983,larsoner
2020-07-09 17:26:02+00:00,7980,larsoner
2020-07-09 17:37:40+00:00,7982,larsoner
2020-07-09 19:18:00+00:00,7987,larsoner
2020-07-09 20:05:20+00:00,7986,agramfort
2020-07-09 20:09:09+00:00,7988,agramfort
2020-07-09 20:15:53+00:00,7974,larsoner
2020-07-10 13:14:01+00:00,7990,hoechenberger
2020-07-10 18:52:57+00:00,7979,larsoner
2020-07-10 20:42:10+00:00,7994,hoechenberger
2020-07-11 12:56:24+00:00,7997,agramfort
2020-07-11 14:46:02+00:00,7996,agramfort
2020-07-11 15:21:24+00:00,7578,drammock
2020-07-13 13:57:40+00:00,8003,larsoner
2020-07-13 16:16:00+00:00,8007,larsoner
2020-07-13 16:39:24+00:00,8005,larsoner
2020-07-13 19:12:30+00:00,7998,larsoner
2020-07-14 14:24:45+00:00,8006,larsoner
2020-07-14 14:48:47+00:00,7991,larsoner
2020-07-14 17:15:40+00:00,8002,larsoner
2020-07-14 18:22:18+00:00,8010,larsoner
2020-07-14 18:47:54+00:00,7656,larsoner
2020-07-15 14:11:40+00:00,8011,larsoner
2020-07-15 15:49:12+00:00,8012,agramfort
2020-07-16 06:38:17+00:00,8017,agramfort
2020-07-16 19:06:42+00:00,7156,agramfort
2020-07-16 20:49:41+00:00,7927,larsoner
2020-07-17 10:12:33+00:00,8022,larsoner
2020-07-17 20:40:23+00:00,8021,larsoner
2020-07-18 09:05:52+00:00,8023,agramfort
2020-07-20 09:03:23+00:00,8029,hoechenberger
2020-07-20 17:06:04+00:00,8024,larsoner
2020-07-20 19:50:40+00:00,8034,larsoner
2020-07-21 17:13:46+00:00,8018,larsoner
2020-07-21 19:54:38+00:00,8035,larsoner
2020-07-22 12:46:48+00:00,8033,larsoner
2020-07-22 15:47:48+00:00,8042,larsoner
2020-07-22 20:24:10+00:00,8047,larsoner
2020-07-22 20:43:00+00:00,8037,agramfort
2020-07-23 12:25:29+00:00,7962,larsoner
2020-07-23 12:25:39+00:00,8049,larsoner
2020-07-23 15:28:20+00:00,8051,larsoner
2020-07-23 21:38:25+00:00,8050,larsoner
2020-07-24 16:20:34+00:00,8055,larsoner
2020-07-24 18:34:02+00:00,8056,larsoner
2020-07-24 21:49:08+00:00,8014,drammock
2020-07-25 11:57:53+00:00,8057,larsoner
2020-07-26 13:18:20+00:00,8054,larsoner
2020-07-26 13:30:13+00:00,7972,larsoner
2020-07-26 13:32:35+00:00,8059,larsoner
2020-07-26 16:58:32+00:00,8061,larsoner
2020-07-26 16:59:32+00:00,8058,larsoner
2020-07-28 15:52:02+00:00,8041,larsoner
2020-07-29 14:21:04+00:00,8066,larsoner
2020-07-29 15:29:39+00:00,8068,GuillaumeFavelier
2020-07-30 20:11:00+00:00,8063,larsoner
2020-07-31 01:44:19+00:00,8072,larsoner
2020-08-03 07:43:21+00:00,8075,hoechenberger
2020-08-03 08:16:43+00:00,8077,hoechenberger
2020-08-04 07:36:19+00:00,8073,agramfort
2020-08-04 09:39:26+00:00,8084,hoechenberger
2020-08-04 21:03:50+00:00,8089,agramfort
2020-08-05 12:02:46+00:00,8091,larsoner
2020-08-05 13:41:39+00:00,8090,agramfort
2020-08-05 14:26:56+00:00,8064,larsoner
2020-08-05 15:09:07+00:00,8098,larsoner
2020-08-05 15:50:00+00:00,8099,larsoner
2020-08-06 13:14:57+00:00,8095,larsoner
2020-08-06 13:19:58+00:00,8086,larsoner
2020-08-06 13:21:28+00:00,8079,larsoner
2020-08-07 13:21:09+00:00,8102,agramfort
2020-08-08 10:02:25+00:00,8107,agramfort
2020-08-08 10:05:05+00:00,8108,agramfort
2020-08-08 14:07:49+00:00,8109,larsoner
2020-08-10 14:31:28+00:00,8103,larsoner
2020-08-10 16:01:59+00:00,8082,larsoner
2020-08-11 16:24:25+00:00,7609,drammock
2020-08-11 22:13:05+00:00,8083,drammock
2020-08-14 18:12:39+00:00,8100,agramfort
2020-08-17 11:15:14+00:00,8123,GuillaumeFavelier
2020-08-18 13:51:52+00:00,8122,agramfort
2020-08-18 14:05:04+00:00,8117,larsoner
2020-08-18 14:18:36+00:00,8126,larsoner
2020-08-18 19:15:05+00:00,8112,agramfort
2020-08-19 10:06:02+00:00,8129,agramfort
2020-08-20 14:12:48+00:00,8125,larsoner
2020-08-20 20:03:52+00:00,8135,agramfort
2020-08-20 20:05:36+00:00,8134,agramfort
2020-08-21 12:57:29+00:00,8138,drammock
2020-08-21 16:42:10+00:00,8141,drammock
2020-08-24 07:54:29+00:00,8146,agramfort
2020-08-24 18:46:44+00:00,8113,larsoner
2020-08-24 19:27:06+00:00,8132,hoechenberger
2020-08-25 12:29:45+00:00,8153,larsoner
2020-08-25 12:41:55+00:00,8155,agramfort
2020-08-25 14:39:31+00:00,8111,hoechenberger
2020-08-27 09:49:09+00:00,8165,GuillaumeFavelier
2020-08-27 15:52:39+00:00,8166,GuillaumeFavelier
2020-08-27 16:21:33+00:00,8164,larsoner
2020-08-27 16:24:02+00:00,8161,larsoner
2020-08-27 20:08:12+00:00,8169,hoechenberger
2020-08-31 18:35:23+00:00,8174,larsoner
2020-09-01 03:12:15+00:00,8180,larsoner
2020-09-01 13:28:13+00:00,8178,larsoner
2020-09-01 13:33:39+00:00,8179,larsoner
2020-09-01 15:32:39+00:00,8185,hoechenberger
2020-09-01 16:14:38+00:00,8181,larsoner
2020-09-01 19:01:31+00:00,8187,agramfort
2020-09-01 19:14:45+00:00,8188,agramfort
2020-09-01 20:40:47+00:00,8191,larsoner
2020-09-02 06:54:17+00:00,8193,agramfort
2020-09-02 14:33:00+00:00,8182,larsoner
2020-09-02 14:36:23+00:00,8170,larsoner
2020-09-02 14:37:18+00:00,8194,larsoner
2020-09-02 16:08:47+00:00,8189,larsoner
2020-09-02 18:44:24+00:00,8197,larsoner
2020-09-02 20:13:26+00:00,8200,larsoner
2020-09-02 23:23:32+00:00,8198,larsoner
2020-09-02 23:25:10+00:00,8151,larsoner
2020-09-03 05:57:05+00:00,8175,hoechenberger
2020-09-03 08:08:39+00:00,8202,GuillaumeFavelier
2020-09-03 09:34:38+00:00,8206,agramfort
2020-09-03 14:31:35+00:00,8207,GuillaumeFavelier
2020-09-03 21:45:05+00:00,7087,drammock
2020-09-03 22:29:45+00:00,7455,drammock
2020-09-04 00:24:56+00:00,8209,larsoner
2020-09-04 02:36:19+00:00,8212,larsoner
2020-09-04 14:56:00+00:00,8214,cbrnr
2020-09-06 00:57:33+00:00,8210,larsoner
2020-09-06 02:22:39+00:00,8176,larsoner
2020-09-07 08:10:28+00:00,8177,hoechenberger
2020-09-08 15:32:10+00:00,7667,larsoner
2020-09-08 16:39:06+00:00,8116,larsoner
2020-09-08 19:03:12+00:00,8220,hoechenberger
2020-09-08 20:49:42+00:00,8223,larsoner
2020-09-09 06:11:54+00:00,6017,agramfort
2020-09-09 12:22:49+00:00,7891,agramfort
2020-09-09 15:06:48+00:00,8227,drammock
2020-09-09 19:55:38+00:00,8228,larsoner
2020-09-09 19:58:41+00:00,7393,larsoner
2020-09-10 06:35:34+00:00,8230,agramfort
2020-09-10 08:48:20+00:00,8229,agramfort
2020-09-10 19:56:12+00:00,8224,drammock
2020-09-10 20:44:07+00:00,8235,larsoner
2020-09-11 12:25:52+00:00,8225,larsoner
2020-09-11 12:26:38+00:00,8239,larsoner
2020-09-11 13:27:33+00:00,8234,larsoner
2020-09-11 13:32:25+00:00,7847,larsoner
2020-09-11 16:37:15+00:00,8240,larsoner
2020-09-11 20:05:38+00:00,8244,larsoner
2020-09-12 00:38:12+00:00,8246,larsoner
2020-09-12 16:55:40+00:00,8248,hoechenberger
2020-09-14 10:21:22+00:00,8243,larsoner
2020-09-14 13:37:29+00:00,8156,larsoner
2020-09-14 13:43:31+00:00,8252,larsoner
2020-09-14 13:48:15+00:00,8245,larsoner
2020-09-14 16:06:33+00:00,8253,larsoner
2020-09-14 17:17:51+00:00,8254,larsoner
2020-09-14 20:23:51+00:00,8255,hoechenberger
2020-09-14 22:59:35+00:00,8256,larsoner
2020-09-15 14:16:30+00:00,8260,larsoner
2020-09-15 18:33:09+00:00,8261,larsoner
2020-09-15 18:56:44+00:00,8262,larsoner
2020-09-16 12:32:55+00:00,8264,larsoner
2020-09-18 02:56:10+00:00,8266,larsoner
2020-09-18 09:12:47+00:00,8276,agramfort
2020-09-18 10:39:15+00:00,8278,hoechenberger
2020-09-18 16:56:52+00:00,8269,larsoner
2020-09-18 20:48:59+00:00,8279,larsoner
2020-09-21 06:34:04+00:00,8137,agramfort
2020-09-21 07:11:15+00:00,8282,agramfort
2020-09-22 07:51:38+00:00,8285,hoechenberger
2020-09-22 12:20:15+00:00,8286,agramfort
2020-09-22 13:02:34+00:00,8283,larsoner
2020-09-22 13:03:53+00:00,8287,larsoner
2020-09-22 14:29:58+00:00,8288,larsoner
2020-09-23 19:39:46+00:00,8297,drammock
2020-09-23 19:48:28+00:00,8299,drammock
2020-09-23 20:01:03+00:00,8265,agramfort
2020-09-24 13:28:07+00:00,8298,larsoner
2020-09-25 16:47:46+00:00,8306,larsoner
2020-09-25 17:31:16+00:00,8303,larsoner
2020-09-25 19:12:20+00:00,8301,hoechenberger
2020-09-26 19:26:41+00:00,8310,hoechenberger
2020-09-28 19:35:52+00:00,8314,larsoner
2020-09-29 15:08:01+00:00,8317,larsoner
2020-09-29 15:51:35+00:00,8318,larsoner
2020-09-30 16:50:20+00:00,8320,larsoner
2020-09-30 19:00:01+00:00,8323,agramfort
2020-10-01 08:08:33+00:00,8321,hoechenberger
2020-10-01 12:17:20+00:00,8268,larsoner
2020-10-01 18:59:49+00:00,8329,larsoner
2020-10-01 19:49:16+00:00,8330,larsoner
2020-10-02 09:38:14+00:00,8331,agramfort
2020-10-02 12:02:13+00:00,8333,hoechenberger
2020-10-04 14:08:37+00:00,8326,hoechenberger
2020-10-05 12:09:09+00:00,8341,larsoner
2020-10-06 05:55:40+00:00,8344,hoechenberger
2020-10-06 07:21:36+00:00,8343,hoechenberger
2020-10-06 09:37:02+00:00,8345,hoechenberger
2020-10-07 17:33:42+00:00,8350,hoechenberger
2020-10-08 15:16:37+00:00,8352,GuillaumeFavelier
2020-10-12 13:45:57+00:00,8351,hoechenberger
2020-10-12 15:28:36+00:00,8340,larsoner
2020-10-12 21:34:27+00:00,8359,larsoner
2020-10-13 17:23:19+00:00,8358,larsoner
2020-10-13 20:54:19+00:00,8365,larsoner
2020-10-14 12:17:56+00:00,8361,larsoner
2020-10-14 12:54:43+00:00,8357,hoechenberger
2020-10-14 13:28:17+00:00,8356,larsoner
2020-10-15 11:27:02+00:00,8372,larsoner
2020-10-15 11:29:29+00:00,8371,larsoner
2020-10-15 12:07:10+00:00,8368,larsoner
2020-10-15 12:22:51+00:00,8373,larsoner
2020-10-15 19:13:10+00:00,7955,agramfort
2020-10-15 19:36:24+00:00,8377,drammock
2020-10-16 18:41:37+00:00,8190,larsoner
2020-10-16 19:52:06+00:00,8374,larsoner
2020-10-20 09:50:05+00:00,8390,agramfort
2020-10-20 12:11:21+00:00,8389,larsoner
2020-10-20 13:57:43+00:00,8392,larsoner
2020-10-20 14:42:43+00:00,8393,larsoner
2020-10-20 16:44:08+00:00,8367,larsoner
2020-10-21 16:51:38+00:00,8396,agramfort
2020-10-22 06:45:35+00:00,8395,agramfort
2020-10-22 14:59:47+00:00,8379,larsoner
2020-10-22 17:11:48+00:00,8404,larsoner
2020-10-23 11:26:21+00:00,8406,larsoner
2020-10-23 11:52:30+00:00,8405,larsoner
2020-10-23 13:24:18+00:00,8408,agramfort
2020-10-23 14:50:10+00:00,8400,larsoner
2020-10-23 18:25:28+00:00,8412,larsoner
2020-10-23 18:31:05+00:00,8414,larsoner
2020-10-23 18:32:52+00:00,8409,hoechenberger
2020-10-24 08:28:58+00:00,8417,agramfort
2020-10-24 08:32:09+00:00,8415,agramfort
2020-10-24 10:22:49+00:00,8418,hoechenberger
2020-10-25 20:29:51+00:00,8422,drammock
2020-10-26 14:22:01+00:00,8402,larsoner
2020-10-26 20:15:21+00:00,8431,agramfort
2020-10-26 23:20:23+00:00,8366,larsoner
2020-10-27 09:19:52+00:00,8433,agramfort
2020-10-27 12:49:49+00:00,8427,larsoner
2020-10-27 15:35:52+00:00,8434,cbrnr
2020-10-27 20:39:33+00:00,8435,larsoner
2020-10-27 20:47:22+00:00,8416,larsoner
2020-10-27 20:52:09+00:00,8437,larsoner
2020-10-28 08:50:18+00:00,8439,agramfort
2020-10-28 21:34:48+00:00,8448,larsoner
2020-10-29 07:48:05+00:00,8449,agramfort
2020-10-29 14:36:36+00:00,8450,drammock
2020-10-30 16:48:09+00:00,8454,larsoner
2020-10-30 21:54:35+00:00,8420,drammock
2020-10-31 13:03:10+00:00,8459,agramfort
2020-10-31 13:13:17+00:00,8447,agramfort
2020-10-31 16:53:03+00:00,8446,larsoner
2020-10-31 18:22:15+00:00,8463,larsoner
2020-11-02 10:21:29+00:00,8458,larsoner
2020-11-02 13:45:39+00:00,8464,agramfort
2020-11-02 18:54:27+00:00,8466,larsoner
2020-11-03 09:18:34+00:00,8471,agramfort
2020-11-03 12:31:07+00:00,8467,larsoner
2020-11-03 13:03:33+00:00,8460,larsoner
2020-11-03 14:39:06+00:00,8475,larsoner
2020-11-03 15:50:27+00:00,8474,larsoner
2020-11-03 15:58:59+00:00,8462,agramfort
2020-11-03 20:00:42+00:00,8468,larsoner
2020-11-04 03:21:57+00:00,8477,larsoner
2020-11-04 07:23:28+00:00,8478,agramfort
2020-11-04 21:01:29+00:00,8482,larsoner
2020-11-04 22:31:04+00:00,8483,drammock
2020-11-05 08:42:43+00:00,8452,jona-sassenhagen
2020-11-05 13:16:47+00:00,8485,agramfort
2020-11-05 13:21:03+00:00,8484,larsoner
2020-11-05 16:38:55+00:00,8469,larsoner
2020-11-05 21:20:47+00:00,8486,agramfort
2020-11-05 21:37:18+00:00,8490,larsoner
2020-11-06 14:53:26+00:00,8491,larsoner
2020-11-09 12:14:22+00:00,8494,larsoner
2020-11-09 15:17:35+00:00,8489,larsoner
2020-11-09 19:35:59+00:00,8492,cbrnr
2020-11-10 13:39:09+00:00,8498,larsoner
2020-11-10 16:21:18+00:00,8442,larsoner
2020-11-10 16:38:00+00:00,8384,larsoner
2020-11-10 22:45:44+00:00,8500,drammock
2020-11-12 12:22:18+00:00,8502,larsoner
2020-11-12 14:16:05+00:00,8506,larsoner
2020-11-12 16:59:34+00:00,8413,larsoner
2020-11-12 19:38:24+00:00,8495,larsoner
2020-11-12 19:41:14+00:00,8508,larsoner
2020-11-13 07:02:36+00:00,8504,cbrnr
2020-11-13 13:04:08+00:00,7070,larsoner
2020-11-13 13:22:06+00:00,8381,larsoner
2020-11-13 13:50:30+00:00,8275,larsoner
2020-11-13 21:20:51+00:00,8516,larsoner
2020-11-14 14:34:06+00:00,8521,larsoner
2020-11-14 16:54:46+00:00,8520,cbrnr
2020-11-14 18:32:36+00:00,8515,larsoner
2020-11-14 18:50:01+00:00,8522,larsoner
2020-11-14 21:36:31+00:00,8524,cbrnr
2020-11-15 17:46:22+00:00,8496,larsoner
2020-11-15 17:52:06+00:00,8526,larsoner
2020-11-15 19:48:23+00:00,8528,larsoner
2020-11-15 22:55:00+00:00,8527,larsoner
2020-11-16 21:22:20+00:00,8532,agramfort
2020-11-17 08:10:54+00:00,8529,agramfort
2020-11-17 14:54:03+00:00,8514,larsoner
2020-11-17 19:11:05+00:00,8519,agramfort
2020-11-18 09:59:31+00:00,8533,GuillaumeFavelier
2020-11-18 14:19:45+00:00,8536,larsoner
2020-11-18 17:40:51+00:00,8539,larsoner
2020-11-18 20:25:59+00:00,8541,larsoner
2020-11-18 20:50:38+00:00,8540,larsoner
2020-11-19 02:23:01+00:00,8537,larsoner
2020-11-19 12:38:03+00:00,8046,larsoner
2020-11-19 15:46:07+00:00,8543,GuillaumeFavelier
2020-11-20 15:27:58+00:00,8548,larsoner
2020-11-20 16:59:53+00:00,8545,drammock
2020-11-20 17:23:13+00:00,8549,larsoner
2020-11-20 19:03:41+00:00,7717,larsoner
2020-11-22 13:31:52+00:00,8552,larsoner
2020-11-22 13:37:13+00:00,8542,larsoner
2020-11-23 16:53:04+00:00,8557,larsoner
2020-11-23 17:55:51+00:00,8554,larsoner
2020-11-24 00:38:19+00:00,8561,drammock
2020-11-24 07:30:39+00:00,8354,agramfort
2020-11-24 07:48:57+00:00,8560,agramfort
2020-11-24 11:00:57+00:00,8564,agramfort
2020-11-24 19:44:42+00:00,8569,larsoner
2020-11-24 19:44:59+00:00,8558,larsoner
2020-11-24 20:38:59+00:00,8570,larsoner
2020-11-24 20:39:40+00:00,8567,larsoner
2020-11-24 22:51:58+00:00,8546,drammock
2020-11-25 17:26:40+00:00,8572,larsoner
2020-11-25 17:29:29+00:00,8547,larsoner
2020-11-26 09:25:51+00:00,8538,GuillaumeFavelier
2020-11-26 15:36:45+00:00,8575,GuillaumeFavelier
2020-11-29 18:35:51+00:00,8580,cbrnr
2020-11-30 19:01:00+00:00,8586,larsoner
2020-11-30 19:08:09+00:00,8585,larsoner
2020-12-01 23:53:36+00:00,8589,larsoner
2020-12-02 14:19:53+00:00,8584,larsoner
2020-12-02 16:40:43+00:00,8595,drammock
2020-12-02 18:21:54+00:00,8590,larsoner
2020-12-03 09:47:14+00:00,8601,agramfort
2020-12-03 19:01:13+00:00,8598,larsoner
2020-12-04 14:38:28+00:00,8603,drammock
2020-12-04 15:44:16+00:00,8605,agramfort
2020-12-04 17:32:47+00:00,8596,larsoner
2020-12-04 18:58:01+00:00,8444,larsoner
2020-12-05 17:03:30+00:00,8534,agramfort
2020-12-07 13:38:48+00:00,8611,larsoner
2020-12-07 15:42:12+00:00,8619,larsoner
2020-12-07 16:57:54+00:00,8576,larsoner
2020-12-07 20:12:03+00:00,8621,larsoner
2020-12-08 08:27:30+00:00,8618,agramfort
2020-12-08 12:24:54+00:00,8626,GuillaumeFavelier
2020-12-08 12:40:37+00:00,8622,larsoner
2020-12-08 15:03:16+00:00,8627,larsoner
2020-12-08 17:35:52+00:00,8629,larsoner
2020-12-08 20:05:16+00:00,8631,agramfort
2020-12-09 09:45:55+00:00,8630,GuillaumeFavelier
2020-12-09 13:41:06+00:00,8636,larsoner
2020-12-09 16:58:56+00:00,8638,larsoner
2020-12-09 20:06:27+00:00,8553,agramfort
2020-12-09 23:45:31+00:00,8612,drammock
2020-12-10 18:47:19+00:00,8643,larsoner
2020-12-11 15:18:21+00:00,8647,hoechenberger
2020-12-12 19:41:55+00:00,8624,hoechenberger
2020-12-14 13:09:28+00:00,8644,GuillaumeFavelier
2020-12-14 15:47:05+00:00,8656,larsoner
2020-12-14 16:04:28+00:00,8653,larsoner
2020-12-14 16:48:32+00:00,8651,larsoner
2020-12-14 18:45:41+00:00,8657,larsoner
2020-12-14 21:06:26+00:00,8608,agramfort
2020-12-15 17:54:21+00:00,8658,larsoner
2020-12-15 18:40:07+00:00,8663,larsoner
2020-12-15 18:50:35+00:00,8662,cbrnr
2020-12-15 20:52:35+00:00,8610,larsoner
2020-12-16 13:29:35+00:00,8577,larsoner
2020-12-16 14:29:14+00:00,8633,larsoner
2020-12-16 16:40:41+00:00,8645,larsoner
2020-12-17 00:47:13+00:00,8594,larsoner
2020-12-17 10:42:04+00:00,8665,agramfort
2020-12-17 15:28:21+00:00,8335,larsoner
2020-12-18 12:11:49+00:00,8672,larsoner
2020-12-19 11:00:50+00:00,8676,agramfort
2020-12-21 12:54:44+00:00,8675,larsoner
2020-12-25 21:45:57+00:00,8668,drammock
2020-12-29 20:09:11+00:00,8682,drammock
2020-12-30 18:28:39+00:00,8683,larsoner
2020-12-30 18:33:21+00:00,8673,larsoner
2020-12-30 20:20:48+00:00,8689,cbrnr
2020-12-30 20:21:28+00:00,8688,cbrnr
2020-12-31 21:16:17+00:00,8690,cbrnr
2021-01-04 13:19:00+00:00,8669,drammock
2021-01-04 20:16:59+00:00,8696,larsoner
2021-01-06 14:25:05+00:00,8695,larsoner
2021-01-06 16:24:52+00:00,8503,GuillaumeFavelier
2021-01-06 18:28:37+00:00,8702,larsoner
2021-01-07 15:16:26+00:00,8697,larsoner
2021-01-07 17:43:15+00:00,8709,larsoner
2021-01-07 18:10:30+00:00,8698,agramfort
2021-01-08 01:28:57+00:00,8707,larsoner
2021-01-08 07:38:29+00:00,8713,agramfort
2021-01-08 11:15:04+00:00,8720,hoechenberger
2021-01-08 11:15:28+00:00,8721,hoechenberger
2021-01-08 12:51:50+00:00,8712,larsoner
2021-01-08 17:16:29+00:00,8723,larsoner
2021-01-09 20:09:19+00:00,8725,agramfort
2021-01-10 18:50:02+00:00,8728,jasmainak
2021-01-12 12:32:10+00:00,8731,larsoner
2021-01-12 20:18:20+00:00,8020,larsoner
2021-01-12 21:07:01+00:00,8711,larsoner
2021-01-13 14:29:53+00:00,8742,drammock
2021-01-14 08:30:06+00:00,8727,agramfort
2021-01-14 14:48:52+00:00,8736,larsoner
2021-01-15 07:48:35+00:00,8744,hoechenberger
2021-01-15 21:04:12+00:00,8752,drammock
2021-01-15 21:25:04+00:00,8739,larsoner
2021-01-18 11:02:42+00:00,8759,hoechenberger
2021-01-18 14:10:53+00:00,8762,agramfort
2021-01-18 17:21:40+00:00,8763,drammock
2021-01-19 15:16:28+00:00,8734,larsoner
2021-01-20 13:18:27+00:00,8738,larsoner
2021-01-21 13:05:33+00:00,8768,larsoner
2021-01-21 15:11:09+00:00,8708,agramfort
2021-01-22 09:18:00+00:00,8769,GuillaumeFavelier
2021-01-23 11:36:32+00:00,8760,agramfort
2021-01-23 11:43:13+00:00,8774,cbrnr
2021-01-23 12:02:04+00:00,8778,hoechenberger
2021-01-24 07:24:14+00:00,8777,hoechenberger
2021-01-25 13:04:36+00:00,8758,larsoner
2021-01-25 18:28:19+00:00,8787,larsoner
2021-01-26 07:28:06+00:00,8783,agramfort
2021-01-27 14:37:46+00:00,8771,GuillaumeFavelier
2021-01-27 14:56:06+00:00,8775,larsoner
2021-01-27 14:58:06+00:00,8730,larsoner
2021-01-27 16:29:29+00:00,8780,cbrnr
2021-01-28 08:02:12+00:00,8793,agramfort
2021-01-28 08:52:38+00:00,8794,GuillaumeFavelier
2021-01-28 13:44:13+00:00,8800,larsoner
2021-01-28 18:19:27+00:00,8804,larsoner
2021-01-28 19:26:15+00:00,8807,hoechenberger
2021-01-29 15:09:25+00:00,8809,larsoner
2021-01-29 15:53:54+00:00,8811,larsoner
2021-01-29 17:36:58+00:00,8792,larsoner
2021-01-29 18:15:33+00:00,8789,larsoner
2021-02-01 13:03:19+00:00,8790,larsoner
2021-02-01 13:05:42+00:00,8817,larsoner
2021-02-01 13:06:36+00:00,8808,GuillaumeFavelier
2021-02-01 13:38:04+00:00,8805,larsoner
2021-02-01 13:42:41+00:00,8806,larsoner
2021-02-01 17:41:34+00:00,8820,larsoner
2021-02-01 18:21:58+00:00,8819,larsoner
2021-02-02 09:00:08+00:00,8821,hoechenberger
2021-02-02 13:07:34+00:00,8818,GuillaumeFavelier
2021-02-03 16:47:05+00:00,8838,larsoner
2021-02-03 16:47:44+00:00,8831,larsoner
2021-02-04 16:43:01+00:00,8828,larsoner
2021-02-05 09:27:35+00:00,8835,GuillaumeFavelier
2021-02-05 16:22:41+00:00,8801,larsoner
2021-02-05 21:03:38+00:00,8842,drammock
2021-02-06 00:16:17+00:00,8813,larsoner
2021-02-07 20:21:53+00:00,8829,agramfort
2021-02-08 16:07:35+00:00,8823,drammock
2021-02-08 16:58:50+00:00,8845,larsoner
2021-02-08 21:31:28+00:00,8847,larsoner
2021-02-09 12:20:22+00:00,8849,larsoner
2021-02-09 12:27:38+00:00,8846,larsoner
2021-02-09 21:11:44+00:00,8851,hoechenberger
2021-02-10 07:54:28+00:00,8841,agramfort
2021-02-10 16:02:39+00:00,8844,larsoner
2021-02-10 16:33:50+00:00,8799,drammock
2021-02-10 18:51:12+00:00,8839,larsoner
2021-02-10 18:51:24+00:00,8856,hoechenberger
2021-02-10 20:56:38+00:00,8852,larsoner
2021-02-11 09:22:51+00:00,8858,hoechenberger
2021-02-11 11:08:37+00:00,8860,agramfort
2021-02-11 14:43:18+00:00,8861,larsoner
2021-02-11 15:44:44+00:00,8857,larsoner
2021-02-12 12:04:30+00:00,8863,hoechenberger
2021-02-16 10:50:42+00:00,8875,hoechenberger
2021-02-16 19:18:56+00:00,8757,larsoner
2021-02-17 09:22:42+00:00,8874,hoechenberger
2021-02-17 17:59:09+00:00,8884,larsoner
2021-02-18 15:28:43+00:00,8870,larsoner
2021-02-19 12:18:27+00:00,8886,larsoner
2021-02-20 17:16:36+00:00,8574,agramfort
2021-02-21 20:52:55+00:00,8889,drammock
2021-02-22 13:05:39+00:00,8869,larsoner
2021-02-23 12:11:14+00:00,8898,larsoner
2021-02-23 14:40:28+00:00,8899,drammock
2021-02-24 13:06:18+00:00,8896,hoechenberger
2021-02-24 19:41:34+00:00,8953,larsoner
2021-02-24 20:42:36+00:00,8954,drammock
2021-02-25 12:08:38+00:00,8956,larsoner
2021-02-25 15:14:38+00:00,8959,drammock
2021-02-25 17:33:02+00:00,8960,larsoner
2021-02-26 18:39:53+00:00,8827,larsoner
2021-02-26 22:24:06+00:00,8961,larsoner
2021-02-26 22:27:04+00:00,8967,drammock
2021-02-27 12:33:40+00:00,8965,hoechenberger
2021-02-28 08:48:46+00:00,8963,hoechenberger
2021-03-01 13:35:17+00:00,8971,larsoner
2021-03-01 17:37:31+00:00,8862,larsoner
2021-03-01 18:41:02+00:00,8972,larsoner
2021-03-01 22:32:14+00:00,8973,larsoner
2021-03-02 07:54:46+00:00,8977,agramfort
2021-03-02 07:56:11+00:00,8879,agramfort
2021-03-02 12:12:06+00:00,8891,larsoner
2021-03-02 13:06:18+00:00,8770,larsoner
2021-03-02 14:06:55+00:00,8978,larsoner
2021-03-02 21:58:47+00:00,8980,larsoner
2021-03-03 17:29:42+00:00,8984,hoechenberger
2021-03-03 19:08:43+00:00,8975,larsoner
2021-03-03 19:09:47+00:00,8983,larsoner
2021-03-03 23:20:25+00:00,8988,larsoner
2021-03-04 13:46:01+00:00,8867,agramfort
2021-03-04 14:26:32+00:00,8985,GuillaumeFavelier
2021-03-05 12:44:13+00:00,8834,agramfort
2021-03-05 14:13:18+00:00,8998,larsoner
2021-03-06 08:16:24+00:00,8996,hoechenberger
2021-03-08 13:50:10+00:00,8999,larsoner
2021-03-08 19:48:47+00:00,8843,agramfort
2021-03-08 21:42:50+00:00,8822,drammock
2021-03-09 11:50:31+00:00,9013,hoechenberger
2021-03-09 13:01:26+00:00,9012,larsoner
2021-03-09 13:29:44+00:00,9014,GuillaumeFavelier
2021-03-09 13:46:08+00:00,8989,larsoner
2021-03-09 17:52:32+00:00,9009,drammock
2021-03-09 20:07:51+00:00,9017,drammock
2021-03-10 07:18:00+00:00,9019,agramfort
2021-03-10 16:48:58+00:00,9023,larsoner
2021-03-10 17:05:34+00:00,9024,larsoner
2021-03-11 14:43:21+00:00,9016,larsoner
2021-03-11 15:48:57+00:00,9026,drammock
2021-03-11 19:53:06+00:00,9028,agramfort
2021-03-12 10:14:45+00:00,9015,agramfort
2021-03-12 12:07:42+00:00,9029,larsoner
2021-03-12 16:51:42+00:00,9035,hoechenberger
2021-03-14 17:15:13+00:00,9036,agramfort
2021-03-14 18:48:33+00:00,9037,larsoner
2021-03-14 21:32:49+00:00,9039,larsoner
2021-03-15 11:07:52+00:00,9032,larsoner
2021-03-15 11:49:05+00:00,9041,agramfort
2021-03-15 13:18:10+00:00,9042,drammock
2021-03-15 14:36:16+00:00,9049,hoechenberger
2021-03-15 14:38:02+00:00,9054,hoechenberger
2021-03-15 14:49:38+00:00,9043,drammock
2021-03-15 14:55:01+00:00,9048,drammock
2021-03-15 15:23:30+00:00,9046,larsoner
2021-03-15 15:30:13+00:00,9052,larsoner
2021-03-15 15:41:47+00:00,9051,larsoner
2021-03-15 15:43:25+00:00,9047,larsoner
2021-03-15 15:48:17+00:00,9059,larsoner
2021-03-15 15:53:57+00:00,9044,larsoner
2021-03-15 17:01:55+00:00,9050,hoechenberger
2021-03-15 18:09:48+00:00,9061,larsoner
2021-03-15 19:54:00+00:00,9077,drammock
2021-03-15 19:56:10+00:00,9071,drammock
2021-03-15 19:57:23+00:00,9075,drammock
2021-03-15 20:08:31+00:00,9068,drammock
2021-03-15 20:10:02+00:00,9056,agramfort
2021-03-15 20:14:00+00:00,9064,agramfort
2021-03-15 20:46:49+00:00,9066,hoechenberger
2021-03-15 20:51:49+00:00,9063,agramfort
2021-03-15 21:04:12+00:00,9083,larsoner
2021-03-15 21:17:59+00:00,9081,larsoner
2021-03-15 21:40:18+00:00,9072,larsoner
2021-03-15 21:40:56+00:00,9070,larsoner
2021-03-15 21:55:25+00:00,9053,larsoner
2021-03-15 22:17:45+00:00,9084,larsoner
2021-03-15 22:39:35+00:00,9085,larsoner
2021-03-15 23:55:34+00:00,9090,rob-luke
2021-03-16 07:36:35+00:00,9079,agramfort
2021-03-16 08:28:00+00:00,9065,agramfort
2021-03-16 08:56:59+00:00,9067,agramfort
2021-03-16 11:34:59+00:00,9098,larsoner
2021-03-16 11:36:11+00:00,9095,rob-luke
2021-03-16 11:40:22+00:00,9062,larsoner
2021-03-16 11:41:46+00:00,8648,larsoner
2021-03-16 12:35:31+00:00,9092,agramfort
2021-03-16 14:53:20+00:00,9058,britta-wstnr
2021-03-16 18:06:16+00:00,9104,drammock
2021-03-16 18:10:12+00:00,9100,drammock
2021-03-16 18:12:50+00:00,9106,drammock
2021-03-16 18:22:19+00:00,9102,larsoner
2021-03-16 21:05:44+00:00,9074,agramfort
2021-03-16 21:37:08+00:00,9089,sappelhoff
2021-03-16 21:42:08+00:00,9117,larsoner
2021-03-17 11:18:29+00:00,9091,larsoner
2021-03-17 11:38:04+00:00,9121,larsoner
2021-03-17 13:07:56+00:00,9109,agramfort
2021-03-17 13:34:26+00:00,9115,agramfort
2021-03-17 14:03:12+00:00,9123,GuillaumeFavelier
2021-03-17 14:43:08+00:00,9105,drammock
2021-03-17 15:07:24+00:00,9122,agramfort
2021-03-17 15:41:25+00:00,9128,drammock
2021-03-17 15:45:31+00:00,9130,larsoner
2021-03-17 20:23:28+00:00,9132,agramfort
2021-03-17 21:03:42+00:00,9080,drammock
2021-03-17 21:32:29+00:00,9140,rob-luke
2021-03-18 06:01:11+00:00,9139,rob-luke
2021-03-18 10:04:05+00:00,9099,hoechenberger
2021-03-18 10:24:31+00:00,9142,agramfort
2021-03-18 11:54:10+00:00,9096,wmvanvliet
2021-03-18 12:34:54+00:00,9143,agramfort
2021-03-18 13:37:13+00:00,9103,agramfort
2021-03-18 14:24:08+00:00,9114,larsoner
2021-03-18 14:24:46+00:00,9144,larsoner
2021-03-18 14:26:13+00:00,9118,larsoner
2021-03-18 14:27:28+00:00,9113,larsoner
2021-03-18 14:55:32+00:00,9127,drammock
2021-03-18 15:16:14+00:00,8970,drammock
2021-03-18 20:35:37+00:00,9153,agramfort
2021-03-19 02:16:41+00:00,9154,larsoner
2021-03-19 03:00:21+00:00,9147,larsoner
2021-03-19 17:06:45+00:00,9055,sappelhoff
2021-03-19 17:24:49+00:00,9164,larsoner
2021-03-19 18:44:39+00:00,9163,larsoner
2021-03-19 19:05:31+00:00,9156,hoechenberger
2021-03-19 20:40:52+00:00,9157,agramfort
2021-03-19 20:59:03+00:00,9165,larsoner
2021-03-19 21:00:27+00:00,9161,larsoner
2021-03-19 21:07:11+00:00,9152,larsoner
2021-03-19 21:37:37+00:00,9088,drammock
2021-03-19 22:03:32+00:00,9170,drammock
2021-03-20 00:13:03+00:00,9097,drammock
2021-03-20 00:47:43+00:00,9169,drammock
2021-03-20 00:58:46+00:00,9146,drammock
2021-03-20 01:01:34+00:00,9171,drammock
2021-03-20 01:02:36+00:00,9160,drammock
2021-03-21 07:45:06+00:00,9175,agramfort
2021-03-21 08:53:59+00:00,9162,agramfort
2021-03-21 13:34:08+00:00,9135,agramfort
2021-03-21 17:47:32+00:00,9172,agramfort
2021-03-22 11:18:41+00:00,9179,GuillaumeFavelier
2021-03-22 14:18:15+00:00,9178,larsoner
2021-03-22 18:33:43+00:00,9174,larsoner
2021-03-22 20:03:24+00:00,9149,larsoner
2021-03-22 22:55:38+00:00,9027,drammock
2021-03-23 02:06:06+00:00,9184,rob-luke
2021-03-23 13:41:29+00:00,9087,larsoner
2021-03-23 16:44:46+00:00,9185,larsoner
2021-03-24 15:46:25+00:00,9180,larsoner
2021-03-24 20:58:59+00:00,9183,drammock
2021-03-24 21:54:58+00:00,9191,agramfort
2021-03-25 08:11:11+00:00,9151,hoechenberger
2021-03-25 09:23:53+00:00,9166,hoechenberger
2021-03-25 14:34:58+00:00,9189,hoechenberger
2021-03-25 14:46:29+00:00,9145,drammock
2021-03-25 15:28:32+00:00,9187,agramfort
2021-03-25 19:32:00+00:00,9196,cbrnr
2021-03-25 21:29:59+00:00,9197,drammock
2021-03-26 14:55:20+00:00,9194,drammock
2021-03-26 19:34:12+00:00,9200,larsoner
2021-03-28 16:39:11+00:00,9208,hoechenberger
2021-03-29 14:43:49+00:00,9213,drammock
2021-03-29 18:07:01+00:00,9212,larsoner
2021-03-29 18:09:36+00:00,9211,larsoner
2021-03-30 01:15:28+00:00,9217,larsoner
2021-03-30 01:15:58+00:00,9218,larsoner
2021-03-30 06:44:03+00:00,9210,hoechenberger
2021-03-30 07:32:42+00:00,9033,hoechenberger
2021-03-30 18:38:12+00:00,9136,hoechenberger
2021-03-30 19:18:08+00:00,9202,larsoner
2021-03-31 21:18:06+00:00,9227,agramfort
2021-04-01 21:01:28+00:00,9230,larsoner
2021-04-02 17:19:58+00:00,9236,larsoner
2021-04-02 18:04:47+00:00,9237,hoechenberger
2021-04-03 02:46:30+00:00,9203,drammock
2021-04-03 08:40:01+00:00,9239,hoechenberger
2021-04-03 14:36:43+00:00,9240,larsoner
2021-04-05 13:25:47+00:00,9204,larsoner
2021-04-05 14:43:30+00:00,9235,larsoner
2021-04-05 15:09:59+00:00,9241,drammock
2021-04-05 19:41:39+00:00,9247,larsoner
2021-04-05 21:16:31+00:00,9248,drammock
2021-04-06 08:56:16+00:00,9252,agramfort
2021-04-06 13:17:03+00:00,9253,agramfort
2021-04-06 16:33:51+00:00,9254,larsoner
2021-04-06 16:34:21+00:00,9034,larsoner
2021-04-06 18:45:56+00:00,9251,larsoner
2021-04-06 20:29:32+00:00,9124,drammock
2021-04-07 22:01:40+00:00,9261,drammock
2021-04-08 18:46:13+00:00,9262,larsoner
2021-04-08 19:04:14+00:00,9266,larsoner
2021-04-08 20:38:48+00:00,9190,larsoner
2021-04-10 09:24:22+00:00,9268,agramfort
2021-04-10 14:38:23+00:00,9207,agramfort
2021-04-11 13:07:21+00:00,9280,drammock
2021-04-12 03:23:49+00:00,9282,rob-luke
2021-04-12 14:50:47+00:00,9274,larsoner
2021-04-12 20:24:15+00:00,9283,agramfort
2021-04-12 20:24:32+00:00,9277,larsoner
2021-04-12 22:38:47+00:00,9287,larsoner
2021-04-13 07:14:23+00:00,9246,agramfort
2021-04-13 08:15:30+00:00,9269,agramfort
2021-04-13 13:30:15+00:00,9284,agramfort
2021-04-14 15:50:31+00:00,9296,agramfort
2021-04-15 00:35:31+00:00,9298,larsoner
2021-04-15 13:24:15+00:00,9300,larsoner
2021-04-15 19:30:47+00:00,9278,agramfort
2021-04-16 16:46:43+00:00,9305,agramfort
2021-04-19 12:35:20+00:00,9291,larsoner
2021-04-19 13:24:19+00:00,9314,larsoner
2021-04-19 14:51:10+00:00,9316,larsoner
2021-04-19 15:01:07+00:00,9288,drammock
2021-04-19 16:08:15+00:00,9313,larsoner
2021-04-19 20:14:23+00:00,9317,agramfort
2021-04-19 22:07:03+00:00,9315,drammock
2021-04-19 23:55:21+00:00,9321,larsoner
2021-04-20 13:38:07+00:00,9320,larsoner
2021-04-20 15:31:13+00:00,9318,larsoner
2021-04-20 15:36:29+00:00,9289,larsoner
2021-04-20 15:52:26+00:00,9292,larsoner
2021-04-20 17:35:07+00:00,9299,larsoner
2021-04-20 20:24:42+00:00,9324,agramfort
2021-04-20 20:26:04+00:00,9323,agramfort
2021-04-21 05:25:15+00:00,9325,larsoner
2021-04-21 13:41:32+00:00,9329,drammock
2021-04-21 16:50:57+00:00,9326,larsoner
2021-04-21 23:42:13+00:00,9332,larsoner
2021-04-22 07:40:03+00:00,9331,agramfort
2021-04-22 14:56:58+00:00,9270,larsoner
2021-04-22 19:29:55+00:00,9337,drammock
2021-04-23 15:03:14+00:00,9010,larsoner
2021-04-23 18:56:39+00:00,9141,larsoner
2021-04-23 19:00:30+00:00,9192,larsoner
2021-04-23 22:07:17+00:00,9344,agramfort
2021-04-24 11:36:24+00:00,9346,drammock
2021-04-25 17:44:49+00:00,9349,hoechenberger
2021-04-26 12:28:50+00:00,9285,larsoner
2021-04-26 12:37:11+00:00,9275,larsoner
2021-04-26 13:56:33+00:00,9347,larsoner
2021-04-26 16:37:49+00:00,9150,larsoner
2021-04-26 17:01:45+00:00,9340,larsoner
2021-04-26 21:25:50+00:00,9352,drammock
2021-04-27 13:40:19+00:00,9351,larsoner
2021-04-27 14:35:05+00:00,9353,larsoner
2021-04-27 14:36:55+00:00,9345,larsoner
2021-04-28 11:08:58+00:00,9357,larsoner
2021-04-28 11:18:28+00:00,9356,larsoner
2021-04-28 23:38:30+00:00,9358,larsoner
2021-04-29 01:48:56+00:00,9361,drammock
2021-04-29 21:37:12+00:00,9359,agramfort
2021-04-30 11:38:28+00:00,9362,agramfort
2021-05-02 14:22:39+00:00,9366,agramfort
2021-05-02 14:31:47+00:00,9367,agramfort
2021-05-03 15:37:48+00:00,9365,larsoner
2021-05-03 16:01:09+00:00,8741,larsoner
2021-05-04 20:07:10+00:00,9369,larsoner
2021-05-10 11:45:14+00:00,9348,larsoner
2021-05-10 12:34:45+00:00,9378,larsoner
2021-05-10 12:50:29+00:00,9387,larsoner
2021-05-10 14:07:09+00:00,9341,larsoner
2021-05-10 14:26:28+00:00,9390,larsoner
2021-05-10 15:55:32+00:00,9386,larsoner
2021-05-10 16:45:24+00:00,9381,larsoner
2021-05-11 11:27:11+00:00,9384,larsoner
2021-05-11 11:33:53+00:00,9375,larsoner
2021-05-12 16:13:38+00:00,9392,larsoner
2021-05-14 15:24:38+00:00,9376,larsoner
2021-05-15 09:47:35+00:00,9396,agramfort
2021-05-16 09:23:15+00:00,9243,cbrnr
2021-05-17 12:34:48+00:00,9394,larsoner
2021-05-17 14:52:18+00:00,9388,larsoner
2021-05-18 12:04:54+00:00,9399,larsoner
2021-05-18 12:08:54+00:00,9398,larsoner
2021-05-18 17:00:01+00:00,9404,larsoner
2021-05-18 22:11:04+00:00,9405,larsoner
2021-05-18 23:52:53+00:00,9391,larsoner
2021-05-19 09:02:59+00:00,9403,hoechenberger
2021-05-20 06:09:11+00:00,9411,agramfort
2021-05-20 15:35:13+00:00,9408,larsoner
2021-05-20 17:07:04+00:00,9412,drammock
2021-05-20 19:08:52+00:00,9414,agramfort
2021-05-21 11:51:35+00:00,9401,larsoner
2021-05-21 19:43:32+00:00,9420,larsoner
2021-05-23 01:19:11+00:00,9416,drammock
2021-05-24 11:23:06+00:00,9407,larsoner
2021-05-24 13:46:50+00:00,9422,larsoner
2021-05-24 15:53:57+00:00,9423,larsoner
2021-05-26 22:03:40+00:00,9427,larsoner
2021-05-27 14:01:32+00:00,9426,larsoner
2021-05-29 08:47:55+00:00,9431,agramfort
2021-06-01 08:31:56+00:00,9435,hoechenberger
2021-06-02 09:09:47+00:00,9434,agramfort
2021-06-02 15:19:41+00:00,9440,agramfort
2021-06-03 07:09:33+00:00,9438,agramfort
2021-06-03 14:14:59+00:00,9406,larsoner
2021-06-06 06:54:37+00:00,9443,agramfort
2021-06-07 13:34:49+00:00,9437,larsoner
2021-06-07 14:18:38+00:00,9442,drammock
2021-06-07 19:34:15+00:00,9447,agramfort
2021-06-07 21:04:02+00:00,9445,agramfort
2021-06-08 07:59:21+00:00,9449,agramfort
2021-06-08 19:05:34+00:00,9453,larsoner
2021-06-09 10:32:29+00:00,9456,agramfort
2021-06-09 12:15:30+00:00,9450,larsoner
2021-06-09 14:37:50+00:00,9419,drammock
2021-06-09 20:03:40+00:00,9458,larsoner
2021-06-10 17:41:52+00:00,9448,larsoner
2021-06-10 19:04:04+00:00,9459,larsoner
2021-06-11 14:25:57+00:00,9463,larsoner
2021-06-11 14:31:22+00:00,9444,drammock
2021-06-11 16:21:41+00:00,9460,agramfort
2021-06-11 16:34:41+00:00,9464,agramfort
2021-06-11 21:49:32+00:00,9465,agramfort
2021-06-12 11:53:08+00:00,9467,larsoner
2021-06-14 13:20:42+00:00,9471,agramfort
2021-06-14 14:23:53+00:00,9461,larsoner
2021-06-15 05:55:58+00:00,9476,hoechenberger
2021-06-15 12:36:56+00:00,9474,larsoner
2021-06-15 14:09:18+00:00,9472,larsoner
2021-06-15 20:55:17+00:00,9477,agramfort
2021-06-16 19:02:39+00:00,9478,larsoner
2021-06-17 18:02:43+00:00,9480,drammock
2021-06-17 19:20:49+00:00,9485,drammock
2021-06-17 19:51:39+00:00,9487,drammock
2021-06-17 20:37:53+00:00,9486,agramfort
2021-06-18 01:35:09+00:00,9430,larsoner
2021-06-18 15:53:18+00:00,9489,drammock
2021-06-21 15:57:49+00:00,9491,hoechenberger
2021-06-21 18:56:51+00:00,9490,larsoner
2021-06-22 13:29:35+00:00,9494,GuillaumeFavelier
2021-06-22 16:17:23+00:00,9497,cbrnr
2021-06-22 16:40:03+00:00,9498,drammock
2021-06-22 19:00:18+00:00,9499,agramfort
2021-06-23 16:20:09+00:00,9500,larsoner
2021-06-24 15:00:07+00:00,9484,larsoner
2021-06-24 18:21:13+00:00,9468,larsoner
2021-06-24 19:34:13+00:00,9481,agramfort
2021-06-25 09:36:35+00:00,9504,agramfort
2021-06-25 17:40:58+00:00,9505,agramfort
2021-06-30 19:26:08+00:00,9512,larsoner
2021-07-01 13:00:30+00:00,9513,larsoner
2021-07-01 13:32:10+00:00,9517,larsoner
2021-07-01 15:36:46+00:00,9518,agramfort
2021-07-02 17:14:10+00:00,9514,larsoner
2021-07-06 14:37:49+00:00,9528,larsoner
2021-07-06 15:06:22+00:00,9524,larsoner
2021-07-06 15:06:36+00:00,9530,larsoner
2021-07-06 18:00:05+00:00,9521,larsoner
2021-07-06 20:59:30+00:00,9531,agramfort
2021-07-07 00:18:21+00:00,9522,rob-luke
2021-07-07 15:14:40+00:00,9519,drammock
2021-07-07 19:37:40+00:00,9529,agramfort
2021-07-07 19:57:35+00:00,9534,larsoner
2021-07-07 20:36:53+00:00,9532,drammock
2021-07-08 07:59:30+00:00,9525,cbrnr
2021-07-08 10:03:52+00:00,9537,agramfort
2021-07-09 12:42:19+00:00,9547,hoechenberger
2021-07-09 16:26:05+00:00,9549,larsoner
2021-07-10 08:31:35+00:00,9539,agramfort
2021-07-10 11:56:38+00:00,9550,agramfort
2021-07-12 12:52:45+00:00,9541,larsoner
2021-07-12 13:02:48+00:00,9543,larsoner
2021-07-12 13:06:41+00:00,9552,larsoner
2021-07-12 13:11:59+00:00,9535,larsoner
2021-07-12 14:55:39+00:00,9554,drammock
2021-07-12 21:05:25+00:00,9561,drammock
2021-07-12 23:34:36+00:00,9558,larsoner
2021-07-13 01:19:37+00:00,9557,larsoner
2021-07-13 15:34:52+00:00,9564,GuillaumeFavelier
2021-07-13 20:43:44+00:00,9567,larsoner
2021-07-13 21:52:51+00:00,9565,larsoner
2021-07-13 22:09:27+00:00,9555,drammock
2021-07-15 13:50:51+00:00,9424,larsoner
2021-07-15 16:59:31+00:00,9553,larsoner
2021-07-15 19:11:09+00:00,9568,agramfort
2021-07-16 17:29:30+00:00,9569,hoechenberger
2021-07-16 18:34:03+00:00,9556,larsoner
2021-07-16 18:55:46+00:00,9575,larsoner
2021-07-16 21:41:52+00:00,9578,larsoner
2021-07-16 22:07:47+00:00,9574,larsoner
2021-07-16 22:16:03+00:00,9544,larsoner
2021-07-18 10:44:41+00:00,9582,agramfort
2021-07-19 13:43:46+00:00,9545,larsoner
2021-07-19 15:04:31+00:00,9588,agramfort
2021-07-19 15:48:31+00:00,9579,larsoner
2021-07-19 17:53:33+00:00,9587,agramfort
2021-07-19 19:00:36+00:00,9590,drammock
2021-07-19 21:53:49+00:00,9592,larsoner
2021-07-19 22:48:56+00:00,9540,larsoner
2021-07-20 17:04:52+00:00,9593,larsoner
2021-07-21 14:46:58+00:00,9598,GuillaumeFavelier
2021-07-21 15:48:11+00:00,9570,larsoner
2021-07-21 19:08:23+00:00,9599,larsoner
2021-07-22 14:27:57+00:00,9600,larsoner
2021-07-22 17:40:18+00:00,9601,larsoner
2021-07-22 21:30:47+00:00,9603,hoechenberger
2021-07-23 18:44:17+00:00,9605,hoechenberger
2021-07-23 20:49:41+00:00,9608,agramfort
2021-07-23 20:59:00+00:00,9229,larsoner
2021-07-24 06:48:03+00:00,9589,hoechenberger
2021-07-26 06:05:57+00:00,9607,hoechenberger
2021-07-27 07:40:01+00:00,9612,agramfort
2021-07-27 09:12:31+00:00,9614,hoechenberger
2021-07-27 20:23:58+00:00,9617,larsoner
2021-07-28 20:53:21+00:00,9622,larsoner
2021-07-29 12:34:06+00:00,9625,larsoner
2021-07-29 23:10:58+00:00,9618,larsoner
2021-07-30 11:40:10+00:00,9621,agramfort
2021-07-30 15:34:58+00:00,9368,drammock
2021-07-30 16:57:09+00:00,9629,drammock
2021-07-31 15:25:17+00:00,9630,larsoner
2021-08-03 21:26:36+00:00,9637,drammock
2021-08-04 21:35:19+00:00,9644,mmagnuski
2021-08-05 07:08:19+00:00,9640,agramfort
2021-08-05 15:30:43+00:00,9642,hoechenberger
2021-08-05 17:19:32+00:00,9634,drammock
2021-08-06 01:35:42+00:00,9646,drammock
2021-08-06 07:51:54+00:00,9647,hoechenberger
2021-08-06 14:14:59+00:00,9648,drammock
2021-08-06 15:00:41+00:00,9650,agramfort
2021-08-10 21:00:19+00:00,9651,drammock
2021-08-11 19:33:57+00:00,9658,sappelhoff
2021-08-11 19:56:11+00:00,9656,drammock
2021-08-13 10:05:43+00:00,9657,cbrnr
2021-08-14 10:40:15+00:00,9596,drammock
2021-08-14 12:06:43+00:00,9663,agramfort
2021-08-16 19:02:16+00:00,9665,drammock
2021-08-16 19:52:17+00:00,9666,drammock
2021-08-16 21:45:18+00:00,9667,drammock
2021-08-17 18:29:00+00:00,9493,larsoner
2021-08-17 19:15:37+00:00,9538,larsoner
2021-08-18 14:55:44+00:00,9516,agramfort
2021-08-18 15:46:46+00:00,9670,larsoner
2021-08-18 17:35:15+00:00,9671,agramfort
2021-08-19 08:55:31+00:00,9674,agramfort
2021-08-19 13:13:08+00:00,9676,drammock
2021-08-19 16:13:41+00:00,9672,larsoner
2021-08-19 20:16:27+00:00,9677,larsoner
2021-08-19 21:09:00+00:00,9585,larsoner
2021-08-20 09:54:31+00:00,9678,agramfort
2021-08-20 20:25:23+00:00,9682,larsoner
2021-08-21 09:47:42+00:00,9684,agramfort
2021-08-23 17:57:04+00:00,9690,larsoner
2021-08-23 23:02:29+00:00,9691,larsoner
2021-08-24 17:18:26+00:00,9643,cbrnr
2021-08-24 18:51:28+00:00,9693,larsoner
2021-08-24 20:07:47+00:00,9688,larsoner
2021-08-25 19:07:38+00:00,9698,larsoner
2021-08-25 20:00:43+00:00,9695,larsoner
2021-08-25 20:33:25+00:00,9697,agramfort
2021-08-25 21:29:06+00:00,9692,larsoner
2021-08-25 21:40:22+00:00,9699,drammock
2021-09-01 11:17:02+00:00,9685,agramfort
2021-09-01 12:43:35+00:00,9706,larsoner
2021-09-01 18:40:06+00:00,9696,larsoner
2021-09-02 13:45:37+00:00,9711,larsoner
2021-09-06 16:28:57+00:00,9714,agramfort
2021-09-07 07:10:29+00:00,8655,agramfort
2021-09-07 12:54:54+00:00,9708,agramfort
2021-09-07 16:37:36+00:00,9705,larsoner
2021-09-07 20:18:59+00:00,9721,drammock
2021-09-08 12:23:33+00:00,9712,agramfort
2021-09-09 16:41:10+00:00,9723,larsoner
2021-09-09 20:40:55+00:00,9724,drammock
2021-09-10 14:30:16+00:00,9728,drammock
2021-09-13 13:13:40+00:00,9729,agramfort
2021-09-13 14:56:27+00:00,9719,larsoner
2021-09-13 16:23:12+00:00,9731,larsoner
2021-09-14 14:46:04+00:00,9732,larsoner
2021-09-15 08:57:41+00:00,9694,agramfort
2021-09-15 09:00:40+00:00,9735,agramfort
2021-09-15 11:17:20+00:00,9739,agramfort
2021-09-15 18:14:01+00:00,9741,larsoner
2021-09-15 23:03:11+00:00,9743,larsoner
2021-09-16 07:09:55+00:00,9626,agramfort
2021-09-16 14:15:22+00:00,9725,larsoner
2021-09-16 16:11:08+00:00,9749,agramfort
2021-09-16 18:29:01+00:00,9751,larsoner
2021-09-16 20:53:05+00:00,9746,larsoner
2021-09-16 20:53:15+00:00,9750,larsoner
2021-09-17 16:52:17+00:00,9586,larsoner
2021-09-19 09:56:39+00:00,9758,agramfort
2021-09-19 22:01:56+00:00,9742,larsoner
2021-09-20 11:56:18+00:00,9760,drammock
2021-09-20 22:43:00+00:00,9762,drammock
2021-09-21 14:56:08+00:00,9764,larsoner
2021-09-22 16:52:11+00:00,9770,larsoner
2021-09-23 06:39:59+00:00,9772,agramfort
2021-09-23 15:15:15+00:00,9766,larsoner
2021-09-25 11:08:47+00:00,9777,agramfort
2021-09-25 23:40:50+00:00,9763,larsoner
2021-09-27 06:03:10+00:00,9780,agramfort
2021-09-29 02:40:53+00:00,9784,larsoner
2021-09-29 10:40:19+00:00,9782,hoechenberger
2021-09-29 10:44:01+00:00,9789,hoechenberger
2021-09-30 11:43:32+00:00,9795,cbrnr
2021-09-30 19:01:56+00:00,9771,drammock
2021-10-01 08:00:29+00:00,9796,agramfort
2021-10-01 19:36:30+00:00,9799,agramfort
2021-10-01 22:58:20+00:00,9801,larsoner
2021-10-04 19:52:58+00:00,9802,larsoner
2021-10-05 08:27:52+00:00,9805,hoechenberger
2021-10-05 14:22:53+00:00,9800,larsoner
2021-10-05 14:26:52+00:00,9804,larsoner
2021-10-05 17:12:02+00:00,9807,larsoner
2021-10-06 09:23:06+00:00,9803,hoechenberger
2021-10-07 05:19:27+00:00,9754,agramfort
2021-10-07 11:04:37+00:00,9810,larsoner
2021-10-07 20:11:47+00:00,9814,larsoner
2021-10-08 13:17:28+00:00,9820,hoechenberger
2021-10-08 13:38:22+00:00,9613,agramfort
2021-10-08 14:44:39+00:00,9818,hoechenberger
2021-10-08 16:42:37+00:00,9815,agramfort
2021-10-08 17:33:45+00:00,9817,larsoner
2021-10-09 17:03:03+00:00,9822,hoechenberger
2021-10-11 07:56:32+00:00,9826,agramfort
2021-10-11 11:37:48+00:00,9825,larsoner
2021-10-11 12:13:09+00:00,9823,larsoner
2021-10-11 14:31:59+00:00,9829,hoechenberger
2021-10-12 14:07:39+00:00,9808,larsoner
2021-10-12 16:42:18+00:00,9831,larsoner
2021-10-12 18:52:51+00:00,9781,larsoner
2021-10-13 12:53:02+00:00,9839,agramfort
2021-10-13 12:59:50+00:00,9837,agramfort
2021-10-13 13:16:59+00:00,9834,agramfort
2021-10-13 18:12:47+00:00,9840,hoechenberger
2021-10-13 18:52:59+00:00,9835,larsoner
2021-10-13 19:28:01+00:00,9841,drammock
2021-10-14 07:32:41+00:00,9828,agramfort
2021-10-14 13:45:39+00:00,9847,larsoner
2021-10-14 14:06:43+00:00,9845,larsoner
2021-10-15 16:51:45+00:00,9860,agramfort
2021-10-15 18:19:22+00:00,9861,hoechenberger
2021-10-15 20:07:18+00:00,9862,agramfort
2021-10-17 07:47:39+00:00,9863,agramfort
2021-10-17 16:59:06+00:00,9851,agramfort
2021-10-18 09:23:14+00:00,9864,agramfort
2021-10-18 15:15:24+00:00,9866,larsoner
2021-10-19 16:29:46+00:00,9858,drammock
2021-10-20 06:23:34+00:00,9873,agramfort
2021-10-20 10:46:42+00:00,9869,hoechenberger
2021-10-20 10:56:41+00:00,9874,hoechenberger
2021-10-20 12:31:43+00:00,9880,hoechenberger
2021-10-20 13:21:38+00:00,9871,agramfort
2021-10-20 15:43:48+00:00,9878,larsoner
2021-10-21 14:26:26+00:00,9859,larsoner
2021-10-21 16:01:01+00:00,9876,drammock
2021-10-21 17:17:47+00:00,9884,larsoner
2021-10-21 17:27:32+00:00,9794,larsoner
2021-10-21 17:52:38+00:00,9881,larsoner
2021-10-21 19:11:10+00:00,9875,agramfort
2021-10-21 20:33:44+00:00,9887,hoechenberger
2021-10-21 20:59:10+00:00,9886,larsoner
2021-10-22 05:56:41+00:00,9888,hoechenberger
2021-10-22 10:23:21+00:00,9891,agramfort
2021-10-22 10:23:41+00:00,9890,agramfort
2021-10-22 10:24:24+00:00,9889,agramfort
2021-10-22 16:33:22+00:00,9877,larsoner
2021-10-22 21:10:16+00:00,9893,larsoner
2021-10-23 14:25:05+00:00,9892,agramfort
2021-10-23 15:38:58+00:00,9827,larsoner
2021-10-25 14:49:57+00:00,9898,agramfort
2021-10-25 17:36:44+00:00,9896,drammock
2021-10-25 18:06:15+00:00,9899,larsoner
2021-10-25 19:38:53+00:00,9843,larsoner
2021-10-25 20:03:47+00:00,9897,larsoner
2021-10-25 22:10:56+00:00,9867,larsoner
2021-10-26 08:38:42+00:00,9901,hoechenberger
2021-10-26 11:07:46+00:00,9824,larsoner
2021-10-26 12:25:47+00:00,9902,hoechenberger
2021-10-26 20:05:52+00:00,9900,larsoner
2021-10-27 08:27:38+00:00,9903,agramfort
2021-10-27 18:14:23+00:00,9909,larsoner
2021-10-27 18:36:46+00:00,9689,larsoner
2021-10-28 06:09:22+00:00,9259,agramfort
2021-10-28 12:31:10+00:00,9911,agramfort
2021-10-28 15:34:34+00:00,9363,agramfort
2021-10-28 17:17:47+00:00,9915,drammock
2021-10-28 18:25:02+00:00,9918,drammock
2021-10-28 19:16:58+00:00,9914,larsoner
2021-10-29 15:35:34+00:00,9920,agramfort
2021-10-29 15:54:10+00:00,9904,larsoner
2021-10-29 17:35:46+00:00,9924,larsoner
2021-10-29 19:22:29+00:00,9921,larsoner
2021-11-01 12:59:32+00:00,9928,larsoner
2021-11-01 16:36:09+00:00,9934,larsoner
2021-11-01 17:50:27+00:00,9936,larsoner
2021-11-01 18:37:14+00:00,9917,larsoner
2021-11-01 20:02:12+00:00,9907,larsoner
2021-11-02 13:24:40+00:00,9937,larsoner
2021-11-02 14:31:57+00:00,9943,larsoner
2021-11-02 14:37:44+00:00,9933,larsoner
2021-11-02 14:38:24+00:00,9913,larsoner
2021-11-02 14:41:42+00:00,9940,larsoner
2021-11-02 19:46:10+00:00,9944,larsoner
2021-11-02 21:19:40+00:00,9925,agramfort
2021-11-03 03:27:15+00:00,9687,larsoner
2021-11-03 16:54:48+00:00,9946,larsoner
2021-11-03 20:20:24+00:00,9948,larsoner
2021-11-03 22:11:04+00:00,9945,larsoner
2021-11-03 23:17:29+00:00,9951,larsoner
2021-11-04 01:50:01+00:00,9949,larsoner
2021-11-04 01:50:17+00:00,9947,larsoner
2021-11-04 14:07:13+00:00,9955,larsoner
2021-11-04 14:29:53+00:00,9956,larsoner
2021-11-04 15:20:53+00:00,9957,drammock
2021-11-04 19:35:58+00:00,9959,larsoner
2021-11-04 22:07:55+00:00,9963,drammock
2021-11-04 22:12:56+00:00,9964,drammock
2021-11-05 13:36:37+00:00,9950,agramfort
2021-11-05 14:15:42+00:00,9952,larsoner
2021-11-05 18:07:52+00:00,9966,hoechenberger
2021-11-05 20:34:29+00:00,9962,agramfort
2021-11-08 15:27:21+00:00,9968,larsoner
2021-11-08 16:12:18+00:00,9972,hoechenberger
2021-11-08 16:27:16+00:00,9922,larsoner
2021-11-08 19:06:19+00:00,9979,larsoner
2021-11-08 21:44:10+00:00,9978,larsoner
2021-11-08 22:20:17+00:00,9976,agramfort
2021-11-08 23:50:07+00:00,9973,larsoner
2021-11-09 12:56:55+00:00,9980,larsoner
2021-11-09 12:57:45+00:00,9981,larsoner
2021-11-09 15:22:01+00:00,9975,larsoner
2021-11-09 15:52:02+00:00,9984,larsoner
2021-11-09 16:12:45+00:00,9977,larsoner
2021-11-10 17:21:08+00:00,9988,larsoner
2021-11-10 17:21:29+00:00,9987,larsoner
2021-11-10 17:25:22+00:00,9986,larsoner
2021-11-10 19:03:53+00:00,9992,larsoner
2021-11-10 21:50:16+00:00,9990,larsoner
2021-11-11 17:45:00+00:00,9991,larsoner
2021-11-11 18:57:01+00:00,9996,larsoner
2021-11-11 20:47:38+00:00,9995,larsoner
2021-11-12 14:35:26+00:00,10001,hoechenberger
2021-11-12 20:44:18+00:00,9994,larsoner
2021-11-14 09:17:40+00:00,9998,agramfort
2021-11-15 08:16:40+00:00,10003,agramfort
2021-11-15 17:19:42+00:00,9970,larsoner
2021-11-15 17:36:38+00:00,9982,larsoner
2021-11-15 20:24:38+00:00,10004,larsoner
2021-11-15 21:09:12+00:00,10005,larsoner
2021-11-15 21:25:04+00:00,10002,larsoner
2021-11-16 11:10:26+00:00,10008,agramfort
2021-11-16 20:07:47+00:00,10009,larsoner
2021-11-16 20:35:52+00:00,10007,larsoner
2021-11-17 16:59:22+00:00,10013,larsoner
2021-11-18 15:13:53+00:00,10017,larsoner
2021-11-18 17:19:29+00:00,10018,larsoner
2021-11-22 18:01:33+00:00,9929,larsoner
2021-11-22 18:35:57+00:00,10025,larsoner
2021-11-22 19:49:40+00:00,10026,larsoner
2021-11-23 16:14:25+00:00,10021,larsoner
2021-11-23 16:20:21+00:00,10030,drammock
2021-11-23 16:26:24+00:00,10027,larsoner
2021-11-23 20:46:15+00:00,10020,drammock
2021-11-24 21:36:39+00:00,10031,larsoner
2021-11-24 21:37:59+00:00,10024,larsoner
2021-11-25 07:37:10+00:00,10036,agramfort
2021-11-25 13:38:52+00:00,10038,larsoner
2021-11-26 00:04:22+00:00,10041,hoechenberger
2021-11-27 16:38:10+00:00,10045,agramfort
2021-11-28 17:39:35+00:00,10047,larsoner
2021-11-28 19:51:06+00:00,10050,larsoner
2021-11-29 01:50:43+00:00,10039,larsoner
2021-11-29 02:54:21+00:00,10051,larsoner
2021-11-29 08:06:28+00:00,10044,hoechenberger
2021-11-29 15:18:51+00:00,10054,larsoner
2021-11-29 17:58:35+00:00,10052,larsoner
2021-11-30 19:31:11+00:00,10061,larsoner
2021-11-30 19:40:05+00:00,10058,larsoner
2021-11-30 20:26:29+00:00,10048,larsoner
2021-11-30 21:58:40+00:00,10056,larsoner
2021-12-01 10:09:56+00:00,10064,hoechenberger
2021-12-01 11:30:11+00:00,10065,hoechenberger
2021-12-01 11:33:29+00:00,10066,hoechenberger
2021-12-01 12:38:06+00:00,10068,larsoner
2021-12-01 23:05:25+00:00,10069,larsoner
2021-12-02 14:21:12+00:00,10072,hoechenberger
2021-12-02 18:47:17+00:00,10075,cbrnr
2021-12-02 22:20:43+00:00,10071,larsoner
2021-12-03 01:19:47+00:00,10076,drammock
2021-12-03 05:13:31+00:00,10073,larsoner
2021-12-03 05:37:14+00:00,10078,larsoner
2021-12-03 09:49:43+00:00,10074,hoechenberger
2021-12-03 10:37:12+00:00,10080,hoechenberger
2021-12-03 16:28:26+00:00,10077,agramfort
2021-12-03 17:10:39+00:00,10082,larsoner
2021-12-03 17:29:41+00:00,10084,larsoner
2021-12-03 20:45:47+00:00,10086,drammock
2021-12-03 21:47:05+00:00,9927,drammock
2021-12-03 22:02:23+00:00,10087,drammock
2021-12-06 16:01:53+00:00,10089,drammock
2021-12-06 16:02:06+00:00,10091,larsoner
2021-12-06 17:03:08+00:00,10097,larsoner
2021-12-06 17:54:52+00:00,10095,larsoner
2021-12-06 18:06:55+00:00,10096,larsoner
2021-12-06 18:28:25+00:00,10015,larsoner
2021-12-06 18:42:03+00:00,10093,larsoner
2021-12-06 21:01:24+00:00,10098,larsoner
2021-12-07 18:21:40+00:00,10102,larsoner
2021-12-08 00:26:24+00:00,10100,larsoner
2021-12-08 12:02:33+00:00,10108,agramfort
2021-12-08 17:45:33+00:00,10111,larsoner
2021-12-08 18:08:54+00:00,10113,larsoner
2021-12-08 21:52:06+00:00,10110,larsoner
2021-12-08 22:03:48+00:00,10067,sappelhoff
2021-12-08 22:41:55+00:00,10109,larsoner
2021-12-09 10:28:52+00:00,10114,hoechenberger
2021-12-10 15:58:08+00:00,10116,larsoner
2021-12-10 18:16:43+00:00,10085,larsoner
2021-12-13 08:15:42+00:00,10123,agramfort
2021-12-13 08:27:38+00:00,10115,agramfort
2021-12-13 10:54:00+00:00,10122,GuillaumeFavelier
2021-12-13 13:03:54+00:00,10119,agramfort
2021-12-13 14:42:45+00:00,10120,larsoner
2021-12-13 16:32:07+00:00,10112,larsoner
2021-12-13 17:03:18+00:00,10118,agramfort
2021-12-13 17:10:07+00:00,10040,larsoner
2021-12-13 21:07:46+00:00,10126,hoechenberger
2021-12-13 21:36:20+00:00,10127,larsoner
2021-12-14 12:49:50+00:00,10130,hoechenberger
2021-12-14 14:31:20+00:00,10129,agramfort
2021-12-14 21:25:17+00:00,10133,larsoner
2021-12-15 00:20:33+00:00,10134,larsoner
2021-12-15 14:22:58+00:00,10135,agramfort
2021-12-15 15:37:27+00:00,10136,drammock
2021-12-15 17:20:40+00:00,10132,larsoner
2021-12-16 15:23:58+00:00,10141,GuillaumeFavelier
2021-12-16 15:42:17+00:00,10140,larsoner
2021-12-17 10:24:56+00:00,10142,agramfort
2021-12-17 15:30:15+00:00,9969,larsoner
2021-12-17 16:54:08+00:00,10144,larsoner
2021-12-19 20:24:58+00:00,10152,larsoner
2021-12-20 08:16:23+00:00,10153,agramfort
2021-12-20 17:43:32+00:00,10157,drammock
2021-12-20 18:55:42+00:00,10159,drammock
2021-12-20 22:45:58+00:00,10155,drammock
2021-12-20 23:56:25+00:00,10154,alexrockhill
2021-12-21 03:09:19+00:00,10151,larsoner
2022-01-03 12:59:28+00:00,10166,agramfort
2022-01-03 15:10:31+00:00,10168,agramfort
2022-01-03 16:15:28+00:00,10170,larsoner
2022-01-03 20:09:35+00:00,10172,agramfort
2022-01-04 15:18:56+00:00,10175,larsoner
2022-01-04 18:55:54+00:00,10177,larsoner
2022-01-04 19:27:12+00:00,10171,drammock
2022-01-04 19:42:12+00:00,10176,hoechenberger
2022-01-04 22:22:23+00:00,10178,drammock
2022-01-05 07:40:42+00:00,10179,agramfort
2022-01-05 13:58:48+00:00,10174,agramfort
2022-01-06 01:56:52+00:00,10181,drammock
2022-01-06 15:56:07+00:00,10182,hoechenberger
2022-01-06 18:10:26+00:00,9916,larsoner
2022-01-07 19:20:24+00:00,10186,hoechenberger
2022-01-08 12:29:44+00:00,10185,agramfort
2022-01-09 18:10:10+00:00,10191,larsoner
2022-01-10 10:19:06+00:00,10188,sappelhoff
2022-01-10 20:02:14+00:00,10192,larsoner
2022-01-12 19:02:23+00:00,10019,larsoner
2022-01-12 19:49:30+00:00,10196,larsoner
2022-01-12 22:02:51+00:00,10143,larsoner
2022-01-13 19:24:51+00:00,10200,agramfort
2022-01-14 11:44:32+00:00,10203,hoechenberger
2022-01-14 20:23:49+00:00,10117,larsoner
2022-01-15 13:37:09+00:00,10202,agramfort
2022-01-16 15:22:28+00:00,10205,larsoner
2022-01-17 18:18:57+00:00,10211,larsoner
2022-01-17 20:44:20+00:00,10206,larsoner
2022-01-17 21:53:32+00:00,10215,larsoner
2022-01-18 06:35:24+00:00,10214,hoechenberger
2022-01-19 06:20:07+00:00,10199,hoechenberger
2022-01-19 16:20:35+00:00,10212,larsoner
2022-01-19 19:37:46+00:00,10220,larsoner
2022-01-19 20:36:00+00:00,10223,hoechenberger
2022-01-20 15:09:33+00:00,10226,larsoner
2022-01-20 15:18:49+00:00,10222,larsoner
2022-01-20 15:54:59+00:00,10230,larsoner
2022-01-20 18:54:25+00:00,10210,larsoner
2022-01-20 19:03:15+00:00,10229,agramfort
2022-01-21 15:23:35+00:00,10234,agramfort
2022-01-22 11:19:07+00:00,10183,agramfort
2022-01-22 12:47:06+00:00,10233,larsoner
2022-01-23 10:29:14+00:00,10189,agramfort
2022-01-23 23:18:33+00:00,10235,rob-luke
2022-01-24 12:07:15+00:00,10239,hoechenberger
2022-01-24 12:36:14+00:00,10240,hoechenberger
2022-01-24 16:16:00+00:00,10241,larsoner
2022-01-25 19:18:35+00:00,10244,hoechenberger
2022-01-26 09:20:02+00:00,10247,agramfort
2022-01-26 09:21:32+00:00,10246,agramfort
2022-01-26 11:36:12+00:00,10245,GuillaumeFavelier
2022-01-26 14:12:10+00:00,10250,hoechenberger
2022-01-26 15:58:59+00:00,10249,larsoner
2022-01-26 16:02:39+00:00,10251,GuillaumeFavelier
2022-01-26 16:17:30+00:00,10243,larsoner
2022-01-26 16:55:29+00:00,10253,larsoner
2022-01-26 18:05:31+00:00,10252,larsoner
2022-01-26 18:27:46+00:00,10255,larsoner
2022-01-26 21:04:58+00:00,10257,larsoner
2022-01-27 20:23:04+00:00,10260,GuillaumeFavelier
2022-01-28 11:11:57+00:00,10242,hoechenberger
2022-01-28 14:40:17+00:00,10262,GuillaumeFavelier
2022-01-28 15:20:31+00:00,10261,larsoner
2022-01-28 17:56:46+00:00,10265,agramfort
2022-01-28 17:57:52+00:00,10266,agramfort
2022-01-29 15:51:44+00:00,10267,agramfort
2022-01-31 08:44:26+00:00,10270,GuillaumeFavelier
2022-01-31 13:00:39+00:00,10272,GuillaumeFavelier
2022-01-31 13:11:36+00:00,10271,hoechenberger
2022-01-31 15:17:39+00:00,10273,larsoner
2022-01-31 15:18:08+00:00,10275,larsoner
2022-02-01 09:09:51+00:00,10268,agramfort
2022-02-01 09:43:38+00:00,10259,hoechenberger
2022-02-01 10:30:51+00:00,10278,hoechenberger
2022-02-01 13:22:46+00:00,10277,agramfort
2022-02-01 13:41:45+00:00,10280,hoechenberger
2022-02-01 13:53:18+00:00,10279,hoechenberger
2022-02-01 17:02:10+00:00,10276,hoechenberger
2022-02-01 17:35:37+00:00,10282,agramfort
2022-02-01 18:04:34+00:00,10283,hoechenberger
2022-02-02 15:50:32+00:00,10290,larsoner
2022-02-02 16:06:08+00:00,10289,larsoner
2022-02-02 21:34:35+00:00,10291,larsoner
2022-02-03 15:46:03+00:00,10294,larsoner
2022-02-03 18:52:11+00:00,10296,larsoner
2022-02-04 16:16:33+00:00,10293,larsoner
2022-02-04 16:25:21+00:00,10281,larsoner
2022-02-04 16:25:35+00:00,10301,larsoner
2022-02-08 16:42:05+00:00,10306,GuillaumeFavelier
2022-02-08 18:39:34+00:00,10300,mmagnuski
2022-02-08 21:15:33+00:00,10309,larsoner
2022-02-08 21:41:14+00:00,10307,larsoner
2022-02-09 00:37:20+00:00,10298,larsoner
2022-02-09 00:47:23+00:00,10313,larsoner
2022-02-09 18:30:25+00:00,10302,larsoner
2022-02-09 22:11:04+00:00,10316,larsoner
2022-02-10 14:39:59+00:00,10318,GuillaumeFavelier
2022-02-11 02:55:40+00:00,10322,alexrockhill
2022-02-11 13:48:30+00:00,10317,larsoner
2022-02-11 16:14:33+00:00,10323,larsoner
2022-02-11 20:28:13+00:00,10319,hoechenberger
2022-02-12 00:18:19+00:00,10326,alexrockhill
2022-02-12 10:18:10+00:00,10324,agramfort
2022-02-12 16:18:33+00:00,10328,alexrockhill
2022-02-12 20:45:36+00:00,10292,agramfort
2022-02-13 20:58:46+00:00,10332,larsoner
2022-02-13 21:18:40+00:00,10331,larsoner
2022-02-13 22:24:53+00:00,10297,larsoner
2022-02-14 02:42:21+00:00,10325,larsoner
2022-02-14 17:49:48+00:00,10335,larsoner
2022-02-14 18:16:23+00:00,10336,larsoner
2022-02-14 18:18:08+00:00,10338,larsoner
2022-02-14 18:41:44+00:00,10340,alexrockhill
2022-02-14 18:48:47+00:00,10341,alexrockhill
2022-02-14 19:39:38+00:00,10339,larsoner
2022-02-15 08:23:41+00:00,10345,agramfort
2022-02-15 12:20:53+00:00,10299,larsoner
2022-02-15 14:07:24+00:00,10334,larsoner
2022-02-15 14:39:48+00:00,10342,hoechenberger
2022-02-15 15:37:13+00:00,10346,larsoner
2022-02-15 18:00:39+00:00,10347,larsoner
2022-02-15 18:46:23+00:00,10349,larsoner
2022-02-15 19:08:13+00:00,10330,larsoner
2022-02-16 12:28:43+00:00,10350,larsoner
2022-02-16 14:44:15+00:00,10348,larsoner
2022-02-17 12:25:42+00:00,10356,larsoner
2022-02-17 13:19:26+00:00,10357,larsoner
2022-02-17 19:28:49+00:00,9960,larsoner
2022-02-18 11:04:39+00:00,10362,cbrnr
2022-02-18 17:24:41+00:00,10358,agramfort
2022-02-19 07:53:04+00:00,10361,agramfort
2022-02-19 07:55:05+00:00,10363,agramfort
2022-02-20 22:46:16+00:00,10359,larsoner
2022-02-21 14:51:48+00:00,10305,larsoner
2022-02-21 23:43:05+00:00,10366,larsoner
2022-02-21 23:43:14+00:00,10369,larsoner
2022-02-21 23:45:07+00:00,10370,larsoner
2022-02-21 23:45:51+00:00,10371,larsoner
2022-02-22 15:01:31+00:00,10364,larsoner
2022-02-22 15:16:44+00:00,10375,larsoner
2022-02-22 15:44:40+00:00,10373,larsoner
2022-02-22 17:11:18+00:00,10368,larsoner
2022-02-22 20:43:32+00:00,10381,agramfort
2022-02-22 21:22:43+00:00,10376,larsoner
2022-02-23 14:22:21+00:00,10388,larsoner
2022-02-23 14:24:56+00:00,10384,larsoner
2022-02-23 14:26:11+00:00,10386,larsoner
2022-02-23 18:22:56+00:00,10379,alexrockhill
2022-02-23 20:09:25+00:00,10365,larsoner
2022-02-25 12:15:39+00:00,10397,GuillaumeFavelier
2022-02-25 13:35:33+00:00,10392,larsoner
2022-02-25 16:05:47+00:00,10400,larsoner
2022-02-25 17:00:40+00:00,10393,larsoner
2022-02-27 13:19:10+00:00,10396,agramfort
2022-02-28 16:10:23+00:00,10395,larsoner
2022-03-01 16:30:40+00:00,10401,agramfort
2022-03-01 17:50:43+00:00,10385,larsoner
2022-03-01 17:51:34+00:00,10399,larsoner
2022-03-01 18:10:52+00:00,10406,agramfort
2022-03-02 21:56:25+00:00,10407,larsoner
2022-03-03 18:56:10+00:00,10409,agramfort
2022-03-04 16:07:01+00:00,10378,larsoner
2022-03-04 16:59:21+00:00,10411,larsoner
2022-03-05 10:50:58+00:00,10415,hoechenberger
2022-03-05 11:00:17+00:00,10412,GuillaumeFavelier
2022-03-05 17:26:47+00:00,10416,hoechenberger
2022-03-05 21:01:37+00:00,10414,larsoner
2022-03-06 13:09:06+00:00,10417,larsoner
2022-03-08 12:49:40+00:00,10408,larsoner
2022-03-08 17:21:44+00:00,10423,GuillaumeFavelier
2022-03-08 18:19:24+00:00,10424,larsoner
2022-03-08 18:44:07+00:00,10377,larsoner
2022-03-08 21:28:45+00:00,10421,larsoner
2022-03-09 19:19:00+00:00,10425,larsoner
2022-03-10 16:10:31+00:00,10304,larsoner
2022-03-10 20:40:59+00:00,10429,agramfort
2022-03-11 16:21:31+00:00,10418,larsoner
2022-03-11 21:17:01+00:00,10432,larsoner
2022-03-12 21:43:40+00:00,10431,larsoner
2022-03-14 15:04:48+00:00,10434,larsoner
2022-03-16 22:16:20+00:00,10439,alexrockhill
2022-03-17 17:21:32+00:00,10441,larsoner
2022-03-17 21:22:17+00:00,10443,larsoner
2022-03-18 10:16:52+00:00,10442,GuillaumeFavelier
2022-03-18 11:24:25+00:00,10444,larsoner
2022-03-19 13:13:42+00:00,10436,agramfort
2022-03-21 13:39:13+00:00,10448,hoechenberger
2022-03-21 16:36:51+00:00,10450,larsoner
2022-03-22 16:22:58+00:00,10452,GuillaumeFavelier
2022-03-23 12:42:40+00:00,10438,agramfort
2022-03-24 07:40:20+00:00,10455,GuillaumeFavelier
2022-03-28 15:55:20+00:00,10459,GuillaumeFavelier
2022-03-28 19:15:54+00:00,10462,agramfort
2022-03-30 23:53:52+00:00,10461,larsoner
2022-03-31 13:08:21+00:00,10479,agramfort
2022-03-31 18:04:40+00:00,10478,larsoner
2022-04-01 18:52:13+00:00,10463,larsoner
2022-04-01 21:03:23+00:00,10456,larsoner
2022-04-01 23:58:20+00:00,10458,larsoner
2022-04-02 13:17:56+00:00,10485,agramfort
2022-04-03 12:46:56+00:00,10487,larsoner
2022-04-03 12:58:33+00:00,10488,larsoner
2022-04-03 14:22:02+00:00,10489,larsoner
2022-04-03 17:23:05+00:00,10457,cbrnr
2022-04-03 17:37:15+00:00,10484,larsoner
2022-04-04 19:47:10+00:00,10492,agramfort
2022-04-05 06:18:42+00:00,10493,agramfort
2022-04-05 15:45:12+00:00,10473,larsoner
2022-04-06 02:12:17+00:00,10495,larsoner
2022-04-07 16:20:35+00:00,10498,larsoner
2022-04-07 16:21:47+00:00,10497,larsoner
2022-04-07 22:12:58+00:00,10430,larsoner
2022-04-08 07:58:07+00:00,10503,agramfort
2022-04-08 16:10:56+00:00,10506,larsoner
2022-04-08 18:09:55+00:00,10502,larsoner
2022-04-08 20:40:56+00:00,10504,larsoner
2022-04-10 03:57:32+00:00,10511,larsoner
2022-04-10 19:47:22+00:00,10500,agramfort
2022-04-11 00:13:44+00:00,10509,larsoner
2022-04-11 13:23:56+00:00,10501,agramfort
2022-04-13 15:21:02+00:00,10513,larsoner
2022-04-14 13:15:04+00:00,10521,larsoner
2022-04-14 13:49:29+00:00,10525,larsoner
2022-04-14 14:14:01+00:00,10527,larsoner
2022-04-14 15:18:17+00:00,10528,larsoner
2022-04-14 15:34:49+00:00,10517,larsoner
2022-04-15 13:24:02+00:00,10531,larsoner
2022-04-15 13:51:34+00:00,10523,larsoner
2022-04-15 23:25:00+00:00,10535,larsoner
2022-04-16 00:34:54+00:00,10536,larsoner
2022-04-18 08:01:39+00:00,10540,agramfort
2022-04-19 16:52:44+00:00,10545,larsoner
2022-04-19 16:57:24+00:00,10544,larsoner
2022-04-20 10:40:38+00:00,10547,agramfort
2022-04-20 13:12:24+00:00,10548,larsoner
2022-04-20 13:32:13+00:00,10464,larsoner
2022-04-21 06:02:41+00:00,10552,hoechenberger
2022-04-21 13:55:38+00:00,10491,agramfort
2022-04-21 14:16:04+00:00,10549,agramfort
2022-04-21 16:27:05+00:00,10534,larsoner
2022-04-21 16:27:59+00:00,10546,larsoner
2022-04-21 18:56:30+00:00,10543,larsoner
2022-04-21 20:09:13+00:00,10460,agramfort
2022-04-21 20:36:37+00:00,10537,hoechenberger
2022-04-22 04:18:35+00:00,10556,wmvanvliet
2022-04-22 14:44:39+00:00,10557,larsoner
2022-04-23 12:18:46+00:00,10558,agramfort
2022-04-25 16:19:32+00:00,10560,larsoner
2022-04-26 18:08:40+00:00,10515,larsoner
2022-04-26 18:08:57+00:00,10563,larsoner
2022-04-27 15:30:41+00:00,10574,larsoner
2022-04-27 17:13:44+00:00,10569,larsoner
2022-04-27 17:14:04+00:00,10573,larsoner
2022-04-27 17:14:25+00:00,10575,larsoner
2022-04-28 14:40:58+00:00,10217,hoechenberger
2022-04-28 20:28:10+00:00,10578,agramfort
2022-04-29 16:23:55+00:00,10567,agramfort
2022-04-30 09:02:28+00:00,10571,mmagnuski
2022-05-02 07:58:55+00:00,10580,hoechenberger
2022-05-02 08:32:20+00:00,10581,hoechenberger
2022-05-02 08:42:55+00:00,10568,hoechenberger
2022-05-02 09:49:08+00:00,10582,hoechenberger
2022-05-03 12:13:06+00:00,10586,larsoner
2022-05-03 12:19:58+00:00,10583,larsoner
2022-05-03 12:57:48+00:00,10588,larsoner
2022-05-03 15:23:24+00:00,10589,hoechenberger
2022-05-04 08:07:59+00:00,10587,agramfort
2022-05-04 14:48:36+00:00,10593,agramfort
2022-05-05 06:44:21+00:00,10599,agramfort
2022-05-05 08:40:59+00:00,10597,hoechenberger
2022-05-05 09:31:14+00:00,10600,hoechenberger
2022-05-05 17:39:27+00:00,10555,agramfort
2022-05-06 08:40:12+00:00,10603,hoechenberger
2022-05-06 11:44:07+00:00,10605,larsoner
2022-05-06 14:12:55+00:00,10606,larsoner
2022-05-07 12:33:40+00:00,10607,hoechenberger
2022-05-08 10:38:22+00:00,10613,hoechenberger
2022-05-08 13:46:42+00:00,10610,hoechenberger
2022-05-08 19:46:05+00:00,10614,hoechenberger
2022-05-09 19:20:16+00:00,10615,larsoner
2022-05-10 06:26:27+00:00,10616,agramfort
2022-05-10 18:26:48+00:00,10592,larsoner
2022-05-10 18:26:59+00:00,10611,larsoner
2022-05-11 00:45:05+00:00,10619,alexrockhill
2022-05-11 08:35:51+00:00,10620,hoechenberger
2022-05-11 17:33:31+00:00,10624,larsoner
2022-05-11 20:02:11+00:00,10617,mmagnuski
2022-05-11 20:51:43+00:00,10621,larsoner
2022-05-12 13:29:31+00:00,10618,larsoner
2022-05-12 13:30:51+00:00,10626,larsoner
2022-05-12 19:44:44+00:00,10622,larsoner
2022-05-13 14:42:06+00:00,10628,larsoner
2022-05-16 16:30:01+00:00,10636,larsoner
2022-05-16 17:49:42+00:00,10630,larsoner
2022-05-17 07:06:37+00:00,10541,agramfort
2022-05-17 15:48:17+00:00,10637,larsoner
2022-05-17 16:03:24+00:00,10638,larsoner
2022-05-17 17:10:07+00:00,10627,larsoner
2022-05-17 17:55:19+00:00,10125,larsoner
2022-05-17 19:35:15+00:00,10643,agramfort
2022-05-18 14:51:19+00:00,10649,larsoner
2022-05-19 13:39:37+00:00,10651,agramfort
2022-05-19 20:02:14+00:00,10639,larsoner
2022-05-19 22:37:14+00:00,10632,agramfort
2022-05-20 09:22:48+00:00,10654,agramfort
2022-05-20 09:34:04+00:00,10645,GuillaumeFavelier
2022-05-22 07:04:54+00:00,10633,sappelhoff
2022-05-23 05:37:51+00:00,10658,hoechenberger
2022-05-23 10:04:26+00:00,10661,GuillaumeFavelier
2022-05-23 12:28:04+00:00,10664,hoechenberger
2022-05-23 12:56:43+00:00,10666,hoechenberger
2022-05-23 19:32:09+00:00,10662,larsoner
2022-05-23 19:57:16+00:00,10667,larsoner
2022-05-23 21:21:41+00:00,10642,larsoner
2022-05-24 15:11:18+00:00,10646,larsoner
2022-05-24 17:53:28+00:00,10668,larsoner
2022-05-24 18:20:02+00:00,10669,larsoner
2022-05-25 08:03:24+00:00,10672,GuillaumeFavelier
2022-05-26 16:04:20+00:00,10676,larsoner
2022-05-26 16:09:27+00:00,10674,larsoner
2022-05-26 17:14:38+00:00,10677,hoechenberger
2022-05-27 17:32:01+00:00,10683,larsoner
2022-05-28 16:47:04+00:00,10685,larsoner
2022-05-31 13:01:46+00:00,10686,hoechenberger
2022-05-31 14:48:04+00:00,10688,hoechenberger
2022-05-31 18:57:43+00:00,10689,drammock
2022-06-01 15:19:03+00:00,10692,larsoner
2022-06-01 16:37:59+00:00,10681,larsoner
2022-06-02 10:34:02+00:00,10671,hoechenberger
2022-06-03 10:01:33+00:00,10703,hoechenberger
2022-06-03 12:47:38+00:00,8754,larsoner
2022-06-03 13:18:38+00:00,10699,hoechenberger
2022-06-03 21:21:30+00:00,10710,hoechenberger
2022-06-04 16:47:28+00:00,10711,larsoner
2022-06-07 14:20:16+00:00,10705,hoechenberger
2022-06-07 16:06:22+00:00,10714,larsoner
2022-06-07 17:21:38+00:00,10719,larsoner
2022-06-07 22:24:13+00:00,10716,larsoner
2022-06-07 23:05:11+00:00,10723,larsoner
2022-06-08 10:11:41+00:00,10694,hoechenberger
2022-06-08 12:27:53+00:00,10720,larsoner
2022-06-08 13:12:51+00:00,10722,larsoner
2022-06-09 21:31:46+00:00,10727,larsoner
2022-06-09 21:55:12+00:00,10729,drammock
2022-06-10 12:16:56+00:00,10730,larsoner
2022-06-10 19:09:15+00:00,10735,drammock
2022-06-10 20:57:21+00:00,10572,drammock
2022-06-11 19:51:21+00:00,10733,hoechenberger
2022-06-11 19:51:57+00:00,10737,hoechenberger
2022-06-12 08:13:09+00:00,10739,hoechenberger
2022-06-12 10:00:43+00:00,10740,agramfort
2022-06-13 14:58:32+00:00,10748,hoechenberger
2022-06-13 19:18:48+00:00,10755,larsoner
2022-06-14 13:10:04+00:00,10753,drammock
2022-06-14 18:21:00+00:00,10762,agramfort
2022-06-14 21:56:00+00:00,10760,agramfort
2022-06-15 01:25:54+00:00,10764,larsoner
2022-06-15 14:28:16+00:00,10718,larsoner
2022-06-15 16:33:19+00:00,10284,hoechenberger
2022-06-15 16:47:34+00:00,10770,drammock
2022-06-15 17:32:47+00:00,10734,larsoner
2022-06-15 18:32:01+00:00,10765,hoechenberger
2022-06-16 07:17:49+00:00,10749,hoechenberger
2022-06-17 06:02:21+00:00,10763,hoechenberger
2022-06-17 19:12:27+00:00,10778,hoechenberger
2022-06-18 12:33:45+00:00,10781,larsoner
2022-06-20 10:42:20+00:00,10787,agramfort
2022-06-20 11:02:35+00:00,10788,agramfort
2022-06-21 08:05:53+00:00,10793,hoechenberger
2022-06-21 13:37:24+00:00,10792,larsoner
2022-06-22 07:42:00+00:00,10797,larsoner
2022-06-22 07:42:49+00:00,10795,larsoner
2022-06-22 08:12:03+00:00,10796,larsoner
2022-06-22 09:39:03+00:00,10794,hoechenberger
2022-06-22 14:38:55+00:00,10800,agramfort
2022-06-23 17:01:41+00:00,10776,drammock
2022-06-24 06:40:26+00:00,10804,hoechenberger
2022-06-24 14:08:49+00:00,10802,larsoner
2022-06-24 21:54:48+00:00,10824,larsoner
2022-06-24 21:58:30+00:00,10820,larsoner
2022-06-24 21:59:46+00:00,10825,larsoner
2022-06-24 22:21:52+00:00,10777,larsoner
2022-06-26 16:23:18+00:00,10715,larsoner
2022-06-27 10:53:16+00:00,10830,drammock
2022-06-27 10:53:51+00:00,10832,drammock
2022-06-27 11:27:11+00:00,10829,drammock
2022-06-27 18:16:33+00:00,10843,drammock
2022-06-28 00:46:27+00:00,10841,larsoner
2022-06-28 05:25:20+00:00,10845,agramfort
2022-06-28 07:24:17+00:00,10844,agramfort
2022-06-28 15:45:58+00:00,10736,larsoner
2022-06-28 16:43:51+00:00,10856,drammock
2022-06-28 19:06:53+00:00,10839,drammock
2022-06-28 19:44:36+00:00,10858,drammock
2022-06-28 20:26:09+00:00,10859,drammock
2022-06-29 06:00:16+00:00,10862,agramfort
2022-06-29 07:06:18+00:00,10863,agramfort
2022-06-29 13:09:33+00:00,10864,drammock
2022-06-29 17:12:25+00:00,10838,agramfort
2022-06-29 17:36:36+00:00,10865,larsoner
2022-06-29 19:22:00+00:00,10866,larsoner
2022-06-29 21:51:24+00:00,10868,drammock
2022-06-29 21:52:17+00:00,10870,drammock
2022-06-30 07:27:19+00:00,10875,agramfort
2022-06-30 07:28:18+00:00,10873,agramfort
2022-06-30 12:50:19+00:00,10879,agramfort
2022-06-30 13:15:53+00:00,10880,drammock
2022-06-30 13:33:28+00:00,10876,drammock
2022-06-30 13:34:56+00:00,10861,drammock
2022-06-30 15:25:53+00:00,10884,drammock
2022-06-30 17:32:02+00:00,10851,larsoner
2022-07-01 00:43:21+00:00,10887,drammock
2022-07-01 07:57:03+00:00,10889,agramfort
2022-07-01 20:30:43+00:00,10896,drammock
2022-07-03 14:26:25+00:00,10894,agramfort
2022-07-05 13:38:11+00:00,10900,larsoner
2022-07-05 13:39:20+00:00,10754,drammock
2022-07-05 15:09:03+00:00,10895,drammock
2022-07-05 15:11:52+00:00,10897,drammock
2022-07-05 15:12:17+00:00,10893,drammock
2022-07-05 16:42:37+00:00,10849,drammock
2022-07-05 16:54:58+00:00,10846,larsoner
2022-07-07 14:37:01+00:00,10906,drammock
2022-07-07 20:24:22+00:00,10907,larsoner
2022-07-08 10:08:49+00:00,10912,agramfort
2022-07-09 13:22:48+00:00,10892,wmvanvliet
2022-07-13 12:52:15+00:00,10917,larsoner
2022-07-13 15:21:23+00:00,10911,larsoner
2022-07-13 19:18:16+00:00,10922,larsoner
2022-07-13 21:53:43+00:00,10923,larsoner
2022-07-13 22:21:26+00:00,10925,drammock
2022-07-14 13:41:35+00:00,10926,drammock
2022-07-15 09:44:11+00:00,10927,agramfort
2022-07-18 21:59:10+00:00,10933,larsoner
2022-07-19 21:31:26+00:00,10936,drammock
2022-07-20 16:39:51+00:00,10938,drammock
2022-07-21 14:26:12+00:00,10940,drammock
2022-07-21 16:43:58+00:00,10930,drammock
2022-07-21 18:34:26+00:00,10898,drammock
2022-07-21 19:22:55+00:00,10944,drammock
2022-07-21 19:23:46+00:00,10891,drammock
2022-07-22 17:44:19+00:00,10949,agramfort
2022-07-22 19:32:46+00:00,10951,drammock
2022-07-22 21:22:27+00:00,10950,drammock
2022-07-25 12:58:19+00:00,10953,hoechenberger
2022-07-26 07:04:11+00:00,10956,cbrnr
2022-07-26 09:07:31+00:00,10942,hoechenberger
2022-07-26 16:08:03+00:00,10958,larsoner
2022-07-26 17:32:38+00:00,10957,larsoner
2022-07-27 15:01:31+00:00,10874,drammock
2022-07-27 15:09:28+00:00,10945,larsoner
2022-07-27 17:22:27+00:00,10962,drammock
2022-07-27 17:34:38+00:00,10963,larsoner
2022-07-27 18:59:54+00:00,10886,drammock
2022-07-27 19:06:42+00:00,10967,drammock
2022-07-28 02:09:50+00:00,10969,larsoner
2022-07-28 15:53:24+00:00,10968,larsoner
2022-07-28 19:02:05+00:00,10972,larsoner
2022-07-29 15:13:45+00:00,10974,drammock
2022-07-31 12:38:33+00:00,10973,larsoner
2022-07-31 16:03:23+00:00,10982,larsoner
2022-08-02 14:28:35+00:00,10978,larsoner
2022-08-02 15:34:28+00:00,10989,drammock
2022-08-02 15:35:58+00:00,10990,drammock
2022-08-02 16:03:53+00:00,10993,larsoner
2022-08-02 19:37:44+00:00,10979,drammock
2022-08-02 23:12:29+00:00,10997,drammock
2022-08-03 13:14:54+00:00,11001,larsoner
2022-08-03 15:48:15+00:00,10994,drammock
2022-08-03 16:42:39+00:00,11003,larsoner
2022-08-04 17:39:58+00:00,10913,larsoner
2022-08-05 13:25:48+00:00,11006,larsoner
2022-08-05 19:28:08+00:00,11007,drammock
2022-08-05 20:32:21+00:00,11009,drammock
2022-08-06 20:17:26+00:00,11000,larsoner
2022-08-06 21:44:34+00:00,11012,larsoner
2022-08-08 19:00:37+00:00,11016,agramfort
2022-08-10 13:44:00+00:00,11018,drammock
2022-08-10 16:28:55+00:00,11019,drammock
2022-08-10 20:32:14+00:00,11022,drammock
2022-08-10 21:41:14+00:00,11008,drammock
2022-08-15 13:34:30+00:00,11024,larsoner
2022-08-15 14:43:48+00:00,11004,larsoner
2022-08-15 16:18:45+00:00,11034,larsoner
2022-08-15 16:24:04+00:00,11020,larsoner
2022-08-15 17:44:50+00:00,11035,larsoner
2022-08-16 01:26:01+00:00,10986,larsoner
2022-08-16 13:34:00+00:00,11037,drammock
2022-08-17 19:28:13+00:00,11041,drammock
2022-08-17 20:54:17+00:00,11040,larsoner
2022-08-17 20:55:13+00:00,11038,larsoner
2022-08-18 19:54:07+00:00,11047,larsoner
2022-08-18 22:25:59+00:00,11052,larsoner
2022-08-18 22:27:10+00:00,11053,larsoner
2022-08-18 23:52:51+00:00,11050,larsoner
2022-08-18 23:56:28+00:00,11051,larsoner
2022-08-19 14:20:09+00:00,11056,drammock
2022-08-19 14:34:51+00:00,11048,drammock
2022-08-19 15:05:33+00:00,11049,larsoner
2022-08-19 17:25:42+00:00,11059,agramfort
2022-08-19 18:09:30+00:00,11057,larsoner
2022-08-22 09:40:20+00:00,11060,drammock
2022-08-22 13:50:21+00:00,11066,larsoner
2022-08-22 22:49:37+00:00,11065,larsoner
2022-08-22 22:50:20+00:00,11068,larsoner
2022-08-22 22:52:14+00:00,11069,larsoner
2022-08-23 02:21:35+00:00,11067,larsoner
2022-08-23 10:11:54+00:00,11070,larsoner
2022-08-23 10:58:41+00:00,8639,larsoner
2022-08-23 11:45:09+00:00,11071,drammock
2022-08-23 12:02:32+00:00,6233,larsoner
2022-08-23 12:22:02+00:00,11072,larsoner
2022-08-23 17:14:36+00:00,10980,wmvanvliet
2022-08-23 21:26:32+00:00,11076,agramfort
2022-08-24 08:17:08+00:00,11075,drammock
2022-08-24 09:35:33+00:00,11029,drammock
2022-08-24 10:11:16+00:00,11077,drammock
2022-08-24 11:59:02+00:00,11073,drammock
2022-08-24 13:21:14+00:00,11081,larsoner
2022-08-24 14:25:09+00:00,11074,larsoner
2022-08-25 09:24:20+00:00,11086,agramfort
2022-08-26 09:38:51+00:00,11084,drammock
2022-08-26 10:00:20+00:00,11085,drammock
2022-08-26 14:44:47+00:00,11080,larsoner
2022-08-26 23:44:52+00:00,11090,hoechenberger
2022-08-27 08:40:46+00:00,11099,hoechenberger
2022-08-27 08:58:17+00:00,10184,drammock
2022-08-27 16:28:23+00:00,11102,agramfort
2022-08-28 14:37:14+00:00,11105,hoechenberger
2022-08-28 21:59:05+00:00,11108,agramfort
2022-08-29 11:31:28+00:00,11104,larsoner
2022-08-29 15:05:10+00:00,11095,agramfort
2022-08-29 17:10:10+00:00,11097,larsoner
2022-08-29 17:13:54+00:00,10999,alexrockhill
2022-08-29 20:08:29+00:00,11115,larsoner
2022-08-29 22:23:17+00:00,11094,larsoner
2022-08-30 12:12:51+00:00,11118,agramfort
2022-08-30 15:44:50+00:00,11101,drammock
2022-08-30 16:40:41+00:00,10433,drammock
2022-08-30 21:13:49+00:00,11120,larsoner
2022-08-31 13:02:54+00:00,11103,larsoner
2022-08-31 13:16:18+00:00,11121,larsoner
2022-08-31 16:37:35+00:00,11083,agramfort
2022-09-01 20:13:45+00:00,11127,larsoner
2022-09-01 20:19:51+00:00,11125,drammock
2022-09-01 20:41:56+00:00,11124,drammock
2022-09-01 21:04:05+00:00,11126,larsoner
2022-09-02 09:05:43+00:00,11011,agramfort
2022-09-02 14:58:22+00:00,11129,larsoner
2022-09-03 09:10:55+00:00,11116,wmvanvliet
2022-09-03 17:51:21+00:00,11132,larsoner
2022-09-04 13:14:59+00:00,11134,larsoner
2022-09-07 10:45:09+00:00,11017,hoechenberger
2022-09-07 12:48:54+00:00,11139,agramfort
2022-09-07 18:29:20+00:00,11140,drammock
2022-09-07 19:35:07+00:00,11143,agramfort
2022-09-08 00:28:25+00:00,11136,larsoner
2022-09-08 16:45:14+00:00,11122,larsoner
2022-09-08 21:48:16+00:00,11144,larsoner
2022-09-09 11:58:53+00:00,11146,larsoner
2022-09-09 13:48:01+00:00,11147,drammock
2022-09-09 14:48:35+00:00,11151,drammock
2022-09-09 15:28:13+00:00,11145,larsoner
2022-09-09 16:19:29+00:00,11148,larsoner
2022-09-12 15:02:56+00:00,11155,larsoner
2022-09-13 01:11:50+00:00,11156,larsoner
2022-09-13 02:42:10+00:00,11154,larsoner
2022-09-13 09:13:18+00:00,11157,hoechenberger
2022-09-13 18:25:07+00:00,11160,agramfort
2022-09-13 21:36:43+00:00,11150,agramfort
2022-09-14 14:20:05+00:00,11141,hoechenberger
2022-09-15 12:56:08+00:00,11159,agramfort
2022-09-15 17:21:02+00:00,11163,larsoner
2022-09-15 22:33:48+00:00,11169,larsoner
2022-09-16 05:28:59+00:00,10559,larsoner
2022-09-16 09:19:42+00:00,11171,agramfort
2022-09-16 13:22:38+00:00,10656,agramfort
2022-09-16 17:34:21+00:00,11175,larsoner
2022-09-16 20:42:34+00:00,11179,larsoner
2022-09-16 21:48:51+00:00,11178,larsoner
2022-09-17 14:23:30+00:00,11182,larsoner
2022-09-17 14:24:21+00:00,11180,larsoner
2022-09-17 14:26:38+00:00,11176,larsoner
2022-09-17 17:30:34+00:00,11183,larsoner
2022-09-18 21:22:32+00:00,11185,agramfort
2022-09-18 23:57:03+00:00,11187,larsoner
2022-09-19 06:49:14+00:00,11186,agramfort
2022-09-20 10:22:43+00:00,11191,larsoner
2022-09-20 18:44:36+00:00,11192,larsoner
2022-09-20 19:11:26+00:00,11193,larsoner
2022-09-20 20:17:23+00:00,11190,larsoner
2022-09-21 17:59:59+00:00,11181,hoechenberger
2022-09-23 04:37:19+00:00,11197,larsoner
2022-09-23 15:55:50+00:00,11199,larsoner
2022-09-23 20:45:17+00:00,11198,larsoner
2022-09-26 11:55:56+00:00,11203,larsoner
2022-09-26 13:01:39+00:00,11206,larsoner
2022-09-26 14:29:57+00:00,11204,larsoner
2022-09-27 14:20:31+00:00,11207,drammock
2022-09-27 18:01:46+00:00,11046,larsoner
2022-09-27 19:03:07+00:00,11205,drammock
2022-09-28 06:04:09+00:00,11201,larsoner
2022-09-28 06:06:20+00:00,11209,agramfort
2022-09-28 15:12:09+00:00,11200,larsoner
2022-09-28 16:48:19+00:00,11211,larsoner
2022-09-29 18:00:02+00:00,11213,larsoner
2022-09-30 17:00:14+00:00,11123,drammock
2022-10-01 07:57:56+00:00,11215,agramfort
2022-10-03 15:17:36+00:00,11219,larsoner
2022-10-04 17:43:02+00:00,11216,drammock
2022-10-05 18:15:55+00:00,11222,larsoner
2022-10-05 19:00:00+00:00,11223,larsoner
2022-10-05 23:31:59+00:00,11212,larsoner
2022-10-06 16:29:24+00:00,11228,drammock
2022-10-06 21:02:27+00:00,11229,larsoner
2022-10-07 14:11:46+00:00,11231,larsoner
2022-10-07 15:57:07+00:00,11230,drammock
2022-10-07 16:42:36+00:00,11033,larsoner
2022-10-09 18:54:31+00:00,11232,larsoner
2022-10-11 19:30:37+00:00,11236,drammock
2022-10-12 12:25:51+00:00,11235,larsoner
2022-10-13 10:37:31+00:00,11238,agramfort
2022-10-13 20:03:02+00:00,11246,larsoner
2022-10-13 20:04:26+00:00,11244,larsoner
2022-10-14 22:20:08+00:00,11241,larsoner
2022-10-15 18:25:03+00:00,11251,agramfort
2022-10-15 18:27:08+00:00,11249,agramfort
2022-10-16 10:30:40+00:00,11245,agramfort
2022-10-16 10:37:46+00:00,11250,agramfort
2022-10-17 14:12:10+00:00,11253,larsoner
2022-10-17 14:56:25+00:00,11248,drammock
2022-10-17 17:47:38+00:00,11256,larsoner
2022-10-18 08:40:37+00:00,11237,agramfort
2022-10-18 15:03:03+00:00,11259,drammock
2022-10-19 18:48:52+00:00,11255,larsoner
2022-10-19 20:40:06+00:00,11260,drammock
2022-10-19 21:06:16+00:00,11261,drammock
2022-10-20 21:27:41+00:00,11263,larsoner
2022-10-21 12:27:14+00:00,11270,larsoner
2022-10-21 16:24:34+00:00,11272,drammock
2022-10-21 18:23:48+00:00,11271,larsoner
2022-10-21 18:50:45+00:00,11273,larsoner
2022-10-21 20:09:31+00:00,11266,drammock
2022-10-24 09:37:05+00:00,11096,agramfort
2022-10-25 11:46:59+00:00,11277,larsoner
2022-10-25 13:34:16+00:00,11279,larsoner
2022-10-25 16:17:14+00:00,11280,drammock
2022-10-28 15:53:50+00:00,11284,larsoner
2022-10-31 17:52:11+00:00,11283,larsoner
2022-10-31 18:26:16+00:00,11290,larsoner
2022-10-31 22:28:37+00:00,11289,larsoner
2022-11-01 13:24:47+00:00,11291,hoechenberger
2022-11-02 16:37:44+00:00,11265,larsoner
2022-11-03 15:27:39+00:00,11300,drammock
2022-11-03 16:35:59+00:00,11298,larsoner
2022-11-03 20:45:04+00:00,11303,agramfort
2022-11-03 21:27:25+00:00,11301,drammock
2022-11-03 22:30:35+00:00,11293,larsoner
2022-11-04 17:36:18+00:00,11304,drammock
2022-11-07 18:12:54+00:00,11307,larsoner
2022-11-08 16:23:03+00:00,11308,larsoner
2022-11-08 17:50:28+00:00,11309,larsoner
2022-11-09 18:15:35+00:00,11302,larsoner
2022-11-10 17:11:56+00:00,11315,agramfort
2022-11-10 20:42:21+00:00,11317,larsoner
2022-11-11 08:12:30+00:00,11318,agramfort
2022-11-13 14:09:15+00:00,11311,hoechenberger
2022-11-15 05:24:09+00:00,11313,larsoner
2022-11-15 21:44:47+00:00,11325,drammock
2022-11-16 01:04:11+00:00,11328,larsoner
2022-11-17 15:52:53+00:00,11322,larsoner
2022-11-18 14:53:49+00:00,11310,larsoner
2022-11-18 17:37:50+00:00,11281,drammock
2022-11-18 18:54:04+00:00,11329,larsoner
2022-11-21 14:23:43+00:00,11334,larsoner
2022-11-22 13:41:44+00:00,11335,agramfort
2022-11-28 17:08:03+00:00,11338,larsoner
2022-11-28 19:59:48+00:00,11333,larsoner
2022-11-28 20:38:24+00:00,11340,agramfort
2022-11-30 20:18:21+00:00,11344,larsoner
2022-12-01 08:09:06+00:00,11345,hoechenberger
2022-12-01 16:48:46+00:00,11347,larsoner
2022-12-01 19:48:03+00:00,11348,larsoner
2022-12-02 01:32:16+00:00,10920,alexrockhill
2022-12-02 12:20:57+00:00,11350,larsoner
2022-12-06 13:11:49+00:00,11354,larsoner
2022-12-06 17:33:21+00:00,11346,larsoner
2022-12-06 19:59:59+00:00,11356,hoechenberger
2022-12-07 17:46:17+00:00,11357,larsoner
2022-12-07 21:42:32+00:00,11359,larsoner
2022-12-10 13:20:55+00:00,11353,drammock
2022-12-12 08:40:40+00:00,11363,agramfort
2022-12-12 15:00:39+00:00,11364,larsoner
2022-12-12 15:01:21+00:00,11351,larsoner
2022-12-13 01:21:26+00:00,11365,larsoner
2022-12-15 17:29:11+00:00,11369,larsoner
2022-12-16 12:46:41+00:00,11374,larsoner
2022-12-17 00:32:01+00:00,11371,larsoner
2022-12-19 16:47:37+00:00,11379,larsoner
2022-12-19 17:50:45+00:00,11378,larsoner
2022-12-19 18:44:39+00:00,11377,larsoner
2022-12-19 19:55:04+00:00,11375,larsoner
2022-12-20 13:54:35+00:00,11381,larsoner
2022-12-21 20:55:31+00:00,11361,drammock
2022-12-22 16:09:34+00:00,11384,drammock
2022-12-24 17:37:57+00:00,11387,drammock
2022-12-26 16:24:11+00:00,11389,hoechenberger
2022-12-26 21:53:38+00:00,11390,hoechenberger
2022-12-28 14:23:20+00:00,11391,drammock
2023-01-02 15:22:13+00:00,11397,larsoner
2023-01-03 10:06:27+00:00,11399,agramfort
2023-01-03 15:45:26+00:00,11401,drammock
2023-01-04 10:41:25+00:00,11388,agramfort
2023-01-05 19:07:17+00:00,11402,drammock
2023-01-05 20:45:20+00:00,11407,drammock
2023-01-06 17:53:39+00:00,11398,larsoner
2023-01-06 21:46:40+00:00,11366,larsoner
2023-01-10 16:36:48+00:00,11412,drammock
2023-01-12 18:25:37+00:00,11416,larsoner
2023-01-12 23:45:52+00:00,11417,drammock
2023-01-18 16:50:00+00:00,11423,larsoner
2023-01-18 16:51:13+00:00,11422,larsoner
2023-01-18 17:00:34+00:00,11421,larsoner
2023-01-19 01:55:31+00:00,11420,larsoner
2023-01-19 20:27:06+00:00,11418,larsoner
2023-01-19 20:35:32+00:00,11424,larsoner
2023-01-19 22:22:53+00:00,11425,larsoner
2023-01-21 17:52:40+00:00,11427,drammock
2023-01-23 19:40:13+00:00,11419,drammock
2023-01-25 16:52:11+00:00,11430,drammock
2023-01-30 22:30:21+00:00,11436,alexrockhill
2023-02-01 06:53:34+00:00,11440,hoechenberger
2023-02-01 21:14:54+00:00,11441,agramfort
2023-02-02 12:21:48+00:00,11438,agramfort
2023-02-06 17:52:42+00:00,11455,larsoner
2023-02-06 19:55:26+00:00,11452,larsoner
2023-02-06 20:13:27+00:00,11453,larsoner
2023-02-07 03:28:11+00:00,11437,larsoner
2023-02-08 13:42:47+00:00,11459,agramfort
2023-02-09 20:50:45+00:00,11450,larsoner
2023-02-09 23:16:46+00:00,11454,drammock
2023-02-11 00:38:25+00:00,11467,larsoner
2023-02-13 14:55:32+00:00,11458,agramfort
2023-02-13 18:46:51+00:00,11465,larsoner
2023-02-15 19:01:37+00:00,11478,larsoner
2023-02-15 20:55:50+00:00,11472,larsoner
2023-02-15 22:06:55+00:00,11470,larsoner
2023-02-16 12:51:58+00:00,11485,cbrnr
2023-02-16 16:58:00+00:00,11475,drammock
2023-02-16 19:37:28+00:00,11488,larsoner
2023-02-16 19:44:03+00:00,11469,larsoner
2023-02-16 23:14:37+00:00,11489,alexrockhill
2023-02-17 21:17:59+00:00,11491,drammock
2023-02-19 21:34:27+00:00,11493,hoechenberger
2023-02-21 13:12:11+00:00,11496,larsoner
2023-02-21 14:00:21+00:00,11498,larsoner
2023-02-21 15:11:44+00:00,11479,larsoner
2023-02-21 16:35:17+00:00,11471,larsoner
2023-02-21 16:36:15+00:00,11497,larsoner
2023-02-21 16:44:14+00:00,11473,larsoner
2023-02-22 17:08:20+00:00,11499,larsoner
2023-02-23 19:58:01+00:00,11409,larsoner
2023-02-24 19:03:59+00:00,11506,larsoner
2023-02-25 12:28:41+00:00,11435,agramfort
2023-02-25 13:38:12+00:00,11505,agramfort
2023-02-27 17:05:38+00:00,11500,larsoner
2023-02-28 19:05:35+00:00,11512,larsoner
2023-03-01 20:40:07+00:00,11518,larsoner
2023-03-02 18:36:47+00:00,11517,larsoner
2023-03-07 19:37:47+00:00,11538,drammock
2023-03-08 11:35:56+00:00,11537,drammock
2023-03-08 17:52:55+00:00,11521,larsoner
2023-03-09 06:12:03+00:00,11547,cbrnr
2023-03-14 15:51:38+00:00,11550,larsoner
2023-03-15 02:29:11+00:00,11557,larsoner
2023-03-15 14:29:31+00:00,11555,larsoner
2023-03-15 15:00:03+00:00,11558,drammock
2023-03-15 16:49:59+00:00,11562,larsoner
2023-03-16 18:05:56+00:00,11566,larsoner
2023-03-17 21:18:16+00:00,11568,drammock
2023-03-17 22:47:05+00:00,11569,larsoner
2023-03-19 11:55:11+00:00,11574,agramfort
2023-03-19 17:21:59+00:00,11502,larsoner
2023-03-20 11:15:21+00:00,11563,drammock
2023-03-20 14:09:06+00:00,11577,larsoner
2023-03-20 17:07:00+00:00,11556,larsoner
2023-03-20 18:53:51+00:00,11567,larsoner
2023-03-21 13:24:30+00:00,11578,larsoner
2023-03-22 15:15:41+00:00,11572,larsoner
2023-03-22 17:04:20+00:00,11583,drammock
2023-03-22 17:33:50+00:00,11585,drammock
2023-03-22 19:15:51+00:00,11584,larsoner
2023-03-22 20:46:17+00:00,11586,drammock
2023-03-22 20:46:43+00:00,11582,larsoner
2023-03-22 21:06:32+00:00,11587,drammock
2023-03-23 15:56:49+00:00,11591,larsoner
2023-03-23 23:20:04+00:00,11594,larsoner
2023-03-24 13:22:31+00:00,11592,larsoner
2023-03-25 17:49:29+00:00,11595,drammock
2023-03-25 21:44:01+00:00,11078,larsoner
2023-03-26 18:20:57+00:00,11596,hoechenberger
2023-03-27 08:05:31+00:00,11600,agramfort
2023-03-27 16:27:36+00:00,11601,larsoner
2023-03-27 16:29:37+00:00,11604,larsoner
2023-03-27 17:31:37+00:00,11152,larsoner
2023-03-27 18:50:00+00:00,11599,drammock
2023-03-28 15:53:29+00:00,11606,drammock
2023-03-28 22:03:56+00:00,11607,larsoner
2023-03-30 06:27:48+00:00,11612,agramfort
2023-04-04 16:19:47+00:00,11614,drammock
2023-04-06 01:59:48+00:00,11620,larsoner
2023-04-10 17:18:21+00:00,11621,larsoner
2023-04-11 17:43:59+00:00,11622,larsoner
2023-04-13 14:11:54+00:00,11616,larsoner
2023-04-13 16:16:30+00:00,11623,larsoner
2023-04-13 21:37:53+00:00,11625,larsoner
2023-04-14 14:59:53+00:00,10554,larsoner
2023-04-14 20:14:27+00:00,11629,larsoner
2023-04-14 22:35:22+00:00,11457,drammock
2023-04-17 10:24:21+00:00,11632,hoechenberger
2023-04-18 23:38:06+00:00,11635,larsoner
2023-04-19 19:03:57+00:00,11639,larsoner
2023-04-22 00:00:38+00:00,11541,larsoner
2023-04-22 22:26:08+00:00,11536,larsoner
2023-04-22 22:39:07+00:00,11643,larsoner
2023-04-24 18:25:58+00:00,11649,larsoner
2023-04-25 04:33:50+00:00,11644,larsoner
2023-04-25 11:22:57+00:00,11648,larsoner
2023-04-25 11:24:01+00:00,11634,larsoner
2023-04-25 18:58:43+00:00,11654,larsoner
2023-04-27 16:05:55+00:00,11640,larsoner
2023-04-27 17:01:22+00:00,11657,larsoner
2023-04-27 19:47:51+00:00,11646,larsoner
2023-04-28 11:46:45+00:00,11658,larsoner
2023-04-28 13:06:52+00:00,11662,larsoner
2023-04-28 14:33:48+00:00,11663,larsoner
2023-04-30 23:46:11+00:00,11666,larsoner
2023-05-01 16:36:34+00:00,11668,larsoner
2023-05-01 18:01:04+00:00,11665,larsoner
2023-05-01 19:18:32+00:00,11670,larsoner
2023-05-01 20:26:00+00:00,11631,larsoner
2023-05-02 22:23:08+00:00,11667,larsoner
2023-05-03 18:11:25+00:00,11673,drammock
2023-05-03 19:19:31+00:00,11166,drammock
2023-05-04 18:01:44+00:00,11664,larsoner
2023-05-04 19:48:47+00:00,11675,drammock
2023-05-05 20:51:29+00:00,11680,larsoner
2023-05-09 02:01:50+00:00,11682,larsoner
2023-05-09 14:32:14+00:00,11683,drammock
2023-05-09 20:27:22+00:00,11679,larsoner
2023-05-10 15:02:04+00:00,11686,larsoner
2023-05-10 19:08:32+00:00,11687,larsoner
2023-05-12 13:23:38+00:00,11692,larsoner
2023-05-13 11:05:02+00:00,11694,hoechenberger
2023-05-16 12:36:25+00:00,11695,hoechenberger
2023-05-16 18:06:58+00:00,11696,larsoner
2023-05-17 16:18:10+00:00,11697,larsoner
2023-05-23 15:54:31+00:00,11702,larsoner
2023-05-23 18:50:44+00:00,11701,hoechenberger
2023-05-23 19:03:46+00:00,11698,hoechenberger
2023-05-24 12:48:20+00:00,11575,larsoner
2023-05-26 15:06:36+00:00,11707,larsoner
2023-05-28 20:14:42+00:00,11709,larsoner
2023-05-31 02:12:01+00:00,11715,larsoner
2023-05-31 09:10:42+00:00,11713,hoechenberger
2023-06-01 17:07:09+00:00,11718,hoechenberger
2023-06-06 14:12:08+00:00,11721,larsoner
2023-06-06 16:37:00+00:00,11723,larsoner
2023-06-06 23:00:43+00:00,11720,larsoner
2023-06-07 14:04:13+00:00,11714,larsoner
2023-06-07 19:37:17+00:00,11724,larsoner
2023-06-10 13:00:17+00:00,11727,larsoner
2023-06-12 13:54:13+00:00,11729,mscheltienne
2023-06-14 17:03:13+00:00,11730,larsoner
2023-06-14 17:38:59+00:00,11704,larsoner
2023-06-20 15:14:24+00:00,11741,larsoner
2023-06-20 17:48:52+00:00,11745,larsoner
2023-06-20 21:37:38+00:00,11719,larsoner
2023-06-21 14:09:28+00:00,11744,drammock
2023-06-22 15:07:47+00:00,11748,larsoner
2023-06-23 13:22:33+00:00,11750,larsoner
2023-06-23 17:30:55+00:00,11733,larsoner
2023-06-23 17:42:53+00:00,11746,larsoner
2023-06-23 17:57:13+00:00,11736,larsoner
2023-06-23 21:52:49+00:00,11445,drammock
2023-06-25 22:30:30+00:00,11752,larsoner
2023-06-27 12:22:23+00:00,11753,larsoner
2023-06-27 16:02:10+00:00,11754,drammock
2023-06-28 01:36:52+00:00,11755,larsoner
2023-06-28 13:14:37+00:00,11756,larsoner
2023-06-28 16:19:05+00:00,11757,drammock
2023-06-30 13:19:05+00:00,11764,larsoner
2023-06-30 14:44:54+00:00,11765,larsoner
2023-07-01 16:43:05+00:00,11740,larsoner
2023-07-03 18:30:30+00:00,11771,drammock
2023-07-05 09:22:15+00:00,11774,mscheltienne
2023-07-05 15:53:33+00:00,11773,drammock
2023-07-05 17:11:02+00:00,11777,drammock
2023-07-06 09:02:43+00:00,11766,mscheltienne
2023-07-06 16:44:22+00:00,11770,larsoner
2023-07-07 13:36:56+00:00,11783,larsoner
2023-07-07 14:45:38+00:00,11779,larsoner
2023-07-08 08:41:51+00:00,11786,agramfort
2023-07-08 13:56:47+00:00,11781,larsoner
2023-07-08 17:40:01+00:00,11787,agramfort
2023-07-10 17:05:06+00:00,11789,larsoner
2023-07-11 21:16:13+00:00,11778,drammock
2023-07-12 17:06:25+00:00,11796,larsoner
2023-07-14 15:59:56+00:00,11801,larsoner
2023-07-14 17:13:29+00:00,11806,drammock
2023-07-17 21:39:05+00:00,11432,larsoner
2023-07-19 15:57:18+00:00,11814,drammock
2023-07-19 16:40:20+00:00,11808,larsoner
2023-07-19 17:08:30+00:00,11804,larsoner
2023-07-21 00:21:10+00:00,11819,larsoner
2023-07-21 16:13:10+00:00,11815,larsoner
2023-07-22 21:51:44+00:00,11822,larsoner
2023-07-24 15:13:55+00:00,11829,larsoner
2023-07-24 15:32:52+00:00,11821,drammock
2023-07-24 17:41:37+00:00,11828,larsoner
2023-07-25 18:09:12+00:00,11826,drammock
2023-07-26 20:23:47+00:00,11823,larsoner
2023-07-26 21:58:07+00:00,11836,larsoner
2023-07-27 19:24:52+00:00,11760,larsoner
2023-07-31 06:43:39+00:00,11842,hoechenberger
2023-07-31 16:50:51+00:00,11837,larsoner
2023-07-31 21:10:50+00:00,11841,larsoner
2023-08-01 13:40:02+00:00,11847,hoechenberger
2023-08-01 16:13:51+00:00,11849,larsoner
2023-08-01 17:09:41+00:00,11844,larsoner
2023-08-01 19:25:25+00:00,11549,larsoner
2023-08-01 20:11:41+00:00,11851,sappelhoff
2023-08-01 22:48:30+00:00,11839,larsoner
2023-08-02 09:24:14+00:00,11852,agramfort
2023-08-02 10:54:08+00:00,11853,hoechenberger
2023-08-02 15:30:46+00:00,11857,larsoner
2023-08-03 14:19:01+00:00,11858,hoechenberger
2023-08-03 19:26:32+00:00,11846,larsoner
2023-08-03 22:58:40+00:00,11859,larsoner
2023-08-04 14:18:39+00:00,11830,drammock
2023-08-04 17:46:10+00:00,11863,drammock
2023-08-05 20:09:58+00:00,11864,drammock
2023-08-06 10:52:16+00:00,11862,mscheltienne
2023-08-07 15:18:21+00:00,11865,larsoner
2023-08-07 19:24:55+00:00,11867,larsoner
2023-08-07 21:10:48+00:00,11868,larsoner
2023-08-08 13:19:02+00:00,11869,larsoner
2023-08-10 04:00:11+00:00,11872,larsoner
2023-08-11 19:23:39+00:00,11875,larsoner
2023-08-14 18:44:28+00:00,11878,larsoner
2023-08-14 19:52:39+00:00,11855,larsoner
2023-08-14 20:08:59+00:00,11877,larsoner
2023-08-14 23:04:27+00:00,11880,larsoner
2023-08-15 16:47:20+00:00,11883,larsoner
2023-08-15 17:36:02+00:00,11886,larsoner
2023-08-15 23:24:22+00:00,11887,larsoner
2023-08-16 17:42:37+00:00,11685,larsoner
2023-08-16 19:50:27+00:00,11884,larsoner
2023-08-16 20:09:50+00:00,11888,larsoner
2023-08-17 15:02:02+00:00,11890,larsoner
2023-08-17 20:03:57+00:00,11876,larsoner
2023-08-17 21:15:03+00:00,11896,larsoner
2023-08-21 07:58:54+00:00,11904,agramfort
2023-08-21 16:08:03+00:00,11909,drammock
2023-08-22 13:58:38+00:00,11905,larsoner
2023-08-22 15:49:22+00:00,11889,larsoner
2023-08-22 16:02:18+00:00,11911,larsoner
2023-08-22 18:56:58+00:00,11903,drammock
2023-08-22 20:18:05+00:00,11914,larsoner
2023-08-23 13:20:23+00:00,11912,agramfort
2023-08-23 18:54:03+00:00,11769,drammock
2023-08-23 21:11:24+00:00,11916,drammock
2023-08-24 06:04:23+00:00,11917,agramfort
2023-08-24 14:46:40+00:00,11838,drammock
2023-08-24 15:27:08+00:00,11915,larsoner
2023-08-24 19:11:01+00:00,11921,larsoner
2023-08-24 19:18:20+00:00,11918,drammock
2023-08-24 22:06:00+00:00,11919,mscheltienne
2023-08-28 15:25:39+00:00,11927,larsoner
2023-08-28 21:34:31+00:00,11920,larsoner
2023-08-29 08:58:56+00:00,11930,mscheltienne
2023-08-29 21:34:47+00:00,11929,drammock
2023-08-29 22:25:37+00:00,11306,larsoner
2023-08-30 09:40:54+00:00,11932,drammock
2023-08-30 16:11:36+00:00,11935,larsoner
2023-08-30 19:46:52+00:00,11939,drammock
2023-08-31 13:09:56+00:00,11910,larsoner
2023-08-31 16:59:28+00:00,11934,drammock
2023-08-31 17:44:13+00:00,11940,larsoner
2023-09-01 15:00:37+00:00,11946,drammock
2023-09-01 17:14:17+00:00,11891,larsoner
2023-09-01 17:18:49+00:00,11948,larsoner
2023-09-01 19:29:18+00:00,11944,drammock
2023-09-02 17:21:00+00:00,11803,larsoner
2023-09-02 20:08:13+00:00,11937,larsoner
2023-09-02 21:25:51+00:00,11925,larsoner
2023-09-03 14:15:18+00:00,11928,mscheltienne
2023-09-05 12:53:19+00:00,11954,larsoner
2023-09-05 13:51:39+00:00,11952,larsoner
2023-09-05 17:15:14+00:00,11951,larsoner
2023-09-05 19:49:16+00:00,11955,drammock
2023-09-06 15:59:04+00:00,11956,drammock
2023-09-06 17:44:34+00:00,11960,larsoner
2023-09-06 19:36:35+00:00,11953,larsoner
2023-09-07 14:45:10+00:00,11962,larsoner
2023-09-07 15:54:22+00:00,11958,larsoner
2023-09-07 16:33:11+00:00,11965,larsoner
2023-09-08 16:34:08+00:00,11957,larsoner
2023-09-08 16:35:47+00:00,11964,larsoner
2023-09-08 18:50:57+00:00,11907,larsoner
2023-09-08 19:40:31+00:00,11970,drammock
2023-09-08 20:01:21+00:00,11971,drammock
2023-09-08 23:19:25+00:00,11974,larsoner
2023-09-09 11:42:30+00:00,11976,larsoner
2023-09-11 13:25:59+00:00,11979,larsoner
2023-09-11 13:26:31+00:00,11981,larsoner
2023-09-11 13:28:51+00:00,11972,larsoner
2023-09-11 13:29:30+00:00,11980,larsoner
2023-09-11 14:11:01+00:00,11982,larsoner
2023-09-11 16:09:30+00:00,11978,larsoner
2023-09-11 17:30:57+00:00,11983,larsoner
2023-09-11 17:43:09+00:00,11923,larsoner
2023-09-11 22:06:19+00:00,11987,drammock
2023-09-11 22:34:29+00:00,11975,drammock
2023-09-12 14:24:12+00:00,11989,larsoner
2023-09-12 15:05:17+00:00,11988,drammock
2023-09-12 15:25:56+00:00,11993,larsoner
2023-09-13 00:29:19+00:00,11994,larsoner
2023-09-13 14:20:50+00:00,11996,drammock
2023-09-14 13:20:56+00:00,11997,larsoner
2023-09-14 19:23:36+00:00,11950,drammock
2023-09-15 19:50:31+00:00,11999,drammock
2023-09-19 17:14:25+00:00,12002,larsoner
2023-09-19 20:37:07+00:00,11926,drammock
2023-09-19 21:33:50+00:00,11942,larsoner
2023-09-20 15:15:33+00:00,12000,larsoner
2023-09-20 16:43:33+00:00,12005,larsoner
2023-09-20 16:44:05+00:00,12004,hoechenberger
2023-09-22 13:49:22+00:00,12008,larsoner
2023-09-24 12:16:46+00:00,12009,larsoner
2023-09-25 14:39:24+00:00,12010,drammock
2023-09-26 13:27:52+00:00,12016,larsoner
2023-09-26 14:43:27+00:00,12017,cbrnr
2023-09-26 18:34:14+00:00,12013,drammock
2023-09-28 09:45:03+00:00,12021,cbrnr
2023-09-28 14:42:42+00:00,12019,larsoner
2023-09-28 18:26:49+00:00,12023,larsoner
2023-09-28 19:35:23+00:00,12014,drammock
2023-09-29 10:44:26+00:00,12029,cbrnr
2023-09-29 21:40:50+00:00,12027,drammock
2023-09-29 22:11:35+00:00,12033,drammock
2023-09-30 20:50:02+00:00,12032,larsoner
2023-09-30 20:53:47+00:00,12020,larsoner
2023-09-30 21:43:04+00:00,12035,larsoner
2023-10-01 09:34:33+00:00,12037,hoechenberger
2023-10-01 16:50:11+00:00,12041,larsoner
2023-10-01 17:10:15+00:00,12042,drammock
2023-10-01 18:58:20+00:00,12036,larsoner
2023-10-01 18:58:42+00:00,12038,larsoner
2023-10-01 21:29:04+00:00,12039,larsoner
2023-10-01 23:03:11+00:00,12040,larsoner
2023-10-02 13:28:13+00:00,12046,larsoner
2023-10-02 13:48:12+00:00,12003,larsoner
2023-10-02 16:11:52+00:00,12025,larsoner
2023-10-02 18:56:01+00:00,12044,larsoner
2023-10-02 20:14:20+00:00,11792,drammock
2023-10-03 07:08:50+00:00,12052,drammock
2023-10-03 09:09:33+00:00,12043,larsoner
2023-10-03 13:49:11+00:00,12053,larsoner
2023-10-03 16:23:42+00:00,12056,drammock
2023-10-03 16:54:25+00:00,12061,larsoner
2023-10-03 18:10:44+00:00,12060,larsoner
2023-10-03 22:43:54+00:00,12065,drammock
2023-10-04 06:12:19+00:00,12063,agramfort
2023-10-04 07:30:08+00:00,12064,larsoner
2023-10-04 13:56:46+00:00,12006,drammock
2023-10-04 14:52:53+00:00,12067,larsoner
2023-10-04 22:14:36+00:00,12068,drammock
2023-10-05 06:23:38+00:00,12072,larsoner
2023-10-05 12:44:04+00:00,12057,wmvanvliet
2023-10-05 14:20:06+00:00,12074,larsoner
2023-10-05 16:42:30+00:00,12066,larsoner
2023-10-05 17:16:50+00:00,12076,larsoner
2023-10-05 20:40:20+00:00,12081,larsoner
2023-10-06 06:32:02+00:00,12080,larsoner
2023-10-06 08:15:42+00:00,12086,larsoner
2023-10-06 09:56:05+00:00,12077,drammock
2023-10-06 10:24:01+00:00,12078,drammock
2023-10-06 11:22:06+00:00,12073,drammock
2023-10-06 14:20:43+00:00,12089,larsoner
2023-10-06 14:43:58+00:00,12001,drammock
2023-10-07 03:21:34+00:00,12050,drammock
2023-10-10 15:39:25+00:00,12095,mscheltienne
2023-10-11 15:20:00+00:00,12099,larsoner
2023-10-11 17:33:46+00:00,12097,larsoner
2023-10-11 17:35:41+00:00,12102,larsoner
2023-10-11 20:18:41+00:00,12098,larsoner
2023-10-12 18:31:29+00:00,12103,drammock
2023-10-12 18:47:56+00:00,11798,drammock
2023-10-14 00:39:18+00:00,12110,larsoner
2023-10-18 02:12:59+00:00,12115,larsoner
2023-10-19 00:24:53+00:00,12113,mscheltienne
2023-10-19 18:04:16+00:00,12119,larsoner
2023-10-23 12:44:28+00:00,12122,mscheltienne
2023-10-23 21:34:21+00:00,12124,drammock
2023-10-24 13:04:19+00:00,12128,hoechenberger
2023-10-24 15:35:21+00:00,12129,drammock
2023-10-24 20:29:40+00:00,12133,drammock
2023-10-26 13:34:00+00:00,12140,larsoner
2023-10-26 13:34:27+00:00,12139,larsoner
2023-10-26 14:30:35+00:00,12143,larsoner
2023-10-26 19:18:04+00:00,12135,drammock
2023-10-27 01:51:30+00:00,12142,larsoner
2023-10-30 12:44:40+00:00,12150,mscheltienne
2023-10-30 17:17:34+00:00,12146,drammock
2023-10-30 17:25:44+00:00,12148,drammock
2023-10-30 20:36:58+00:00,12155,larsoner
2023-10-31 15:45:11+00:00,12145,larsoner
2023-10-31 18:08:40+00:00,12118,larsoner
2023-11-01 18:52:06+00:00,12026,larsoner
2023-11-01 20:38:08+00:00,12162,larsoner
2023-11-02 15:07:07+00:00,12161,larsoner
2023-11-02 19:26:19+00:00,12163,larsoner
2023-11-02 20:54:50+00:00,12156,larsoner
2023-11-03 13:05:04+00:00,12167,larsoner
2023-11-03 14:47:46+00:00,12165,larsoner
2023-11-03 15:00:00+00:00,12160,larsoner
2023-11-03 18:24:25+00:00,12168,larsoner
2023-11-03 20:17:24+00:00,12164,drammock
2023-11-06 10:25:14+00:00,12172,mscheltienne
2023-11-06 14:22:29+00:00,12171,larsoner
2023-11-06 15:49:24+00:00,12175,larsoner
2023-11-06 16:30:47+00:00,12174,drammock
2023-11-06 19:51:50+00:00,12177,larsoner
2023-11-07 14:26:12+00:00,12166,larsoner
2023-11-07 16:16:53+00:00,11405,drammock
2023-11-07 18:19:15+00:00,12181,larsoner
2023-11-07 21:42:56+00:00,12176,larsoner
2023-11-08 13:55:43+00:00,12184,larsoner
2023-11-08 14:58:15+00:00,12154,drammock
2023-11-08 16:13:17+00:00,12185,mscheltienne
2023-11-08 16:38:17+00:00,12186,drammock
2023-11-08 19:56:12+00:00,12187,larsoner
2023-11-08 20:18:34+00:00,12188,larsoner
2023-11-09 21:51:54+00:00,12121,drammock
2023-11-13 17:12:40+00:00,12194,larsoner
2023-11-13 20:23:58+00:00,12203,larsoner
2023-11-13 21:40:28+00:00,12202,larsoner
2023-11-14 14:29:35+00:00,12192,larsoner
2023-11-14 14:38:38+00:00,12198,larsoner
2023-11-14 14:58:53+00:00,12105,larsoner
2023-11-14 15:31:08+00:00,12178,larsoner
2023-11-14 20:31:38+00:00,11969,larsoner
2023-11-14 20:35:38+00:00,12209,drammock
2023-11-14 21:05:37+00:00,12189,larsoner
2023-11-15 16:14:34+00:00,12211,larsoner
2023-11-15 16:20:36+00:00,12205,larsoner
2023-11-15 17:05:56+00:00,12212,sappelhoff
2023-11-15 21:12:51+00:00,12215,larsoner
2023-11-16 16:34:51+00:00,12220,larsoner
2023-11-17 11:09:17+00:00,12222,mscheltienne
2023-11-17 22:29:25+00:00,12223,drammock
2023-11-20 20:21:51+00:00,12224,larsoner
2023-11-20 21:52:39+00:00,12226,larsoner
2023-11-21 08:37:13+00:00,12225,hoechenberger
2023-11-21 14:13:25+00:00,12227,larsoner
2023-11-21 21:13:53+00:00,12231,larsoner
2023-11-21 22:02:19+00:00,12229,larsoner
2023-11-22 10:13:30+00:00,12218,cbrnr
2023-11-25 00:31:18+00:00,12190,larsoner
2023-11-25 14:27:46+00:00,12240,cbrnr
2023-11-27 15:53:34+00:00,12235,larsoner
2023-11-27 17:14:57+00:00,12242,larsoner
2023-11-27 18:48:28+00:00,12236,larsoner
2023-11-28 17:29:49+00:00,12244,larsoner
2023-11-29 15:17:38+00:00,12245,larsoner
2023-11-29 15:20:36+00:00,12246,larsoner
2023-11-29 17:15:19+00:00,12248,cbrnr
2023-11-30 20:44:16+00:00,12239,drammock
2023-11-30 21:08:35+00:00,12251,larsoner
2023-12-01 18:15:56+00:00,12252,larsoner
2023-12-01 18:40:07+00:00,12254,larsoner
2023-12-04 22:25:59+00:00,12260,larsoner
2023-12-05 00:31:43+00:00,12257,hoechenberger
2023-12-05 00:57:53+00:00,12265,larsoner
2023-12-05 15:31:38+00:00,12263,larsoner
2023-12-05 16:47:19+00:00,12261,larsoner
2023-12-05 16:59:16+00:00,12264,larsoner
2023-12-05 19:31:32+00:00,12250,drammock
2023-12-06 17:53:49+00:00,12268,larsoner
2023-12-07 20:34:20+00:00,12275,larsoner
2023-12-07 22:27:16+00:00,12238,larsoner
2023-12-08 12:42:32+00:00,12269,hoechenberger
2023-12-08 18:09:21+00:00,12278,drammock
2023-12-08 20:32:30+00:00,12282,hoechenberger
2023-12-08 21:57:13+00:00,12281,larsoner
2023-12-10 11:46:56+00:00,12284,agramfort
2023-12-10 21:40:51+00:00,12270,drammock
2023-12-11 14:35:22+00:00,12287,larsoner
2023-12-11 21:18:54+00:00,12288,larsoner
2023-12-12 19:15:02+00:00,12289,drammock
2023-12-12 19:31:27+00:00,12291,larsoner
2023-12-13 18:08:17+00:00,12294,larsoner
2023-12-14 21:03:44+00:00,12296,drammock
2023-12-15 18:22:49+00:00,12297,larsoner
2023-12-15 18:51:06+00:00,12298,larsoner
2023-12-18 14:12:39+00:00,12302,larsoner
2023-12-18 14:12:48+00:00,12303,larsoner
2023-12-18 14:12:59+00:00,12304,larsoner
2023-12-18 19:37:23+00:00,12301,larsoner
2023-12-18 21:00:44+00:00,12307,larsoner
2023-12-19 16:00:10+00:00,12308,larsoner
2023-12-19 19:36:55+00:00,12316,drammock
2023-12-19 22:31:37+00:00,12317,drammock
2023-12-20 14:11:50+00:00,12279,larsoner
2023-12-20 17:40:40+00:00,12299,larsoner
2023-12-21 15:23:59+00:00,12320,larsoner
2023-12-21 16:21:55+00:00,12309,larsoner
2023-12-21 20:53:17+00:00,12319,drammock
2023-12-21 21:13:56+00:00,12318,drammock
2023-12-25 21:34:11+00:00,12325,hoechenberger
2023-12-31 02:35:06+00:00,12311,larsoner
2024-01-02 19:17:34+00:00,12330,larsoner
2024-01-04 15:31:20+00:00,12335,agramfort
2024-01-08 20:55:57+00:00,12340,larsoner
2024-01-10 13:19:03+00:00,12336,agramfort
2024-01-10 16:22:04+00:00,12347,larsoner
2024-01-10 17:30:10+00:00,12345,mscheltienne
2024-01-10 17:47:37+00:00,12343,drammock
2024-01-11 19:52:03+00:00,12348,larsoner
2024-01-11 20:09:40+00:00,12353,drammock
2024-01-15 18:11:15+00:00,12363,drammock
2024-01-15 20:27:50+00:00,12364,cbrnr
2024-01-15 21:05:44+00:00,12358,drammock
2024-01-16 08:44:25+00:00,12354,drammock
2024-01-16 17:02:40+00:00,12357,larsoner
2024-01-17 03:51:36+00:00,12361,larsoner
2024-01-17 15:38:18+00:00,12368,larsoner
2024-01-22 20:01:08+00:00,12378,larsoner
2024-01-23 03:55:19+00:00,12377,larsoner
2024-01-23 16:07:33+00:00,12374,larsoner
2024-01-23 17:56:37+00:00,12380,larsoner
2024-01-24 18:43:53+00:00,12383,larsoner
2024-01-25 07:57:26+00:00,12326,mscheltienne
2024-01-25 18:05:37+00:00,12371,larsoner
2024-01-26 20:16:51+00:00,12359,larsoner
2024-01-26 20:39:45+00:00,12389,larsoner
2024-01-29 16:09:44+00:00,12376,larsoner
2024-01-29 18:24:17+00:00,12385,larsoner
2024-01-30 20:14:18+00:00,12399,larsoner
2024-01-30 20:52:21+00:00,12400,drammock
2024-02-02 15:13:12+00:00,12195,larsoner
2024-02-02 15:56:10+00:00,12410,drammock
2024-02-02 19:37:22+00:00,12412,larsoner
2024-02-02 19:38:25+00:00,12411,larsoner
2024-02-02 21:26:07+00:00,12417,larsoner
2024-02-05 14:49:20+00:00,12419,larsoner
2024-02-05 15:09:47+00:00,12393,larsoner
2024-02-05 21:23:01+00:00,12421,larsoner
2024-02-06 17:06:42+00:00,12206,larsoner
2024-02-06 17:35:17+00:00,12237,larsoner
2024-02-06 17:46:55+00:00,12420,drammock
2024-02-07 16:25:44+00:00,12428,larsoner
2024-02-07 18:22:06+00:00,12426,drammock
2024-02-08 15:08:28+00:00,12324,drammock
2024-02-08 17:43:02+00:00,12382,larsoner
2024-02-08 18:33:11+00:00,12433,larsoner
2024-02-12 16:50:18+00:00,12436,larsoner
2024-02-12 19:58:03+00:00,12437,larsoner
2024-02-12 21:16:39+00:00,12431,drammock
2024-02-13 00:52:55+00:00,12438,larsoner
2024-02-13 04:58:48+00:00,12207,larsoner
2024-02-13 20:27:56+00:00,12440,larsoner
2024-02-13 20:42:08+00:00,12323,larsoner
2024-02-14 15:10:28+00:00,12442,drammock
2024-02-14 15:36:20+00:00,12430,larsoner
2024-02-15 20:08:43+00:00,12444,drammock
2024-02-16 16:18:57+00:00,12443,larsoner
2024-02-16 20:24:19+00:00,12445,agramfort
2024-02-16 22:23:08+00:00,12447,drammock
2024-02-16 23:38:55+00:00,12448,drammock
2024-02-19 19:15:45+00:00,12452,larsoner
2024-02-20 01:02:01+00:00,12453,larsoner
2024-02-21 13:56:56+00:00,12446,larsoner
2024-02-21 14:23:35+00:00,12456,larsoner
2024-02-21 14:32:54+00:00,12451,larsoner
2024-02-22 12:22:49+00:00,12454,hoechenberger
2024-02-26 18:53:47+00:00,12461,larsoner
2024-02-28 15:13:07+00:00,12463,larsoner
2024-02-29 20:45:55+00:00,12469,larsoner
2024-03-01 15:34:25+00:00,12470,larsoner
2024-03-01 16:35:05+00:00,12450,larsoner
2024-03-01 16:55:07+00:00,11234,larsoner
2024-03-01 19:58:54+00:00,12471,larsoner
2024-03-01 23:57:11+00:00,12462,larsoner
2024-03-02 13:10:26+00:00,12477,larsoner
2024-03-04 17:52:56+00:00,12478,larsoner
2024-03-04 20:31:40+00:00,12474,drammock
2024-03-04 22:10:04+00:00,12482,larsoner
2024-03-05 15:10:18+00:00,12481,larsoner
2024-03-06 16:49:19+00:00,12483,cbrnr
2024-03-09 19:39:44+00:00,12487,larsoner
2024-03-11 16:38:35+00:00,12488,larsoner
2024-03-11 19:14:57+00:00,12489,larsoner
2024-03-12 20:59:14+00:00,12491,larsoner
2024-03-13 12:08:22+00:00,12494,larsoner
2024-03-13 15:31:38+00:00,12484,larsoner
2024-03-13 15:37:32+00:00,12492,larsoner
2024-03-13 17:27:31+00:00,12496,larsoner
2024-03-14 20:16:27+00:00,12498,drammock
2024-03-15 14:11:15+00:00,12499,larsoner
2024-03-18 13:58:22+00:00,12332,larsoner
2024-03-18 15:29:14+00:00,12501,larsoner
2024-03-19 00:45:18+00:00,12504,larsoner
2024-03-19 16:30:51+00:00,12464,larsoner
2024-03-19 17:27:08+00:00,12507,drammock
2024-03-20 15:00:08+00:00,12506,larsoner
2024-03-20 17:58:15+00:00,11282,larsoner
2024-03-25 07:59:54+00:00,12510,mscheltienne
2024-03-25 19:16:03+00:00,12511,drammock
2024-03-25 21:43:37+00:00,12514,larsoner
2024-03-25 22:29:18+00:00,12515,drammock
2024-03-26 10:44:03+00:00,12513,hoechenberger
2024-03-29 14:35:18+00:00,12509,larsoner
2024-03-29 14:50:09+00:00,12518,larsoner
2024-03-29 19:12:23+00:00,12520,larsoner
2024-04-01 17:17:36+00:00,12522,larsoner
2024-04-02 13:19:22+00:00,12525,larsoner
2024-04-02 16:22:59+00:00,12523,larsoner
2024-04-02 17:24:07+00:00,12524,drammock
2024-04-02 19:20:44+00:00,12526,drammock
2024-04-05 15:29:35+00:00,12529,larsoner
2024-04-05 17:23:58+00:00,12531,drammock
2024-04-09 14:36:41+00:00,12532,larsoner
2024-04-09 15:50:51+00:00,12534,larsoner
2024-04-09 16:53:57+00:00,12533,larsoner
2024-04-09 21:00:17+00:00,12535,drammock
2024-04-09 21:51:04+00:00,12536,larsoner
2024-04-10 01:40:01+00:00,12537,larsoner
2024-04-11 19:10:59+00:00,12538,larsoner
2024-04-12 16:34:18+00:00,12362,larsoner
2024-04-15 12:53:15+00:00,12228,larsoner
2024-04-15 14:11:59+00:00,12539,larsoner
2024-04-15 17:20:00+00:00,12540,larsoner
2024-04-15 17:46:14+00:00,12467,larsoner
2024-04-15 18:41:16+00:00,12394,larsoner
2024-04-15 22:59:42+00:00,12541,larsoner
2024-04-16 07:36:03+00:00,12441,cbrnr
2024-04-16 16:52:09+00:00,12476,larsoner
2024-04-17 06:19:30+00:00,12544,mscheltienne
2024-04-17 18:49:39+00:00,12548,larsoner
2024-04-18 07:24:50+00:00,12545,mscheltienne
2024-04-18 17:42:17+00:00,12552,drammock
2024-04-22 14:04:26+00:00,12560,larsoner
2024-04-22 16:33:15+00:00,12561,larsoner
2024-04-22 16:52:59+00:00,12556,larsoner
2024-04-22 20:55:19+00:00,12562,drammock
2024-04-22 21:16:40+00:00,12563,larsoner
2024-04-22 22:51:58+00:00,12564,larsoner
2024-04-23 14:06:15+00:00,12557,larsoner
2024-04-23 14:32:11+00:00,12567,larsoner
2024-04-23 15:48:29+00:00,12565,drammock
2024-04-23 20:48:13+00:00,12554,drammock
2024-04-23 22:07:20+00:00,12569,larsoner
2024-04-24 16:57:15+00:00,12574,larsoner
2024-04-24 21:15:05+00:00,12573,larsoner
2024-04-26 14:20:52+00:00,12579,drammock
2024-04-26 17:02:27+00:00,12578,larsoner
2024-04-26 17:34:00+00:00,12580,larsoner
2024-04-27 09:40:40+00:00,12576,wmvanvliet
2024-04-29 10:03:54+00:00,12585,hoechenberger
2024-04-29 13:08:08+00:00,12584,larsoner
2024-04-29 17:38:19+00:00,12586,larsoner
2024-04-29 20:23:57+00:00,12587,larsoner
2024-04-30 11:12:24+00:00,12550,hoechenberger
2024-04-30 11:23:33+00:00,12571,hoechenberger
2024-05-01 01:45:35+00:00,12588,larsoner
2024-05-01 15:53:27+00:00,12592,larsoner
2024-05-02 00:01:13+00:00,12593,alexrockhill
2024-05-02 15:42:45+00:00,12598,drammock
2024-05-02 15:51:53+00:00,12595,drammock
2024-05-02 16:49:31+00:00,12597,hoechenberger
2024-05-02 23:16:16+00:00,12600,larsoner
2024-05-06 08:09:15+00:00,12603,agramfort
2024-05-14 20:59:54+00:00,12601,drammock
2024-05-15 16:02:07+00:00,12610,larsoner
2024-05-15 16:16:57+00:00,12604,larsoner
2024-05-15 18:19:00+00:00,12605,drammock
2024-05-15 18:26:04+00:00,12602,larsoner
2024-05-15 19:01:02+00:00,12570,drammock
2024-05-16 21:54:58+00:00,12615,larsoner
2024-05-16 23:17:15+00:00,12612,wmvanvliet
2024-05-17 14:14:39+00:00,12617,larsoner
2024-05-17 14:24:35+00:00,12609,larsoner
2024-05-17 21:19:33+00:00,12619,larsoner
2024-05-20 12:04:41+00:00,12620,larsoner
2024-05-21 11:12:54+00:00,12616,hoechenberger
2024-05-21 14:06:52+00:00,12622,larsoner
2024-05-21 14:10:12+00:00,12583,drammock
2024-05-21 17:47:22+00:00,12575,larsoner
2024-05-24 16:46:29+00:00,12624,larsoner
2024-05-27 15:14:06+00:00,12625,mscheltienne
2024-05-28 15:22:33+00:00,12629,larsoner
2024-05-28 18:07:10+00:00,12631,drammock
2024-05-29 19:28:37+00:00,12633,larsoner
2024-05-29 19:35:59+00:00,12634,larsoner
2024-05-30 14:41:11+00:00,12338,larsoner
2024-05-30 17:48:38+00:00,12628,drammock
2024-06-03 23:15:48+00:00,12640,larsoner
2024-06-04 05:15:42+00:00,12637,drammock
2024-06-05 05:51:25+00:00,12645,larsoner
2024-06-05 19:14:35+00:00,12647,larsoner
2024-06-07 02:30:05+00:00,12646,larsoner
2024-06-07 16:38:37+00:00,12649,mscheltienne
2024-06-07 21:19:23+00:00,12650,drammock
2024-06-08 21:08:55+00:00,12651,drammock
2024-06-10 21:02:21+00:00,12655,larsoner
2024-06-10 23:14:15+00:00,12657,larsoner
2024-06-12 17:59:40+00:00,12652,larsoner
2024-06-14 10:47:36+00:00,12659,drammock
2024-06-14 13:38:00+00:00,12664,drammock
2024-06-14 19:27:42+00:00,12661,larsoner
2024-06-14 20:54:32+00:00,12666,larsoner
2024-06-14 21:16:23+00:00,12667,drammock
2024-06-18 01:42:25+00:00,12668,larsoner
2024-06-18 01:45:02+00:00,12671,larsoner
2024-06-18 17:54:21+00:00,12670,larsoner
2024-06-18 19:02:19+00:00,12673,larsoner
2024-06-19 12:58:46+00:00,12674,larsoner
2024-06-20 22:33:31+00:00,12676,larsoner
2024-06-21 15:59:14+00:00,12675,larsoner
2024-06-21 16:00:18+00:00,12635,larsoner
2024-06-21 19:12:54+00:00,12677,larsoner
2024-06-21 19:28:23+00:00,12679,larsoner
2024-06-21 20:29:06+00:00,12678,larsoner
2024-06-21 20:30:07+00:00,12680,larsoner
2024-06-24 16:25:43+00:00,12681,larsoner
2024-06-25 02:19:23+00:00,12682,larsoner
2024-06-25 14:52:51+00:00,12669,larsoner
2024-06-27 16:48:14+00:00,12689,larsoner
2024-06-28 14:27:30+00:00,12687,larsoner
2024-06-29 17:53:27+00:00,12691,larsoner
2024-06-29 19:27:54+00:00,12686,larsoner
2024-07-01 16:44:35+00:00,12694,mscheltienne
2024-07-01 16:50:31+00:00,12695,larsoner
2024-07-02 02:58:50+00:00,12696,larsoner
2024-07-02 17:05:44+00:00,12697,larsoner
2024-07-08 22:57:21+00:00,12702,larsoner
2024-07-10 18:48:57+00:00,12706,larsoner
2024-07-10 18:49:20+00:00,12692,larsoner
2024-07-11 13:43:33+00:00,12708,larsoner
2024-07-11 17:18:40+00:00,12707,larsoner
2024-07-12 14:54:49+00:00,12713,larsoner
2024-07-12 14:56:23+00:00,12712,larsoner
2024-07-12 18:48:51+00:00,12703,larsoner
2024-07-13 13:59:02+00:00,12699,larsoner
2024-07-13 16:25:04+00:00,12688,cbrnr
2024-07-16 21:33:24+00:00,12300,drammock
2024-07-16 22:08:13+00:00,12718,larsoner
2024-07-16 22:08:33+00:00,12719,larsoner
2024-07-17 07:33:36+00:00,12720,hoechenberger
2024-07-17 14:24:27+00:00,12722,larsoner
2024-07-17 15:06:41+00:00,12721,drammock
2024-07-17 16:40:55+00:00,12725,drammock
2024-07-17 18:47:27+00:00,12726,larsoner
2024-07-18 04:09:44+00:00,12729,larsoner
2024-07-18 05:49:47+00:00,12732,larsoner
2024-07-18 14:43:43+00:00,12733,drammock
2024-07-18 15:41:57+00:00,12735,drammock
2024-07-19 05:56:04+00:00,12737,cbrnr
2024-07-19 13:34:22+00:00,12734,larsoner
2024-07-19 13:37:25+00:00,12736,larsoner
2024-07-19 14:08:00+00:00,12738,larsoner
2024-07-19 14:46:16+00:00,12724,larsoner
2024-07-19 16:14:04+00:00,12731,larsoner
2024-07-19 17:10:53+00:00,12727,drammock
2024-07-19 18:59:56+00:00,12716,hoechenberger
2024-07-20 17:32:54+00:00,12741,larsoner
2024-07-22 21:06:20+00:00,12742,larsoner
2024-07-22 23:24:33+00:00,12743,larsoner
2024-07-23 17:08:36+00:00,12744,larsoner
2024-07-25 20:47:56+00:00,12749,larsoner
2024-07-26 14:48:18+00:00,12751,drammock
2024-07-26 14:49:47+00:00,12752,larsoner
2024-07-26 17:22:57+00:00,12754,larsoner
2024-07-26 20:56:40+00:00,12730,drammock
2024-07-27 12:53:30+00:00,12757,hoechenberger
2024-07-28 09:35:36+00:00,12758,mscheltienne
2024-07-29 19:59:35+00:00,12759,larsoner
2024-07-29 20:32:13+00:00,12760,drammock
2024-07-29 23:31:58+00:00,12761,larsoner
2024-08-01 13:26:14+00:00,12763,larsoner
2024-08-02 01:17:23+00:00,12765,larsoner
2024-08-02 14:38:58+00:00,12770,larsoner
2024-08-04 07:58:40+00:00,12771,hoechenberger
2024-08-05 22:26:00+00:00,12776,larsoner
2024-08-06 00:09:17+00:00,12777,larsoner
2024-08-06 20:02:24+00:00,12747,drammock
2024-08-06 23:27:09+00:00,12778,drammock
2024-08-08 18:03:23+00:00,12779,larsoner
2024-08-09 17:21:19+00:00,12774,larsoner
2024-08-12 23:18:54+00:00,12783,larsoner
2024-08-13 17:50:56+00:00,12786,larsoner
2024-08-14 19:34:45+00:00,12781,larsoner
2024-08-15 13:03:55+00:00,12793,larsoner
2024-08-15 15:12:28+00:00,12794,larsoner
2024-08-18 01:07:11+00:00,12796,larsoner
2024-08-19 01:25:00+00:00,12797,larsoner
2024-08-19 07:07:34+00:00,12798,larsoner
2024-08-19 13:53:53+00:00,12799,larsoner
2024-08-19 17:00:26+00:00,12800,mscheltienne
2024-08-19 17:15:02+00:00,12801,larsoner
2024-08-20 00:40:51+00:00,12802,larsoner
2024-08-21 09:25:06+00:00,12792,mscheltienne
2024-08-21 19:06:53+00:00,12803,larsoner
2024-08-21 20:18:54+00:00,12804,larsoner
2024-08-22 14:52:05+00:00,12806,mscheltienne
2024-08-23 03:48:50+00:00,12805,larsoner
2024-08-26 13:05:41+00:00,12813,mscheltienne
2024-08-26 19:13:29+00:00,12812,larsoner
2024-08-26 23:31:17+00:00,12814,larsoner
2024-08-27 11:44:59+00:00,12811,mscheltienne
2024-08-30 19:31:50+00:00,12820,larsoner
2024-08-31 10:37:04+00:00,12815,mscheltienne
2024-08-31 10:37:51+00:00,12810,mscheltienne
2024-09-01 01:47:31+00:00,12822,larsoner
2024-09-02 20:48:22+00:00,12823,larsoner
2024-09-02 23:22:42+00:00,12825,larsoner
2024-09-04 18:05:32+00:00,12826,larsoner
2024-09-06 13:58:05+00:00,12830,larsoner
2024-09-06 16:11:20+00:00,12832,larsoner
2024-09-06 16:20:35+00:00,12829,larsoner
2024-09-06 17:37:20+00:00,12827,drammock
2024-09-11 15:47:03+00:00,12838,larsoner
2024-09-11 15:50:36+00:00,12787,larsoner
2024-09-11 18:39:41+00:00,12839,larsoner
2024-09-12 14:25:18+00:00,12837,larsoner
2024-09-13 13:05:27+00:00,12834,larsoner
2024-09-13 13:20:12+00:00,12841,larsoner
2024-09-13 13:20:37+00:00,12833,larsoner
2024-09-13 19:05:02+00:00,12846,larsoner
2024-09-16 23:29:01+00:00,12842,larsoner
2024-09-17 01:57:03+00:00,12856,larsoner
2024-09-18 17:37:44+00:00,12850,drammock
2024-09-18 18:20:30+00:00,12853,drammock
2024-09-18 18:48:24+00:00,12845,drammock
2024-09-19 18:08:28+00:00,12861,larsoner
2024-09-20 14:51:54+00:00,12865,larsoner
2024-09-20 15:58:44+00:00,12860,larsoner
2024-09-20 16:07:33+00:00,12844,larsoner
2024-09-20 20:04:37+00:00,12862,larsoner
2024-09-23 20:24:01+00:00,12867,larsoner
2024-09-23 20:30:55+00:00,12788,larsoner
2024-09-23 20:33:23+00:00,12866,larsoner
2024-09-24 10:28:55+00:00,12869,mscheltienne
2024-09-24 12:51:54+00:00,12868,larsoner
2024-09-24 14:47:24+00:00,12366,larsoner
2024-09-24 16:46:28+00:00,12870,larsoner
2024-09-25 13:45:48+00:00,12871,larsoner
2024-09-25 14:44:04+00:00,12843,larsoner
2024-09-26 20:41:27+00:00,12875,drammock
2024-09-30 17:29:32+00:00,12878,larsoner
2024-10-01 02:01:59+00:00,12880,larsoner
2024-10-01 08:10:22+00:00,12879,mscheltienne
2024-10-01 17:07:28+00:00,12877,mscheltienne
2024-10-01 17:59:52+00:00,12872,larsoner
2024-10-01 18:55:55+00:00,12882,larsoner
2024-10-02 17:12:20+00:00,12883,larsoner
2024-10-07 10:06:23+00:00,12886,mscheltienne
2024-10-07 14:18:34+00:00,12887,larsoner
2024-10-07 15:28:33+00:00,12884,larsoner
2024-10-08 13:42:21+00:00,12888,larsoner
2024-10-08 15:54:46+00:00,12885,larsoner
2024-10-09 20:54:58+00:00,12891,drammock
2024-10-10 22:05:21+00:00,12892,larsoner
2024-10-11 15:43:02+00:00,12890,larsoner
2024-10-18 15:45:07+00:00,12902,larsoner
2024-10-18 18:06:45+00:00,12901,larsoner
2024-10-21 23:57:23+00:00,12908,larsoner
2024-10-22 18:49:43+00:00,12909,larsoner
2024-10-23 12:01:22+00:00,12915,larsoner
2024-10-23 13:06:07+00:00,12912,larsoner
2024-10-25 14:28:48+00:00,12914,larsoner
2024-10-28 14:16:37+00:00,12911,larsoner
2024-10-28 14:37:29+00:00,12900,larsoner
2024-10-28 15:13:09+00:00,12918,larsoner
2024-10-29 00:48:22+00:00,12920,larsoner
2024-10-29 16:25:28+00:00,12925,larsoner
2024-10-30 16:51:14+00:00,12924,larsoner
2024-10-30 21:48:40+00:00,12928,larsoner
2024-10-30 23:14:39+00:00,12898,hoechenberger
2024-10-31 12:13:08+00:00,12932,mscheltienne
2024-10-31 15:24:07+00:00,12933,mscheltienne
2024-11-01 02:14:48+00:00,12935,larsoner
2024-11-01 16:58:02+00:00,12937,drammock
2024-11-01 20:03:15+00:00,12936,larsoner
2024-11-04 13:53:12+00:00,12938,larsoner
2024-11-05 02:03:39+00:00,12942,larsoner
2024-11-05 17:03:41+00:00,12941,larsoner
2024-11-05 20:17:13+00:00,12947,drammock
2024-11-06 17:24:45+00:00,12948,larsoner
2024-11-07 19:26:38+00:00,12931,larsoner
2024-11-11 17:07:45+00:00,12957,larsoner
2024-11-11 19:30:06+00:00,12951,larsoner
2024-11-11 23:40:45+00:00,12958,hoechenberger
2024-11-12 15:07:05+00:00,12960,larsoner
2024-11-14 17:16:42+00:00,12962,larsoner
2024-11-14 20:12:28+00:00,12955,drammock
2024-11-14 22:23:45+00:00,12967,larsoner
2024-11-15 16:06:17+00:00,12968,cbrnr
2024-11-16 02:13:34+00:00,12966,larsoner
2024-11-18 13:50:25+00:00,12970,larsoner
2024-11-18 14:25:06+00:00,12971,larsoner
2024-11-18 16:43:26+00:00,12973,larsoner
2024-11-19 13:52:41+00:00,12975,sappelhoff
2024-11-19 15:20:48+00:00,12972,larsoner
2024-11-19 19:30:34+00:00,12976,larsoner
2024-11-22 11:45:08+00:00,12978,wmvanvliet
2024-11-22 14:34:12+00:00,12983,larsoner
2024-11-22 19:09:02+00:00,12984,larsoner
2024-11-25 17:26:02+00:00,12986,larsoner
2024-11-26 17:27:55+00:00,12988,larsoner
2024-11-26 20:08:04+00:00,12991,drammock
2024-12-01 02:19:52+00:00,12998,larsoner
2024-12-02 15:37:49+00:00,12999,larsoner
2024-12-02 15:40:04+00:00,12997,larsoner
2024-12-02 15:50:20+00:00,12996,larsoner
2024-12-02 16:25:40+00:00,12995,larsoner
2024-12-03 00:38:35+00:00,13000,larsoner
2024-12-03 16:49:30+00:00,12896,larsoner
2024-12-04 21:53:02+00:00,13003,larsoner
2024-12-06 16:59:42+00:00,13007,larsoner
2024-12-07 00:42:56+00:00,13010,larsoner
2024-12-09 15:07:09+00:00,13001,larsoner
2024-12-10 02:21:42+00:00,13017,larsoner
2024-12-10 14:09:11+00:00,13020,agramfort
2024-12-10 23:30:52+00:00,13011,drammock
2024-12-14 17:13:05+00:00,13021,larsoner
2024-12-14 20:59:59+00:00,13012,larsoner
2024-12-14 21:01:17+00:00,13019,larsoner
2024-12-14 21:03:27+00:00,13009,larsoner
2024-12-14 21:56:45+00:00,13015,larsoner
2024-12-14 23:19:19+00:00,13018,drammock
2024-12-16 17:07:11+00:00,13029,larsoner
2024-12-16 19:32:59+00:00,6915,larsoner
2024-12-16 20:58:22+00:00,13031,github-actions[bot]
2024-12-16 23:49:42+00:00,13032,larsoner
2024-12-17 19:16:32+00:00,13035,larsoner
2024-12-17 19:16:57+00:00,13036,larsoner
2024-12-18 19:34:52+00:00,13038,larsoner
2024-12-21 18:27:04+00:00,13042,larsoner
2024-12-21 19:29:38+00:00,13028,larsoner
2024-12-22 01:06:08+00:00,13040,larsoner
2024-12-22 02:11:54+00:00,13041,larsoner
2024-12-23 23:51:08+00:00,13043,github-actions[bot]
2025-01-01 02:24:44+00:00,13045,larsoner
2025-01-07 17:55:59+00:00,13046,larsoner
2025-01-08 17:25:35+00:00,13049,larsoner
2025-01-08 21:08:12+00:00,13048,wmvanvliet
2025-01-08 21:50:23+00:00,13047,github-actions[bot]
2025-01-10 05:52:16+00:00,13053,drammock
2025-01-10 17:14:25+00:00,12828,larsoner
2025-01-13 20:00:00+00:00,12910,drammock
2025-01-13 22:37:43+00:00,13056,larsoner
2025-01-13 22:43:44+00:00,13058,drammock
2025-01-14 00:08:54+00:00,13054,drammock
2025-01-14 11:46:03+00:00,13051,hoechenberger
2025-01-14 14:29:51+00:00,13061,larsoner
2025-01-14 19:19:02+00:00,13062,drammock
2025-01-14 20:39:05+00:00,13060,larsoner
2025-01-16 17:07:45+00:00,13063,larsoner
2025-01-16 20:15:42+00:00,13064,larsoner
2025-01-17 21:38:59+00:00,13069,larsoner
2025-01-19 22:05:20+00:00,13067,larsoner
2025-01-19 22:12:02+00:00,13037,larsoner
2025-01-21 18:30:23+00:00,12656,cbrnr
2025-01-21 20:23:39+00:00,13071,github-actions[bot]
2025-01-21 21:11:15+00:00,13072,larsoner
2025-01-21 22:18:35+00:00,13075,larsoner
2025-01-22 01:49:51+00:00,13073,github-actions[bot]
2025-01-22 17:22:25+00:00,13065,drammock
2025-01-22 18:21:24+00:00,13076,larsoner
2025-01-22 18:22:37+00:00,13077,larsoner
2025-01-23 15:36:29+00:00,12071,drammock
2025-01-24 16:05:27+00:00,13070,larsoner
2025-01-24 16:06:59+00:00,13081,larsoner
2025-01-24 19:16:21+00:00,13082,larsoner
2025-01-24 19:20:20+00:00,13084,larsoner
2025-01-27 14:34:16+00:00,13086,larsoner
2025-01-27 23:08:56+00:00,13087,larsoner
2025-01-27 23:56:13+00:00,13088,drammock
2025-01-28 18:44:50+00:00,13089,larsoner
2025-02-03 18:46:22+00:00,13097,larsoner
2025-02-03 22:11:27+00:00,13093,github-actions[bot]
2025-02-04 19:30:45+00:00,13099,github-actions[bot]
2025-02-05 18:21:45+00:00,13101,larsoner
2025-02-07 16:25:03+00:00,13106,larsoner
2025-02-07 22:15:52+00:00,13100,drammock
2025-02-10 15:12:39+00:00,13104,larsoner
2025-02-10 16:38:05+00:00,13107,drammock
2025-02-10 19:02:10+00:00,13044,larsoner
2025-02-11 00:00:29+00:00,13110,github-actions[bot]
2025-02-12 14:10:27+00:00,13083,larsoner
2025-02-12 14:19:09+00:00,13114,larsoner
2025-02-13 20:50:13+00:00,13113,drammock
2025-02-17 15:17:05+00:00,13116,drammock
2025-02-24 19:25:17+00:00,13125,drammock
2025-02-24 21:48:31+00:00,13126,github-actions[bot]
2025-02-25 15:40:38+00:00,13080,drammock
2025-02-25 17:42:06+00:00,13129,larsoner
2025-02-26 17:39:21+00:00,13123,larsoner
2025-02-26 21:53:58+00:00,13132,drammock
2025-02-28 15:40:43+00:00,13134,larsoner
2025-03-03 19:08:50+00:00,13135,larsoner
2025-03-03 21:54:34+00:00,13141,github-actions[bot]
2025-03-03 22:45:25+00:00,13140,larsoner
2025-03-04 16:29:33+00:00,13143,larsoner
2025-03-06 20:54:05+00:00,13146,drammock
2025-03-06 22:13:34+00:00,13145,larsoner
2025-03-07 18:34:56+00:00,13148,larsoner
2025-03-07 19:15:48+00:00,13147,larsoner
2025-03-10 21:15:06+00:00,13152,github-actions[bot]
2025-03-11 17:27:18+00:00,13149,larsoner
2025-03-12 13:58:32+00:00,13155,larsoner
2025-03-12 14:29:35+00:00,13153,larsoner
2025-03-19 09:28:20+00:00,13162,wmvanvliet
2025-03-22 16:05:22+00:00,13163,larsoner
2025-03-22 16:44:03+00:00,13164,github-actions[bot]
2025-03-29 18:27:24+00:00,13171,larsoner
2025-03-31 16:53:07+00:00,13174,larsoner
2025-03-31 23:55:27+00:00,13178,larsoner
2025-04-01 17:09:07+00:00,13180,github-actions[bot]
2025-04-02 20:08:58+00:00,13179,larsoner
2025-04-03 18:21:38+00:00,13172,larsoner
2025-04-07 21:39:03+00:00,13173,github-actions[bot]
2025-04-07 23:12:28+00:00,13197,drammock
2025-04-08 22:51:38+00:00,13198,larsoner
2025-04-09 15:51:16+00:00,13183,larsoner
2025-04-09 20:29:08+00:00,13184,larsoner
2025-04-11 14:25:43+00:00,13202,drammock
2025-04-11 16:35:05+00:00,13205,drammock
2025-04-11 18:16:21+00:00,13207,drammock
2025-04-14 20:02:28+00:00,13210,larsoner
2025-04-15 00:08:29+00:00,13212,github-actions[bot]
2025-04-16 17:11:28+00:00,13214,larsoner
2025-04-17 10:12:28+00:00,13217,mscheltienne
2025-04-21 16:33:45+00:00,13120,larsoner
2025-04-22 00:16:36+00:00,13222,github-actions[bot]
2025-04-23 17:14:37+00:00,13218,larsoner
2025-04-24 17:13:03+00:00,13226,drammock
2025-04-28 16:26:23+00:00,13233,larsoner
2025-04-28 18:45:12+00:00,13225,larsoner
2025-04-28 21:29:53+00:00,13235,github-actions[bot]
2025-04-29 20:41:23+00:00,13144,larsoner
2025-04-30 16:54:07+00:00,13236,larsoner
2025-05-01 18:40:30+00:00,13237,larsoner
2025-05-05 10:47:22+00:00,13239,github-actions[bot]
2025-05-05 20:58:18+00:00,13240,github-actions[bot]
2025-05-13 14:33:17+00:00,13245,larsoner
2025-05-13 18:49:36+00:00,13232,hoechenberger
2025-05-13 19:04:17+00:00,13247,hoechenberger
2025-05-13 20:26:12+00:00,13246,github-actions[bot]
2025-05-15 15:10:17+00:00,13249,larsoner
2025-05-15 15:27:09+00:00,13208,mscheltienne
2025-05-15 15:31:13+00:00,13234,larsoner
2025-05-21 17:03:02+00:00,13256,larsoner
2025-05-21 19:19:58+00:00,13241,larsoner
2025-05-22 14:35:44+00:00,13255,github-actions[bot]
2025-05-27 03:15:53+00:00,13262,github-actions[bot]
2025-06-02 12:30:01+00:00,13266,sappelhoff
2025-06-02 14:37:58+00:00,13268,larsoner
2025-06-02 15:43:28+00:00,13228,drammock
2025-06-02 16:19:39+00:00,13267,larsoner
2025-06-03 17:39:19+00:00,13274,larsoner
2025-06-03 23:26:05+00:00,13276,drammock
2025-06-04 16:11:27+00:00,13277,larsoner
2025-06-04 17:15:05+00:00,13273,drammock
2025-06-08 21:41:27+00:00,13280,larsoner
2025-06-09 16:12:08+00:00,13282,github-actions[bot]
2025-06-09 21:22:43+00:00,13283,github-actions[bot]
2025-06-17 17:04:58+00:00,13286,larsoner
2025-06-25 00:04:07+00:00,13261,larsoner
2025-06-25 02:00:28+00:00,13293,larsoner
2025-06-25 02:16:40+00:00,13290,github-actions[bot]
2025-06-25 08:06:19+00:00,13291,sappelhoff
2025-06-25 15:39:07+00:00,13284,larsoner
2025-06-25 18:08:21+00:00,13299,larsoner
2025-06-26 13:44:05+00:00,13300,larsoner
2025-06-26 15:41:05+00:00,13301,mscheltienne
2025-07-02 16:39:19+00:00,13304,drammock
2025-07-03 14:09:48+00:00,13305,github-actions[bot]
2025-07-03 18:10:43+00:00,13306,larsoner
2025-07-05 03:19:04+00:00,13298,drammock
2025-07-05 19:22:37+00:00,13308,larsoner
2025-07-07 21:01:19+00:00,12848,larsoner
2025-07-09 18:41:44+00:00,13313,larsoner
2025-07-10 15:42:56+00:00,13311,github-actions[bot]
2025-07-10 16:02:52+00:00,13310,larsoner
2025-07-11 18:17:42+00:00,13314,larsoner
2025-07-11 20:05:39+00:00,13315,larsoner
2025-07-14 20:27:04+00:00,13318,larsoner
2025-07-14 21:23:43+00:00,13317,github-actions[bot]
2025-07-15 14:25:08+00:00,13319,larsoner
2025-07-15 15:39:11+00:00,13320,larsoner
2025-07-15 16:32:32+00:00,13321,larsoner
2025-07-15 17:49:59+00:00,13259,larsoner
2025-07-16 16:46:47+00:00,13327,larsoner
2025-07-16 19:57:35+00:00,13322,larsoner
2025-07-18 14:44:29+00:00,13330,larsoner
2025-07-18 14:51:43+00:00,13331,larsoner
2025-07-18 16:33:48+00:00,13333,larsoner
2025-07-18 16:51:50+00:00,13335,larsoner
2025-07-19 02:54:19+00:00,13334,larsoner
2025-07-19 15:09:50+00:00,13336,larsoner
2025-07-19 15:41:37+00:00,13337,larsoner
2025-07-21 21:28:43+00:00,13338,github-actions[bot]
2025-07-22 17:25:01+00:00,13341,drammock
2025-07-22 17:28:36+00:00,13344,larsoner
2025-07-22 20:24:03+00:00,13345,larsoner
2025-07-22 22:03:33+00:00,13343,drammock
2025-07-23 12:45:38+00:00,13340,drammock
2025-07-23 19:40:42+00:00,13346,larsoner
2025-07-24 14:17:18+00:00,13112,drammock
2025-07-25 15:24:15+00:00,13349,drammock
2025-07-29 16:12:11+00:00,13351,drammock
2025-07-29 21:03:32+00:00,13354,drammock
2025-07-30 00:55:41+00:00,13355,github-actions[bot]
2025-07-30 14:32:03+00:00,13356,drammock
2025-08-01 14:29:14+00:00,13358,larsoner
2025-08-01 17:47:51+00:00,13357,larsoner
2025-08-07 14:59:23+00:00,13360,github-actions[bot]
2025-08-08 18:29:03+00:00,13365,drammock
2025-08-11 15:52:34+00:00,13367,github-actions[bot]
2025-08-11 17:13:14+00:00,12847,larsoner
2025-08-11 21:03:00+00:00,13369,drammock
2025-08-12 01:31:08+00:00,13368,github-actions[bot]
2025-08-13 20:23:29+00:00,13378,drammock
2025-08-14 00:52:13+00:00,13376,larsoner
2025-08-14 03:11:07+00:00,13371,larsoner
2025-08-14 13:37:34+00:00,13373,cbrnr
2025-08-15 13:39:29+00:00,13380,larsoner
2025-08-15 13:41:01+00:00,13381,larsoner
2025-08-18 13:58:35+00:00,13385,github-actions[bot]
2025-08-18 14:57:35+00:00,13361,larsoner
2025-08-20 20:32:19+00:00,13387,github-actions[bot]
2025-08-21 23:13:03+00:00,13389,larsoner
2025-08-22 17:12:20+00:00,13332,larsoner
2025-08-22 17:52:59+00:00,13391,drammock
2025-08-25 21:34:03+00:00,13394,github-actions[bot]
2025-08-26 13:42:45+00:00,13393,larsoner
2025-08-28 15:57:33+00:00,13396,larsoner
2025-08-29 12:41:48+00:00,13400,drammock
2025-09-01 22:00:04+00:00,13404,github-actions[bot]
2025-09-02 12:54:20+00:00,13403,larsoner
2025-09-02 14:22:48+00:00,13395,wmvanvliet
2025-09-03 18:33:10+00:00,13375,larsoner
2025-09-03 19:10:24+00:00,13405,larsoner
2025-09-08 15:46:08+00:00,13407,larsoner
2025-09-08 16:36:49+00:00,13409,github-actions[bot]
2025-09-10 14:29:22+00:00,13410,github-actions[bot]
2025-09-10 14:34:27+00:00,13411,larsoner
2025-09-10 16:40:48+00:00,13412,larsoner
2025-09-11 14:15:07+00:00,13413,larsoner
2025-09-11 18:33:57+00:00,13416,larsoner
2025-09-15 20:41:14+00:00,13398,larsoner
2025-09-15 22:21:52+00:00,13420,github-actions[bot]
2025-09-17 14:24:03+00:00,13423,larsoner
2025-09-17 15:39:34+00:00,13424,larsoner
2025-09-22 22:04:46+00:00,13427,github-actions[bot]
2025-09-23 15:03:37+00:00,13426,drammock
2025-09-23 20:18:12+00:00,13350,larsoner
2025-09-24 22:14:16+00:00,13428,larsoner
2025-10-01 13:34:54+00:00,13432,larsoner
2025-10-02 00:01:10+00:00,13431,github-actions[bot]
2025-10-07 16:03:43+00:00,13434,github-actions[bot]
2025-10-08 06:29:10+00:00,13435,drammock
2025-10-08 07:36:37+00:00,13437,cbrnr
2025-10-10 03:58:55+00:00,13439,larsoner
2025-10-13 17:45:07+00:00,13440,larsoner
2025-10-13 22:12:52+00:00,13443,github-actions[bot]
2025-10-14 06:44:03+00:00,13347,drammock
2025-10-14 21:09:42+00:00,13445,drammock
2025-10-14 21:59:31+00:00,13442,github-actions[bot]
2025-10-15 17:16:48+00:00,13446,larsoner
2025-10-21 13:31:15+00:00,13453,larsoner
2025-10-21 14:07:36+00:00,13096,larsoner
2025-10-21 19:32:05+00:00,13421,larsoner
2025-10-22 17:02:48+00:00,13251,larsoner
2025-10-23 16:16:43+00:00,13451,larsoner
2025-10-23 17:40:09+00:00,13458,larsoner
2025-10-23 18:28:48+00:00,13459,github-actions[bot]
2025-10-23 20:21:14+00:00,13448,drammock
2025-10-24 20:35:50+00:00,13462,drammock
2025-10-24 20:49:57+00:00,13456,larsoner
2025-10-24 21:08:54+00:00,13452,drammock
2025-10-27 13:10:47+00:00,13464,larsoner
2025-10-27 17:51:57+00:00,13463,larsoner
2025-10-28 13:14:11+00:00,13466,larsoner
2025-10-28 13:43:12+00:00,13465,larsoner
2025-10-28 16:00:19+00:00,13436,larsoner
2025-10-28 17:36:13+00:00,13460,tsbinns
2025-10-29 16:03:47+00:00,13469,larsoner
2025-10-30 18:42:02+00:00,13470,drammock
2025-10-30 18:52:17+00:00,13475,drammock
2025-11-01 18:21:18+00:00,13471,drammock
2025-11-04 13:46:10+00:00,13477,larsoner
2025-11-04 14:16:51+00:00,13479,larsoner
2025-11-04 16:59:40+00:00,13468,larsoner
2025-11-04 18:09:29+00:00,13478,larsoner
2025-11-05 19:41:47+00:00,13307,larsoner
2025-11-05 21:44:41+00:00,13068,larsoner
2025-11-06 14:51:58+00:00,13176,larsoner
2025-11-06 15:50:11+00:00,13156,larsoner
2025-11-06 18:08:29+00:00,13109,drammock
2025-11-07 00:22:59+00:00,13480,drammock
2025-11-11 20:01:03+00:00,13482,github-actions[bot]
2025-11-17 20:26:39+00:00,13494,larsoner
2025-11-17 22:53:41+00:00,13495,github-actions[bot]
2025-11-18 17:11:07+00:00,13496,larsoner
2025-11-19 18:21:15+00:00,13497,larsoner
2025-11-19 18:24:30+00:00,13498,larsoner
2025-11-19 23:40:27+00:00,13481,larsoner
2025-11-19 23:53:23+00:00,13499,larsoner
2025-11-20 16:22:42+00:00,13489,larsoner
2025-11-20 19:46:44+00:00,13486,larsoner
2025-11-20 20:32:13+00:00,13484,larsoner
2025-11-21 19:33:16+00:00,13501,larsoner
2025-11-22 00:26:32+00:00,13503,larsoner
2025-11-22 01:37:11+00:00,13505,larsoner
2025-11-22 14:50:44+00:00,13504,larsoner
2025-11-24 18:45:47+00:00,13509,larsoner
2025-11-25 17:03:23+00:00,13510,mne-bot
2025-11-28 20:39:38+00:00,13514,larsoner
2025-11-28 20:42:06+00:00,13515,larsoner
2025-12-01 16:07:38+00:00,13516,larsoner
2025-12-01 16:36:34+00:00,13517,mne-bot
2025-12-02 15:59:59+00:00,13519,mne-bot
2025-12-04 15:29:16+00:00,13527,larsoner
2025-12-08 23:00:02+00:00,13536,mne-bot
2025-12-09 22:19:27+00:00,13539,drammock
2025-12-10 21:18:28+00:00,13534,larsoner
2025-12-11 19:38:11+00:00,13521,larsoner
2025-12-11 19:54:54+00:00,13540,larsoner
2025-12-12 16:21:23+00:00,13528,larsoner
2025-12-12 16:22:17+00:00,13526,larsoner
2025-12-12 22:47:12+00:00,13525,drammock
2025-12-15 15:38:09+00:00,13545,drammock
2025-12-15 16:08:42+00:00,13542,larsoner
2025-12-15 22:24:40+00:00,13546,mne-bot
2025-12-17 20:36:51+00:00,13549,drammock
2025-12-24 01:52:32+00:00,13559,mne-bot
2025-12-24 03:19:49+00:00,13557,mne-bot
2025-12-24 13:14:37+00:00,13563,drammock
2025-12-26 16:37:40+00:00,13561,drammock
2026-01-02 16:34:39+00:00,13566,drammock
2026-01-05 16:18:11+00:00,13541,larsoner
2026-01-05 17:08:08+00:00,13574,larsoner
2026-01-05 17:30:52+00:00,13572,larsoner
2026-01-07 16:29:58+00:00,13520,larsoner
2026-01-07 18:48:19+00:00,13532,larsoner
2026-01-07 18:52:59+00:00,13579,larsoner
2026-01-07 19:03:18+00:00,13580,larsoner
2026-01-09 20:07:18+00:00,13408,larsoner
2026-01-12 19:01:45+00:00,13585,larsoner
2026-01-12 20:30:02+00:00,13586,larsoner
2026-01-12 21:50:27+00:00,13587,mne-bot
2026-01-13 16:51:39+00:00,13588,drammock
2026-01-16 00:51:53+00:00,13593,larsoner
2026-01-16 01:20:23+00:00,13594,larsoner
2026-01-16 15:11:24+00:00,13591,drammock
2026-01-19 15:44:24+00:00,13596,larsoner
2026-01-19 19:04:21+00:00,13600,larsoner
2026-01-19 20:14:09+00:00,13599,larsoner
2026-01-19 22:35:57+00:00,13601,mne-bot
2026-01-20 18:02:50+00:00,13602,larsoner
2026-01-21 17:38:12+00:00,13558,scott-huberty
2026-01-23 00:43:29+00:00,13606,larsoner
2026-01-23 15:13:56+00:00,13607,larsoner
2026-01-26 19:39:02+00:00,13609,larsoner
2026-01-27 02:49:09+00:00,13613,drammock
2026-01-27 04:11:08+00:00,13612,mne-bot
2026-01-27 12:05:36+00:00,13578,drammock
2026-01-28 21:43:01+00:00,13590,drammock
2026-01-29 16:33:50+00:00,13551,larsoner
2026-01-29 20:18:35+00:00,13620,larsoner
2026-01-31 11:58:20+00:00,13611,tsbinns
2026-02-02 04:48:54+00:00,13625,larsoner
2026-02-02 17:28:29+00:00,13626,drammock
2026-02-03 16:24:33+00:00,13629,larsoner
2026-02-03 17:22:32+00:00,13630,larsoner
2026-02-03 18:58:35+00:00,13610,larsoner
2026-02-03 19:01:03+00:00,13628,larsoner
2026-02-04 17:17:11+00:00,13632,larsoner
2026-02-04 19:44:31+00:00,13196,larsoner
2026-02-09 14:07:12+00:00,13643,larsoner
2026-02-09 14:25:11+00:00,13624,larsoner
2026-02-09 14:39:49+00:00,13544,larsoner
2026-02-09 16:55:00+00:00,13595,larsoner
2026-02-09 18:50:00+00:00,13645,larsoner
2026-02-10 16:42:21+00:00,13646,mne-bot
2026-02-10 20:48:40+00:00,13647,larsoner
2026-02-11 17:44:21+00:00,13649,larsoner
2026-02-12 16:43:41+00:00,13654,drammock
2026-02-12 17:58:37+00:00,13570,drammock
2026-02-12 18:25:33+00:00,13655,larsoner
2026-02-12 18:46:47+00:00,13652,larsoner
2026-02-13 23:12:27+00:00,13658,drammock
2026-02-16 22:55:35+00:00,13663,mne-bot
2026-02-17 19:29:09+00:00,13631,drammock
2026-02-17 21:22:24+00:00,13024,larsoner
2026-02-18 16:57:24+00:00,13665,larsoner
2026-02-20 01:11:25+00:00,13669,larsoner
2026-02-20 15:10:54+00:00,13670,larsoner
2026-02-23 19:55:45+00:00,13675,larsoner
2026-02-23 20:09:55+00:00,13677,larsoner
2026-02-23 23:51:41+00:00,13678,mne-bot
2026-02-24 17:16:38+00:00,13672,drammock
2026-02-24 17:26:21+00:00,13490,larsoner
2026-02-25 17:58:40+00:00,13690,drammock
2026-02-25 18:21:42+00:00,13674,wmvanvliet
2026-02-26 18:41:15+00:00,13668,drammock
2026-03-02 17:56:53+00:00,13709,larsoner
2026-03-03 18:03:43+00:00,13716,mne-bot
2026-03-05 12:09:44+00:00,13688,drammock
2026-03-05 16:21:32+00:00,13706,larsoner
2026-03-06 16:33:54+00:00,13724,drammock
2026-03-06 16:57:47+00:00,13723,scott-huberty
2026-03-06 20:48:32+00:00,13714,drammock
2026-03-07 00:03:35+00:00,13059,larsoner
2026-03-09 18:08:33+00:00,13728,mne-bot
2026-03-10 17:21:31+00:00,13734,mne-bot
2026-03-12 16:15:00+00:00,13518,drammock
2026-03-12 19:31:10+00:00,13744,drammock
2026-03-13 15:28:47+00:00,13685,larsoner
2026-03-13 16:37:06+00:00,13741,drammock
2026-03-16 19:08:56+00:00,13749,larsoner
2026-03-16 19:38:34+00:00,13703,larsoner
2026-03-17 00:34:44+00:00,13758,larsoner
2026-03-17 01:56:46+00:00,13762,mne-bot
2026-03-17 16:52:27+00:00,13764,larsoner
2026-03-18 16:30:59+00:00,13746,larsoner
2026-03-18 16:35:58+00:00,13768,larsoner
2026-03-18 16:41:50+00:00,13736,larsoner
2026-03-19 16:39:31+00:00,13719,drammock
2026-03-21 14:47:01+00:00,13713,tsbinns
2026-03-23 15:37:21+00:00,13729,drammock
2026-03-24 13:31:29+00:00,13700,larsoner
2026-03-24 13:52:13+00:00,13769,larsoner
2026-03-24 13:59:05+00:00,13687,larsoner
2026-03-24 14:54:25+00:00,13779,mne-bot
2026-03-25 01:16:24+00:00,13783,drammock
2026-03-25 13:52:02+00:00,13785,drammock
2026-03-25 15:05:11+00:00,13771,drammock
2026-03-26 14:30:42+00:00,13718,tsbinns
2026-03-26 21:32:32+00:00,13698,drammock
2026-03-30 22:20:05+00:00,13802,mne-bot
2026-03-31 14:46:36+00:00,13765,drammock
2026-03-31 16:02:50+00:00,13787,drammock
2026-04-01 19:45:14+00:00,13805,larsoner
2026-04-01 20:03:19+00:00,13777,nordme
2026-04-01 20:25:08+00:00,13806,larsoner
2026-04-02 13:18:14+00:00,13778,wmvanvliet
2026-04-02 19:52:05+00:00,13756,larsoner
2026-04-02 22:27:07+00:00,13807,larsoner
2026-04-03 14:03:48+00:00,13753,larsoner
2026-04-03 17:56:20+00:00,13810,larsoner
2026-04-03 18:33:18+00:00,13809,larsoner
2026-04-03 21:25:23+00:00,13619,larsoner
2026-04-03 23:33:32+00:00,13699,larsoner
2026-04-04 19:16:20+00:00,13812,larsoner
2026-04-06 09:53:35+00:00,13639,drammock
2026-04-06 11:32:46+00:00,13817,mne-bot
2026-04-06 16:54:42+00:00,13759,larsoner
2026-04-06 16:58:30+00:00,13697,larsoner
2026-04-06 16:59:46+00:00,13686,larsoner
2026-04-06 18:37:49+00:00,13814,larsoner
2026-04-07 04:24:31+00:00,13818,mne-bot
2026-04-07 17:12:13+00:00,13823,larsoner
2026-04-07 19:05:30+00:00,13548,larsoner
2026-04-08 14:31:00+00:00,13754,larsoner
2026-04-08 14:37:41+00:00,13710,larsoner
2026-04-10 16:44:09+00:00,13832,larsoner
2026-04-10 17:16:00+00:00,13833,larsoner
2026-04-10 17:19:51+00:00,13834,larsoner
2026-04-12 15:07:06+00:00,13673,larsoner
2026-04-13 22:35:54+00:00,13835,larsoner
2026-04-14 16:01:31+00:00,13841,larsoner
2026-04-14 16:37:02+00:00,13825,larsoner
2026-04-14 16:37:48+00:00,13827,larsoner
2026-04-14 17:47:04+00:00,13839,mne-bot
2026-04-15 16:28:58+00:00,13843,drammock
2026-04-15 18:08:54+00:00,13844,drammock
2026-04-16 13:51:01+00:00,13842,larsoner
2026-04-16 18:02:10+00:00,13838,drammock
2026-04-17 18:40:14+00:00,13850,larsoner
2026-04-17 19:04:00+00:00,13797,larsoner
2026-04-20 15:13:52+00:00,13853,larsoner
2026-04-20 16:25:23+00:00,13852,mne-bot
2026-04-20 22:06:43+00:00,13854,mne-bot
2026-04-23 15:11:43+00:00,13847,larsoner
2026-04-23 16:27:41+00:00,13856,larsoner
2026-04-23 20:29:58+00:00,13865,drammock
2026-04-24 05:17:31+00:00,13263,cbrnr
2026-04-24 05:18:25+00:00,13861,cbrnr
2026-04-24 15:33:40+00:00,13829,drammock
2026-04-24 18:41:03+00:00,13868,drammock
2026-04-24 20:44:22+00:00,13855,drammock
2026-04-27 12:26:46+00:00,13871,mne-bot
2026-04-27 22:40:35+00:00,13873,mne-bot
2026-04-28 15:26:43+00:00,13858,larsoner
2026-04-28 22:16:42+00:00,13872,drammock
2026-04-29 12:35:58+00:00,13874,wmvanvliet
2026-05-01 14:36:28+00:00,13837,drammock
2026-05-01 19:03:25+00:00,13881,larsoner
2026-05-01 19:04:07+00:00,13870,larsoner
2026-05-01 20:55:38+00:00,13584,drammock
2026-05-01 21:48:42+00:00,13883,larsoner
2026-05-02 04:23:24+00:00,13882,larsoner
2026-05-02 05:36:01+00:00,13878,larsoner
2026-05-04 14:19:09+00:00,13875,larsoner
2026-05-05 16:09:56+00:00,13886,larsoner
2026-05-05 22:56:57+00:00,13884,drammock
2026-05-06 15:21:32+00:00,13885,drammock
2026-05-06 15:27:02+00:00,13888,larsoner
2026-05-11 15:34:12+00:00,13894,larsoner
2026-05-11 15:41:57+00:00,13895,larsoner
2026-05-12 01:56:39+00:00,13849,larsoner
2026-05-12 14:25:07+00:00,13897,mne-bot
2026-05-13 17:55:07+00:00,13891,tsbinns
2026-05-13 19:34:21+00:00,13813,nordme
2026-05-18 16:54:53+00:00,13899,larsoner
2026-05-18 19:38:03+00:00,13901,mne-bot
2026-05-18 22:52:34+00:00,13902,mne-bot
2026-05-19 04:25:11+00:00,13900,larsoner
2026-05-22 19:02:04+00:00,13903,larsoner
2026-05-25 16:03:12+00:00,13918,mne-bot
2026-05-25 22:07:45+00:00,13919,mne-bot
2026-05-25 22:18:24+00:00,13916,larsoner
2026-05-26 16:50:58+00:00,13920,larsoner
2026-05-26 18:40:29+00:00,13915,larsoner
2026-05-26 19:48:59+00:00,13923,larsoner
2026-05-27 15:45:33+00:00,13877,tsbinns
2026-05-27 17:30:48+00:00,13917,tsbinns
2026-06-01 15:43:39+00:00,13931,drammock
2026-06-01 16:41:44+00:00,13937,larsoner
2026-06-01 19:23:35+00:00,13909,larsoner
2026-06-01 20:50:11+00:00,13936,drammock
2026-06-01 22:52:12+00:00,13939,mne-bot
2026-06-02 05:50:28+00:00,13941,mne-bot
2026-06-02 10:14:26+00:00,13911,wmvanvliet
2026-06-02 16:08:05+00:00,13905,larsoner
2026-06-04 19:35:04+00:00,13944,drammock
2026-06-05 19:22:24+00:00,13942,larsoner
2026-06-06 15:40:09+00:00,13933,larsoner
2026-06-06 16:28:25+00:00,13940,larsoner
2026-06-08 11:02:57+00:00,13948,mne-bot
2026-06-08 22:55:18+00:00,13952,larsoner
2026-06-08 23:57:50+00:00,13938,larsoner
2026-06-12 00:39:41+00:00,13953,drammock
2026-06-12 01:27:35+00:00,13943,larsoner
2026-06-12 14:55:41+00:00,13954,drammock
2026-06-15 19:20:57+00:00,13964,mne-bot
2026-06-15 21:10:46+00:00,13962,larsoner
2026-06-15 21:15:29+00:00,13963,larsoner
2026-06-15 21:28:52+00:00,12946,larsoner
2026-06-15 23:02:02+00:00,13965,mne-bot
2026-06-16 16:34:28+00:00,13932,scott-huberty
2026-06-16 19:04:07+00:00,13811,larsoner
2026-06-16 20:53:43+00:00,13960,larsoner
2026-06-17 17:58:47+00:00,13966,larsoner
2026-06-19 15:27:16+00:00,13958,larsoner
2026-06-19 19:40:41+00:00,13323,larsoner
2026-06-22 15:37:18+00:00,13950,larsoner
2026-06-22 22:00:26+00:00,13976,mne-bot
2026-06-22 22:04:26+00:00,13977,larsoner
2026-06-22 23:10:40+00:00,13967,larsoner
2026-06-23 16:00:23+00:00,13945,scott-huberty
2026-06-23 16:55:33+00:00,13980,larsoner
2026-06-23 16:57:18+00:00,13974,larsoner
2026-06-23 19:11:31+00:00,13978,larsoner
2026-06-23 19:37:42+00:00,13981,drammock
2026-06-24 17:59:49+00:00,13985,larsoner
2026-06-25 14:03:17+00:00,13986,drammock
2026-06-25 15:46:24+00:00,13680,drammock
2026-06-25 16:25:14+00:00,13970,larsoner
2026-06-26 19:46:23+00:00,13990,larsoner
2026-06-26 20:16:11+00:00,13846,tsbinns
2026-06-28 15:25:02+00:00,13996,larsoner
2026-06-29 15:35:35+00:00,13998,mne-bot
2026-06-29 21:04:56+00:00,13973,scott-huberty
2026-06-29 22:39:33+00:00,14001,mne-bot
2026-06-30 03:12:48+00:00,14002,larsoner
2026-06-30 13:12:02+00:00,13999,larsoner
2026-06-30 17:00:29+00:00,13991,scott-huberty
2026-06-30 20:16:53+00:00,14007,scott-huberty
2026-07-01 08:41:09+00:00,13988,cbrnr
2026-07-01 23:27:55+00:00,14009,larsoner
2026-07-01 23:39:52+00:00,14008,larsoner
2026-07-02 15:08:01+00:00,14012,larsoner
2026-07-02 15:09:51+00:00,14010,larsoner
2026-07-02 19:25:19+00:00,14014,larsoner
2026-07-02 19:37:18+00:00,14011,scott-huberty
2026-07-03 13:20:00+00:00,14019,larsoner
2026-07-03 23:48:54+00:00,14021,larsoner
2026-07-04 02:13:02+00:00,14023,larsoner
2026-07-06 10:37:32+00:00,14026,tsbinns
2026-07-06 10:40:53+00:00,14027,mne-bot
2026-07-06 15:40:17+00:00,13866,larsoner
2026-07-07 07:04:10+00:00,13968,wmvanvliet
2026-07-07 08:37:30+00:00,14016,wmvanvliet
2026-07-08 14:48:40+00:00,14033,larsoner
2026-07-08 15:11:17+00:00,14032,larsoner
2026-07-08 16:06:02+00:00,14005,larsoner
2026-07-09 16:25:10+00:00,14030,scott-huberty
2026-07-09 19:13:25+00:00,13979,larsoner
2026-07-09 19:24:10+00:00,14037,larsoner
2026-07-09 19:30:12+00:00,14039,larsoner
2026-07-10 23:26:54+00:00,14018,larsoner
2026-07-10 23:54:19+00:00,13995,larsoner
2026-07-12 13:16:35+00:00,14031,larsoner
2026-07-12 13:46:29+00:00,14045,larsoner
