date,repo,user,role,hash
2021-01-05 09:51:03+00:00,mne-bids,adam2392,author,a316b98aeea99a8827b97b16b227cdae4f705612
2021-01-05 19:56:41+00:00,mne-hfo,adam2392,committer,e297980017020c26bffa473691f0c176093d7baf
2021-01-05 19:56:41+00:00,mne-hfo,adam2392,author,e297980017020c26bffa473691f0c176093d7baf
2021-01-06 13:07:49+00:00,mne-bids,adam2392,author,ec7e9c7c24431d16cbc88e851d971d7bb2825c04
2021-01-06 15:46:52+00:00,mne-bids,adam2392,author,00e6c8818ce71b833fadb3b47d3b3211a1fe6e53
2021-01-07 20:59:49+00:00,mne-hfo,adam2392,committer,5854be4e764977fb71b35d6969ce138027fce7c4
2021-01-07 20:59:49+00:00,mne-hfo,adam2392,author,5854be4e764977fb71b35d6969ce138027fce7c4
2021-01-11 22:30:51+00:00,mne-hfo,adam2392,committer,d2495d575c26f45e0b5672aeb06b2202438d1c51
2021-01-11 22:30:51+00:00,mne-hfo,adam2392,author,d2495d575c26f45e0b5672aeb06b2202438d1c51
2021-01-13 18:51:00+00:00,mne-bids,adam2392,author,9b82c86b9146af495dc92625c76c4915d79832a5
2021-01-21 02:46:04+00:00,mne-hfo,adam2392,author,f6a1ff6c1ab6b048164b54ad6f028ff13e0084f0
2021-01-21 02:54:42+00:00,mne-hfo,adam2392,committer,97ede05b1639d7adc29e546b441720b087e25377
2021-01-21 02:54:42+00:00,mne-hfo,adam2392,author,97ede05b1639d7adc29e546b441720b087e25377
2021-01-21 03:01:53+00:00,mne-hfo,adam2392,committer,1de20d9db419328b0fd46145ed116180b2832cf9
2021-01-21 03:01:53+00:00,mne-hfo,adam2392,author,1de20d9db419328b0fd46145ed116180b2832cf9
2021-01-21 03:06:40+00:00,mne-hfo,adam2392,committer,ef6d891a2456b612abde38c0e687e9546112fc5a
2021-01-21 03:06:40+00:00,mne-hfo,adam2392,author,ef6d891a2456b612abde38c0e687e9546112fc5a
2021-01-21 03:07:15+00:00,mne-hfo,adam2392,committer,7b3537597537403b5e4816899e2ddd1f9af648a7
2021-01-21 03:07:15+00:00,mne-hfo,adam2392,author,7b3537597537403b5e4816899e2ddd1f9af648a7
2021-01-21 03:08:03+00:00,mne-hfo,adam2392,author,ac4dac04d01e587e57790b377ce998ec231eb060
2021-01-21 03:08:03+00:00,mne-hfo,adam2392,committer,ac4dac04d01e587e57790b377ce998ec231eb060
2021-01-21 03:13:32+00:00,mne-hfo,adam2392,committer,cf47a8a539b08b876df14437c49df520416e2eb1
2021-01-21 03:13:32+00:00,mne-hfo,adam2392,author,cf47a8a539b08b876df14437c49df520416e2eb1
2021-01-21 03:59:55+00:00,mne-hfo,adam2392,committer,9dc4129a1a097260272d867fc1af51962254a3ef
2021-01-21 03:59:55+00:00,mne-hfo,adam2392,author,9dc4129a1a097260272d867fc1af51962254a3ef
2021-01-21 04:03:24+00:00,mne-hfo,adam2392,committer,2979fc5538b3ed842683447681bc275df9ae6a65
2021-01-21 04:03:24+00:00,mne-hfo,adam2392,author,2979fc5538b3ed842683447681bc275df9ae6a65
2021-01-21 04:08:05+00:00,mne-hfo,adam2392,committer,d400f0b95e0afc61dca40a7dd83f235303ce58f7
2021-01-21 04:08:05+00:00,mne-hfo,adam2392,author,d400f0b95e0afc61dca40a7dd83f235303ce58f7
2021-01-21 04:09:32+00:00,mne-hfo,adam2392,committer,8bbf715fa38b116526f70141ed47a8b5fe7a9b82
2021-01-21 04:09:32+00:00,mne-hfo,adam2392,author,8bbf715fa38b116526f70141ed47a8b5fe7a9b82
2021-01-21 04:21:51+00:00,mne-hfo,adam2392,committer,934f80d5cb6280fcdbe475eaad0026364777d47d
2021-01-21 04:21:51+00:00,mne-hfo,adam2392,author,934f80d5cb6280fcdbe475eaad0026364777d47d
2021-01-21 04:24:23+00:00,mne-hfo,adam2392,committer,42cec182bbfec706a12a61d7c86244db75a654fd
2021-01-21 04:24:23+00:00,mne-hfo,adam2392,author,42cec182bbfec706a12a61d7c86244db75a654fd
2021-01-21 04:25:00+00:00,mne-hfo,adam2392,committer,64c95ddecdc6d285803a12bee0cd69e5b9d12168
2021-01-21 04:25:00+00:00,mne-hfo,adam2392,author,64c95ddecdc6d285803a12bee0cd69e5b9d12168
2021-01-21 04:33:42+00:00,mne-hfo,adam2392,committer,c19b54bb0eb2618cce0ca9aedcee7e47a39989b1
2021-01-21 04:33:42+00:00,mne-hfo,adam2392,author,c19b54bb0eb2618cce0ca9aedcee7e47a39989b1
2021-01-21 04:43:05+00:00,mne-hfo,adam2392,committer,e12344923852460fb6067722f8f69369e478e6bb
2021-01-21 04:43:05+00:00,mne-hfo,adam2392,author,e12344923852460fb6067722f8f69369e478e6bb
2021-01-22 16:38:49+00:00,mne-hfo,adam2392,committer,cd94c44c985693b181a43069249e5a3309a492c7
2021-01-22 16:38:49+00:00,mne-hfo,adam2392,author,cd94c44c985693b181a43069249e5a3309a492c7
2021-01-22 16:39:02+00:00,mne-hfo,adam2392,committer,00a770f1d9ea97e4bf346efc0a84e53910a5b5c0
2021-01-22 16:39:02+00:00,mne-hfo,adam2392,author,00a770f1d9ea97e4bf346efc0a84e53910a5b5c0
2021-01-22 16:39:10+00:00,mne-hfo,adam2392,committer,6bfa199ff598166ba654683613e57cb7da702dc1
2021-01-22 16:39:10+00:00,mne-hfo,adam2392,author,6bfa199ff598166ba654683613e57cb7da702dc1
2021-02-01 13:42:41+00:00,mne-python,adam2392,author,9b57cbd8ec711e3af33846e62ad7d1fbbdcaf5cd
2021-02-07 03:35:12+00:00,mne-hfo,adam2392,committer,4848c7dba83257316395b434b93fbcb161d8aa49
2021-02-07 03:35:12+00:00,mne-hfo,adam2392,author,4848c7dba83257316395b434b93fbcb161d8aa49
2021-02-09 20:02:00+00:00,mne-hfo,adam2392,co-author,f692396482cd3b4fa0181c4117c39b6ea2acaab4
2021-02-15 19:59:55+00:00,mne-hfo,adam2392,author,4d4947300e065c49890c7a8b36e0c031afc952a4
2021-02-15 20:16:51+00:00,mne-hfo,adam2392,committer,0c22d873d4b89f495fecfce0d2454cc3684d7242
2021-02-15 20:16:51+00:00,mne-hfo,adam2392,author,0c22d873d4b89f495fecfce0d2454cc3684d7242
2021-02-25 08:10:51+00:00,mne-bids,eort,author,27a41b7e04a4639dbfc220e188d6e6fdf6af56f9
2021-02-25 17:47:42+00:00,mne-hfo,adam2392,committer,6f66ac0f8c17d07d2569072c4614fe2d55ba4cd0
2021-02-25 17:47:42+00:00,mne-hfo,adam2392,author,6f66ac0f8c17d07d2569072c4614fe2d55ba4cd0
2021-02-25 20:53:29+00:00,mne-hfo,adam2392,committer,65d10bef54aae5474b298b810a1aebee8dfb7f56
2021-02-25 20:53:29+00:00,mne-hfo,adam2392,author,65d10bef54aae5474b298b810a1aebee8dfb7f56
2021-02-25 21:00:30+00:00,mne-hfo,adam2392,committer,5fa748902813c1163324af7680cdce2d357b83d4
2021-02-25 21:00:30+00:00,mne-hfo,adam2392,author,5fa748902813c1163324af7680cdce2d357b83d4
2021-02-25 21:04:14+00:00,mne-hfo,adam2392,author,5d2287104933ef799ecbd2a693d681f9aaac6439
2021-02-25 21:04:14+00:00,mne-hfo,adam2392,committer,5d2287104933ef799ecbd2a693d681f9aaac6439
2021-02-25 21:10:16+00:00,mne-hfo,adam2392,committer,eb9729033640101677a616aa83ca78eaf0d13f29
2021-02-25 21:10:16+00:00,mne-hfo,adam2392,author,eb9729033640101677a616aa83ca78eaf0d13f29
2021-02-28 19:57:10+00:00,mne-bids,adam2392,author,a45695ed43394f067a776f0f51441723915bcbf5
2021-03-02 07:56:11+00:00,mne-python,adam2392,author,2b09a1752dd227640cc4234115676d05bba6350a
2021-03-02 12:12:05+00:00,mne-python,marsipu,author,dc86ec0519632ac86eb8f1f640972d0f6df45562
2021-03-04 13:46:00+00:00,mne-python,dominikwelke,author,4514ea7887ddef6357d0197b5271cb5020c669ce
2021-03-09 17:52:32+00:00,mne-python,HanBnrd,author,2d2e2ce2dc95813c88ee13d4452be4118952c170
2021-03-09 20:07:50+00:00,mne-python,HanBnrd,author,64c90ce224b96358eb7d083e5b89c8faf226c909
2021-03-12 18:06:22+00:00,mne-bids,adam2392,author,513650768f578d9b8c6e3699e6ca83cb5437517a
2021-03-15 13:18:10+00:00,mne-python,eort,author,b0778b86404506414501bf83a4629d3a73970ae9
2021-03-15 14:36:16+00:00,mne-python,marsipu,author,1171b4a12f91756a1576077c181cf37b267da446
2021-03-15 14:38:01+00:00,mne-python,eioe,author,eec545f5c6a94877cd87060a7f2f12adc1c7fcba
2021-03-15 14:49:38+00:00,mne-python,vagechirkov,author,d489bcf68f02a8535a1ec7bc323fcd7107ab84e9
2021-03-15 14:55:00+00:00,mne-python,ramkpari,author,51677154fea57d90cbe7a989c5b59803ec901064
2021-03-15 15:23:30+00:00,mne-python,sfc-neuro,author,2f908df809f3c099d26bce373286e3bf16efa6fa
2021-03-15 15:30:13+00:00,mne-python,neurogima,author,c25aeee579fabdc2533c5ee591d9654e6d40f063
2021-03-15 15:41:47+00:00,mne-python,anaradanovic,author,18cd16b971902b5bed979fb5a5c88a3e318245b5
2021-03-15 15:43:25+00:00,mne-python,kimcoco,author,9798a638a50ed5a034d81f6619deee483fe57154
2021-03-15 15:48:17+00:00,mne-python,HanBnrd,author,428e73badd512e528aa7eb236785b30a2eaac53e
2021-03-15 15:53:57+00:00,mne-python,HanBnrd,author,0d8a7b0717dc33e75dc20c9cdd356f51a515309d
2021-03-15 19:54:00+00:00,mne-python,mdclarke,author,505e7a03e389e0552cf521dc044cf7ee93614be6
2021-03-15 19:56:09+00:00,mne-python,eort,author,0974fc51f0f9bc76c8ebeec3695726f2680b11ff
2021-03-15 20:08:31+00:00,mne-python,eioe,author,c22263c70c85d755ccb424b98d226a43c73534c3
2021-03-15 20:10:02+00:00,mne-python,Falach,author,3ca43776bc2a380a10b1c1f7aef33c619c5a2af2
2021-03-15 20:14:00+00:00,mne-python,marsipu,author,1fb6e41e7de3c896114453880267e301659c7105
2021-03-15 20:46:49+00:00,mne-python,alexrockhill,author,8e6858e0cfda78923cd745bb83d2f53bc6f6b02f
2021-03-15 20:51:49+00:00,mne-python,adam2392,author,d167f95aa5534136f8390e3c971e668b5bb02ef2
2021-03-15 21:04:12+00:00,mne-python,mdclarke,author,fabd29fc8e0d2508399ed006a74f5fd3463b38b4
2021-03-15 21:17:59+00:00,mne-python,ramkpari,author,94870a5532a43a0ca850d58789a77ceeb532a3b5
2021-03-15 21:40:18+00:00,mne-python,catalinamagalvan,author,6d1ee18a4cd7e753a0c42306a89630d7e8d092cb
2021-03-15 21:40:56+00:00,mne-python,vpeterson,author,f0aa3841b0023d83c96bd2b27ec6f0515cb82719
2021-03-15 21:55:25+00:00,mne-python,timonmerk,author,b495090403202aebb8bbf6dd02a81a439cbcfcb5
2021-03-15 22:17:45+00:00,mne-python,mdclarke,author,e1dacb5e63ea97d89ff71016a4edcf35e7edb1dc
2021-03-15 22:39:35+00:00,mne-python,mdclarke,author,7168e683e319f99a3c57ec68f7f0e844eafcb463
2021-03-15 23:55:34+00:00,mne-python,cmista,author,cc80458ba6aec4f790a56cc445e3f024740732de
2021-03-16 07:36:34+00:00,mne-python,NeuroLaunch,co-author,b465989273481d3b6264964a0baf877d1e913873
2021-03-16 07:36:34+00:00,mne-python,NeuroLaunch,author,b465989273481d3b6264964a0baf877d1e913873
2021-03-16 08:28:00+00:00,mne-python,sfc-neuro,author,8be65850012d54155758545594d671d9cc93e04b
2021-03-16 11:34:59+00:00,mne-python,ramkpari,author,602a94f62127736834fa65e0c33fe037763efdb2
2021-03-16 11:36:10+00:00,mne-python,neurogima,author,80b029d305872aef82e03d1f9353a191e17da7c6
2021-03-16 11:40:21+00:00,mne-python,vagechirkov,author,04bb93a2e8bf47e39049b9b2b874a23d1f079ee3
2021-03-16 11:41:46+00:00,mne-python,vpeterson,author,52e97df12b6da69a66e645c951a35795733ac9a5
2021-03-16 12:35:31+00:00,mne-python,eort,author,04c58d73112916444b71710bd2b60f77723028fc
2021-03-16 14:53:20+00:00,mne-python,anaradanovic,author,c8f0f51b4a747dc3f08128c7c232ce3ac005cdba
2021-03-16 18:06:16+00:00,mne-python,anaradanovic,author,3da7e332c3ecd75613feb31c6f34c3b362e32d97
2021-03-16 18:10:12+00:00,mne-python,ramkpari,author,1703bfd2a159feb105e145699764c54b2592e5cf
2021-03-16 18:12:50+00:00,mne-python,anaradanovic,author,b239ad314fb7d74fb43fdf1e34eada94ed32659d
2021-03-16 18:22:18+00:00,mne-python,catalinamagalvan,author,0a61e1c7c271829bb3cc9480ea8fb08142c91e7b
2021-03-16 19:38:28+00:00,mne-bids,adam2392,author,355f839022b9ffdbd70106010be1c9dccc0a56c6
2021-03-16 21:05:44+00:00,mne-python,nordme,author,f1ff6ba253c1a09dfbbb7369ad34e1a34a7865d6
2021-03-17 11:18:29+00:00,mne-python,vagechirkov,author,53757d01c8f5e86fa6c2c0bd1934cb0a1f58aa3f
2021-03-17 13:07:55+00:00,mne-python,marsipu,author,88cbfa8f42f885a6e4a400d4c9eece839cee0c77
2021-03-17 13:26:10+00:00,mne-bids,adam2392,author,286c6e7a9658f29d3a50abb6c04cd0a988fb69ef
2021-03-17 13:26:10+00:00,mne-bids,adam2392,committer,286c6e7a9658f29d3a50abb6c04cd0a988fb69ef
2021-03-17 14:43:08+00:00,mne-python,catalinamagalvan,author,1026ad762371b0a802c67af89e163434ac9640b6
2021-03-17 15:45:30+00:00,mne-python,HanBnrd,author,34d338bcff0f21fae35114e14c692ccbe7213e10
2021-03-17 16:06:04+00:00,mne-bids,adam2392,co-author,747b67dad37cbb1800734eca0a1a4f17122a7c1b
2021-03-17 16:06:04+00:00,mne-bids,adam2392,co-author,747b67dad37cbb1800734eca0a1a4f17122a7c1b
2021-03-17 21:03:41+00:00,mne-python,nordme,author,c29a32d474809785225c24053dcb41bf054a6e32
2021-03-17 21:32:29+00:00,mne-python,catalinamagalvan,author,b27e06fb1d7f2d8445f7d26f3b4be907fe066335
2021-03-18 06:01:11+00:00,mne-python,catalinamagalvan,author,598cde5e7b6304a06d80fd68dbd3c163d2563711
2021-03-18 10:04:05+00:00,mne-python,kimcoco,author,56e9fbe67a554272a71dfd2b9ae96eb7fd58d104
2021-03-18 10:24:31+00:00,mne-python,anaradanovic,author,f09dfb38010e1d0bfbb251409ae53730b5787014
2021-03-18 11:54:10+00:00,mne-python,sfc-neuro,author,a6abf3649bdf754c86bb983f393f690791816048
2021-03-18 12:34:54+00:00,mne-python,anaradanovic,author,56e41c942af6b06082f2756b19cf2e499674289c
2021-03-18 13:37:12+00:00,mne-python,Falach,author,050a1f35fa91e013973ee3df2c3ca8a4ad362264
2021-03-18 14:24:08+00:00,mne-python,vagechirkov,author,0ddde8c7703331644dbe06b1b023d979738eebb8
2021-03-18 14:24:46+00:00,mne-python,anaradanovic,author,4ca89e6322a583fd16bfe957d98314b2ce8f0f72
2021-03-18 14:26:13+00:00,mne-python,adam2392,author,ee187764ca1ecaddcb4c5f4bd94b192ccb5886e2
2021-03-18 14:27:28+00:00,mne-python,marsipu,author,fc3f2b56bc172eb3b747751e636d55b0cbb56861
2021-03-18 14:55:32+00:00,mne-python,ramkpari,author,ab0f417b94767890e06ba62e6f770e46e912be6d
2021-03-18 15:16:14+00:00,mne-python,kimcoco,author,f20c60ec23481e8c9888fb9f7da1544378dd2489
2021-03-18 20:35:37+00:00,mne-python,anaradanovic,author,916f364ebacc0ac6ed8ee7854dbf904d143ee984
2021-03-19 03:00:20+00:00,mne-python,anaradanovic,author,82b3459a35c1c61c3c2d1ab724aaf9ee831d791d
2021-03-19 17:06:45+00:00,mne-python,FinLouarn,author,4dacaa33542d028820b96caba99e44d0f04a0d7b
2021-03-19 18:44:39+00:00,mne-python,alexrockhill,author,e9dc11fd496c1085bab519e3881cf5764c8645ee
2021-03-19 19:00:55+00:00,mne-bids,eort,author,b2950db896cc391cd69a448b38105da5b64bf360
2021-03-19 19:05:31+00:00,mne-python,nordme,author,d885e4a43dd407a3d4e137e57e7df34683ed9390
2021-03-19 20:40:52+00:00,mne-python,apoorva6262,author,8c5f92d112b3c01a1fe96ee31f75552d0781d067
2021-03-19 21:00:26+00:00,mne-python,vagechirkov,author,bc78db538a6cd761742c614d716904a571aa8ee1
2021-03-19 21:07:11+00:00,mne-python,mdclarke,author,46d00e571a2bc7511f17ab103d64b4d6fafbde3d
2021-03-19 21:37:37+00:00,mne-python,vpeterson,author,49536e31fdd3a69dcfe21a0b2efd69958dead5cd
2021-03-19 22:03:31+00:00,mne-python,nordme,author,12b43d605332b567382d2a9ed350d37d1e0042a2
2021-03-20 00:13:03+00:00,mne-python,anaradanovic,author,523413f911e23bfef98ca92e3cfa00c80501f94d
2021-03-20 00:47:43+00:00,mne-python,apoorva6262,author,dc4545c7d0a80791a26d9e3c3651d336202b2bb1
2021-03-20 00:58:46+00:00,mne-python,catalinamagalvan,author,0816e31439a01e7ba6a1488fb006ae75dd25ac57
2021-03-20 01:02:36+00:00,mne-python,eort,author,fd1723fecccdbe01150b033a2943b03d9fe5292b
2021-03-21 08:53:58+00:00,mne-python,ramkpari,author,bbcba957bcef31af9b49262ff1435a3c45c2e1df
2021-03-21 13:34:08+00:00,mne-python,Falach,author,62ca227ef00086cd644b2a1ddcb291501a506485
2021-03-21 17:47:31+00:00,mne-python,vagechirkov,author,1e403b2f5708f624871eed7661a2b81b6259114c
2021-03-22 08:52:52+00:00,mne-bids,adam2392,author,a2b03504eb9891a48bae10534234815232220732
2021-03-22 18:33:43+00:00,mne-python,vagechirkov,author,7db3238ce80d094bc65518486c4f3d1c83421640
2021-03-22 20:03:24+00:00,mne-python,marsipu,author,acf25ef4d0b781aeff573797238f422a048cb9c8
2021-03-23 13:41:29+00:00,mne-python,alexrockhill,author,59008cfa021f617c9c6de50593f55cdbdbf17538
2021-03-23 13:41:29+00:00,mne-python,adam2392,co-author,59008cfa021f617c9c6de50593f55cdbdbf17538
2021-03-24 14:49:36+00:00,mne-hfo,adam2392,author,ad6299d70d42e995e8ebf30d89f7eeb037534d3d
2021-03-24 14:49:36+00:00,mne-hfo,adam2392,committer,ad6299d70d42e995e8ebf30d89f7eeb037534d3d
2021-03-24 20:58:59+00:00,mne-python,vagechirkov,author,e430158cee998776551efffbb343e4e42a45ae37
2021-03-25 09:23:52+00:00,mne-python,NeuroLaunch,author,0c225f44f990b13c42389c56719f2008b0f9b4f6
2021-03-25 14:34:57+00:00,mne-python,vagechirkov,author,a98c4f5ce9d8272b0b7528b3054c74b8d43373ae
2021-03-25 14:46:29+00:00,mne-python,neurogima,author,b24f531d39c954d7923d49ff454c50bb4dc8e43d
2021-03-27 06:37:33+00:00,mne-bids,alexrockhill,author,57cc0b099753175d354223a0075d1f4de3978e84
2021-03-27 15:09:57+00:00,mne-bids,alexrockhill,author,2b8e01912c67b32d36c6bb6e765b5b12048ca0b2
2021-03-27 21:08:00+00:00,mne-bids,alexrockhill,author,ec6e93689ae22651dd8c1e50da082b70a63bc5c3
2021-03-30 18:38:11+00:00,mne-python,HanBnrd,author,98fb5c26dee0b5c36a666e945fecd4423e0b712e
2021-03-31 20:46:17+00:00,mne-bids,adam2392,author,29f867bb824c84b03a18cd8583d7b711660f772e
2021-04-05 21:14:27+00:00,mne-hfo,adam2392,author,b9cc29c9f49f58601b4594250a0f0b91ba7daae1
2021-04-06 16:00:21+00:00,mne-hfo,adam2392,author,4b7ed2bb03efa5e859fe82934515f8fc9fc976e7
2021-04-06 16:00:21+00:00,mne-hfo,adam2392,committer,4b7ed2bb03efa5e859fe82934515f8fc9fc976e7
2021-04-06 20:29:31+00:00,mne-python,eioe,author,5ae29cd69aa6075dc9ecd97402571ff7b2a03d21
2021-04-07 02:49:23+00:00,mne-hfo,adam2392,committer,0c32dcbc5959d470093cc957e0e4c37eae7d9cdf
2021-04-07 02:49:23+00:00,mne-hfo,adam2392,author,0c32dcbc5959d470093cc957e0e4c37eae7d9cdf
2021-04-07 14:24:50+00:00,mne-hfo,adam2392,author,094382a6fdb9cd8f897a25a18aaa92e876ab15f9
2021-04-07 14:24:50+00:00,mne-hfo,adam2392,committer,094382a6fdb9cd8f897a25a18aaa92e876ab15f9
2021-04-07 14:40:18+00:00,mne-hfo,adam2392,author,839e152c8cf9408b21085eadd80b14cbdb7e4b2b
2021-04-07 14:40:18+00:00,mne-hfo,adam2392,committer,839e152c8cf9408b21085eadd80b14cbdb7e4b2b
2021-04-08 01:38:31+00:00,mne-hfo,adam2392,author,10d17ffd7316547dbf40ae7db5849e0a20418a9e
2021-04-08 01:38:31+00:00,mne-hfo,adam2392,committer,10d17ffd7316547dbf40ae7db5849e0a20418a9e
2021-04-10 14:38:23+00:00,mne-python,ramkpari,author,a067a3fbf2c19e60237e1b7ee76ed3ee9038a366
2021-04-12 03:23:49+00:00,mne-python,HanBnrd,author,df6115ead7474c0374eda5958266fd02c9b5b1e0
2021-04-13 00:54:43+00:00,mne-hfo,adam2392,author,a5f6c38d9219a97726d73333f51d412e772e84c1
2021-04-15 19:30:46+00:00,mne-python,ramkpari,author,7b428b96c2a719902ae72a498618062f879d674c
2021-04-16 10:10:12+00:00,mne-bids,eort,author,bc488fc0d77c9c7ac022e80489b39bafcbb9ca9c
2021-04-20 13:38:07+00:00,mne-python,alexrockhill,author,87c9eafdaf8fdab33ff1063d0d7bb03afac60bb5
2021-04-22 14:56:57+00:00,mne-python,marsipu,author,350f76bff4b590e3662830cf0308492638c27703
2021-04-23 18:56:38+00:00,mne-python,HanBnrd,co-author,e4a157174c3ae386072a6ead360efb8b32a5f729
2021-04-26 12:28:50+00:00,mne-python,ramkpari,author,36f5dcd355ab15dbc5b5e86fa7cc679997078f45
2021-04-26 12:37:11+00:00,mne-python,eioe,author,dece6792280a7e3fe566b58e0e3c917b75edbcb5
2021-04-26 16:37:49+00:00,mne-python,eort,author,10e1869f39a41250ef4706949b906361a9bc33fd
2021-05-20 17:07:04+00:00,mne-python,marsipu,author,d8768e2c0b4fbd65f92c9c7d625b03f4ec171d34
2021-05-20 19:08:51+00:00,mne-python,marsipu,author,0079f5b2973b979743ac97d9ba8ea882e50e3548
2021-05-21 18:57:27+00:00,mne-connectivity,adam2392,author,c6581ec33601ede490cc1543931e16fb4c12de68
2021-06-07 18:05:54+00:00,mne-hfo,adam2392,author,7fb5ccbdc674a8afbfcfd533b1924f603b4ad9a8
2021-06-07 18:05:54+00:00,mne-hfo,adam2392,co-author,7fb5ccbdc674a8afbfcfd533b1924f603b4ad9a8
2021-06-07 18:05:54+00:00,mne-hfo,adam2392,co-author,7fb5ccbdc674a8afbfcfd533b1924f603b4ad9a8
2021-06-09 14:37:50+00:00,mne-python,marsipu,author,bd644550776f9cf343118deb6551237c06b6ebed
2021-06-11 14:31:22+00:00,mne-python,marsipu,author,a0d5d76ee35d6a59120f91500dddfda05b02da6d
2021-06-14 14:16:56+00:00,mne-connectivity,adam2392,author,4b6cde7306224bcf4b807d525868f5782eb07e08
2021-06-14 14:56:10+00:00,mne-hfo,adam2392,co-author,abebbaaa77e5567aeb43964d3afd08ef2d5b2295
2021-06-16 15:36:26+00:00,mne-connectivity,adam2392,author,9bd9dab40098ef047dd62f699c50d3aa79e5ab0a
2021-06-16 19:02:39+00:00,mne-python,alexrockhill,author,f5460789ec67f59bdd21d0f29898d38683b7d7d4
2021-06-17 18:02:43+00:00,mne-python,alexrockhill,author,fb7cf920c18a41d64aaa452bfb1b3bda5d9ae6a7
2021-06-24 15:00:06+00:00,mne-python,alexrockhill,author,44f5ecb6b19d15bddd13582e489bd2a5a88827f6
2021-06-25 09:36:35+00:00,mne-python,alexrockhill,author,9690573def6fd672c7a18bce5fe7ba94a5e64c01
2021-07-02 17:14:09+00:00,mne-python,nordme,author,2e200aa7778a1462b4da6ce7bf4253b99cde3d6a
2021-07-08 12:09:54+00:00,mne-bids,alexrockhill,author,f8b102226346460d1c30da21af487d68b06826f3
2021-07-08 13:00:57+00:00,mne-connectivity,adam2392,author,d5aafc35d0253443839101fa916120ab3baca6f4
2021-07-12 13:02:48+00:00,mne-python,alexrockhill,author,3b9ec94e43aed102fe759752b899514c80afc5f5
2021-07-13 13:42:43+00:00,mne-connectivity,adam2392,author,5fc360793b01bb8f6917719939230fed8e1154af
2021-07-15 16:59:31+00:00,mne-python,HanBnrd,co-author,19bdd7941e3dedaf4fd8dcc49805d2e7dacfbecc
2021-07-16 22:07:47+00:00,mne-python,alexrockhill,author,ec2aaa7b1ff40fa2d7a38bd1c376b217d251376f
2021-07-16 22:16:03+00:00,mne-python,alexrockhill,author,4875e04cdebba132fc637ca65b3cb50584aee8b7
2021-07-19 13:43:46+00:00,mne-python,alexrockhill,author,b91e4f77d31f434dfcf496c3115ab1168539c514
2021-07-19 15:48:31+00:00,mne-python,alexrockhill,author,f3a7dece8d4361265e055f617e98c197c7cba07e
2021-07-19 22:48:56+00:00,mne-python,alexrockhill,author,3a4a048c5fc5ee77875a705848eb4be8354732f7
2021-07-21 14:46:58+00:00,mne-python,alexrockhill,author,1df66682b6d460ac9b22d4c678034cc8706ff680
2021-07-21 19:08:22+00:00,mne-python,alexrockhill,author,fb074dd23f3a3364349415c4612d6401e1affece
2021-07-22 17:40:18+00:00,mne-python,alexrockhill,author,64d51d6b122c5520a13825a0a360623993075d66
2021-07-27 08:00:48+00:00,mne-bids,alexrockhill,author,e053e6408cf39630c6d5041669445b1fe9c7370a
2021-07-27 20:23:57+00:00,mne-python,alexrockhill,author,474da964415c5233e955663b56e85531093be0a4
2021-07-28 20:53:20+00:00,mne-python,alexrockhill,author,33d2aea4a3790953c38dcc28582d614c20419649
2021-07-29 12:34:06+00:00,mne-python,alexrockhill,author,b66734cf6f174b6806b52d4162830adb8d2a1825
2021-07-29 23:10:58+00:00,mne-python,alexrockhill,author,a7be363558c2126a88812e373408fa3e3cb69b26
2021-07-31 15:25:17+00:00,mne-python,alexrockhill,author,8d8609ade86b6daca5173faa7414885bde04df29
2021-08-04 21:35:18+00:00,mne-python,alexrockhill,author,759d1f9630c82109210da1eb41b45a7cd30a0f12
2021-08-14 10:40:14+00:00,mne-python,marsipu,author,6c896a649d0de38dd68e98d2836aabe6fc17a123
2021-08-17 18:29:00+00:00,mne-python,adam2392,author,702bdaccee9131798c68a82d81ad497c286aac4a
2021-08-17 18:29:00+00:00,mne-python,adam2392,co-author,702bdaccee9131798c68a82d81ad497c286aac4a
2021-08-17 18:29:00+00:00,mne-python,adam2392,co-author,702bdaccee9131798c68a82d81ad497c286aac4a
2021-08-18 15:46:46+00:00,mne-python,adam2392,author,9d75a529c6a30e9de47409c8e6e9730dd7026bcc
2021-08-18 17:58:49+00:00,mne-connectivity,adam2392,author,373797af6f5f75de2b78d8d8eb8df7aa9ee1c1e9
2021-08-19 21:09:00+00:00,mne-python,alexrockhill,author,6756eab3dc55dc9c8fc5d30c3e4a5f5ad18659bd
2021-08-19 21:10:31+00:00,mne-connectivity,adam2392,author,ae0eca5b9f96db9afdc2db71ba09984f2ec567b2
2021-08-20 20:25:22+00:00,mne-python,alexrockhill,author,cf307a48e130ca27868c3706100bf2c402c9de1f
2021-08-20 21:24:56+00:00,mne-hfo,adam2392,author,9ed39873f902671b9c32c1c5a781fc8ecc188c27
2021-08-21 09:47:42+00:00,mne-python,alexrockhill,author,041068d510cc746b0a994609a59213f279be0c81
2021-08-23 17:29:04+00:00,mne-connectivity,adam2392,committer,b5d6c905641c126606a3c4c32e6ce16eae135c71
2021-08-23 17:29:04+00:00,mne-connectivity,adam2392,author,b5d6c905641c126606a3c4c32e6ce16eae135c71
2021-08-24 13:54:55+00:00,mne-bids,alexrockhill,author,0822e178faf144c832fa962518f7f2b0e966a60d
2021-08-24 17:18:26+00:00,mne-python,adam2392,author,59c3b921cf7609d0f2ffc19c1a7dc276110100a3
2021-08-24 20:07:47+00:00,mne-python,alexrockhill,author,27c5d536808d9c8226047a825582b43df1218c95
2021-08-25 20:00:42+00:00,mne-python,adam2392,author,bcf2b2f7d5479060d6cff9a227ffbb795cbe7f85
2021-08-26 09:50:46+00:00,mne-bids,adam2392,author,fb650353b8a6569f7110fac261b82fb2b78ca272
2021-08-27 22:11:49+00:00,mne-connectivity,adam2392,author,989e2b3129ed07df29b96100cd249b6cf393fcc3
2021-08-28 16:26:45+00:00,mne-connectivity,adam2392,author,454ff4736941982018ae585f60c82afaf2c4b8e3
2021-08-30 15:05:06+00:00,mne-qt-browser,marsipu,author,0c1822591cf7a1add32bcadab29f1318df5ffad8
2021-08-30 15:08:12+00:00,mne-qt-browser,marsipu,author,33798c42fe7b894de4acd656f57db7cbbb9e1d1e
2021-08-31 20:27:05+00:00,mne-bids,alexrockhill,author,3d535908024e3b8170190393883037cfd744fdb2
2021-08-31 20:27:05+00:00,mne-bids,alexrockhill,co-author,3d535908024e3b8170190393883037cfd744fdb2
2021-09-01 10:57:59+00:00,mne-qt-browser,marsipu,author,0a1cf6e3a51e18077f0677260207f27e4f0e4f1e
2021-09-01 10:57:59+00:00,mne-qt-browser,marsipu,committer,0a1cf6e3a51e18077f0677260207f27e4f0e4f1e
2021-09-01 10:58:13+00:00,mne-qt-browser,marsipu,author,1790c33bb1a0cebe94d95860290587f699a2c688
2021-09-01 10:58:13+00:00,mne-qt-browser,marsipu,committer,1790c33bb1a0cebe94d95860290587f699a2c688
2021-09-02 08:47:19+00:00,mne-qt-browser,marsipu,author,0621df7d3be5ac1a80203e18e42893f4f5b6fae2
2021-09-02 08:47:48+00:00,mne-qt-browser,marsipu,author,5a3c9654b23bdb61858c4a758bcc278ec227abcc
2021-09-02 08:48:09+00:00,mne-qt-browser,marsipu,author,4d5be5c4eda5fcbd10626d786ba5b54efd7ecde4
2021-09-02 08:48:25+00:00,mne-qt-browser,marsipu,author,a7db22969addc1cdcca1d9eb19dee69edc8d406b
2021-09-02 08:57:08+00:00,mne-qt-browser,marsipu,author,4519941fb4c274e71615de646d39035d13899aa7
2021-09-02 13:45:37+00:00,mne-python,alexrockhill,author,b20f6b314b57d53c1c0f0277c1aaee5658004e06
2021-09-02 16:39:35+00:00,mne-qt-browser,marsipu,author,577ba1d3e7e6d0a03ce15dedf99bec3c5d9e1477
2021-09-02 16:40:18+00:00,mne-qt-browser,marsipu,committer,577ba1d3e7e6d0a03ce15dedf99bec3c5d9e1477
2021-09-02 16:57:42+00:00,mne-qt-browser,marsipu,author,a227089a0b4a3a02b142adf31e36700652a27411
2021-09-04 20:14:08+00:00,mne-qt-browser,marsipu,committer,b6c6ec5e2821784b22cd6c6d0aece6476ae44bdb
2021-09-04 20:14:08+00:00,mne-qt-browser,marsipu,author,b6c6ec5e2821784b22cd6c6d0aece6476ae44bdb
2021-09-05 08:33:16+00:00,mne-qt-browser,marsipu,committer,40eee841096c4cb5def91f1322890d724dbbfcad
2021-09-05 08:33:16+00:00,mne-qt-browser,marsipu,author,40eee841096c4cb5def91f1322890d724dbbfcad
2021-09-05 08:38:54+00:00,mne-qt-browser,marsipu,committer,c5bc41864a274d7b46a3d9797f1a99b3c2b61b74
2021-09-05 08:38:54+00:00,mne-qt-browser,marsipu,author,c5bc41864a274d7b46a3d9797f1a99b3c2b61b74
2021-09-05 08:44:32+00:00,mne-qt-browser,marsipu,committer,6c6c3cb637c2c25024dc57bbd77a1e1d037eb2eb
2021-09-05 08:44:32+00:00,mne-qt-browser,marsipu,author,6c6c3cb637c2c25024dc57bbd77a1e1d037eb2eb
2021-09-05 08:48:08+00:00,mne-qt-browser,marsipu,committer,c34aca7d4058758db4d89b820cc3aedb33433e3a
2021-09-05 08:48:08+00:00,mne-qt-browser,marsipu,author,c34aca7d4058758db4d89b820cc3aedb33433e3a
2021-09-05 08:49:38+00:00,mne-qt-browser,marsipu,author,8d88a5265f367765b963906bfb9643a2863341cc
2021-09-05 08:49:38+00:00,mne-qt-browser,marsipu,committer,8d88a5265f367765b963906bfb9643a2863341cc
2021-09-05 09:18:51+00:00,mne-qt-browser,marsipu,committer,ea95615bf2ec1e2def62bfbb8fc160d259e8dd3a
2021-09-05 09:18:51+00:00,mne-qt-browser,marsipu,author,ea95615bf2ec1e2def62bfbb8fc160d259e8dd3a
2021-09-06 17:54:44+00:00,mne-qt-browser,marsipu,author,1011634e35850fb0da3dc5d03edfde027749b045
2021-09-06 17:54:44+00:00,mne-qt-browser,marsipu,committer,1011634e35850fb0da3dc5d03edfde027749b045
2021-09-06 18:47:00+00:00,mne-qt-browser,marsipu,author,5115ded639736f80467b35210dcd48212cbb8c6b
2021-09-06 18:47:00+00:00,mne-qt-browser,marsipu,committer,5115ded639736f80467b35210dcd48212cbb8c6b
2021-09-07 13:00:09+00:00,mne-qt-browser,marsipu,committer,4ecffc4177e602a2c1a68e80887016d9ed3f6c48
2021-09-07 13:00:09+00:00,mne-qt-browser,marsipu,author,4ecffc4177e602a2c1a68e80887016d9ed3f6c48
2021-09-07 16:46:33+00:00,mne-qt-browser,marsipu,author,72e0f0ad1dd8a852e4f7ff2757d063b4591e78fe
2021-09-07 16:46:33+00:00,mne-qt-browser,marsipu,committer,72e0f0ad1dd8a852e4f7ff2757d063b4591e78fe
2021-09-07 16:46:56+00:00,mne-qt-browser,marsipu,author,df0316fe1dd241bccdb50058401dba22caea0bb4
2021-09-07 16:46:56+00:00,mne-qt-browser,marsipu,committer,df0316fe1dd241bccdb50058401dba22caea0bb4
2021-09-08 00:07:11+00:00,mne-bids,adam2392,author,1652466f8e829c95808b0344d81d87fbe0346d6e
2021-09-08 10:38:21+00:00,mne-qt-browser,marsipu,author,c0817f070dc7a82d824d4d1d348c4294b60f4e9e
2021-09-08 10:38:21+00:00,mne-qt-browser,marsipu,committer,c0817f070dc7a82d824d4d1d348c4294b60f4e9e
2021-09-08 11:47:53+00:00,mne-qt-browser,marsipu,committer,3c04b781ff38071acf3363dc455bcda89d078112
2021-09-08 11:47:53+00:00,mne-qt-browser,marsipu,author,3c04b781ff38071acf3363dc455bcda89d078112
2021-09-08 12:50:10+00:00,mne-qt-browser,marsipu,author,0cc79eb60d0f52eb578d16f7fc05d8007ee0b89b
2021-09-08 12:50:10+00:00,mne-qt-browser,marsipu,committer,0cc79eb60d0f52eb578d16f7fc05d8007ee0b89b
2021-09-08 14:17:06+00:00,mne-connectivity,adam2392,author,4773db02b1fb4fde8594898bf7593cc2a80c647d
2021-09-08 14:46:52+00:00,mne-connectivity,adam2392,author,c17271a55a21e48bccfdf98d698678a1cf539535
2021-09-08 14:46:52+00:00,mne-connectivity,adam2392,committer,c17271a55a21e48bccfdf98d698678a1cf539535
2021-09-08 15:37:31+00:00,mne-connectivity,adam2392,committer,3593de3b871d5a86ec62f5e85db8870d99ea5d93
2021-09-08 15:37:31+00:00,mne-connectivity,adam2392,author,3593de3b871d5a86ec62f5e85db8870d99ea5d93
2021-09-09 09:15:17+00:00,mne-qt-browser,marsipu,committer,3398c7737dab95ab61cc951de3f16c8e51bebab6
2021-09-09 09:15:17+00:00,mne-qt-browser,marsipu,author,3398c7737dab95ab61cc951de3f16c8e51bebab6
2021-09-09 10:37:47+00:00,mne-qt-browser,marsipu,committer,e704eb243574df55e710d41fd2c6af5a90c3ddb0
2021-09-09 10:37:47+00:00,mne-qt-browser,marsipu,author,e704eb243574df55e710d41fd2c6af5a90c3ddb0
2021-09-09 14:11:56+00:00,mne-qt-browser,marsipu,author,cba7f490b2ea649d8f5d1d72c167ca2769e16c0a
2021-09-09 14:11:56+00:00,mne-qt-browser,marsipu,committer,cba7f490b2ea649d8f5d1d72c167ca2769e16c0a
2021-09-09 20:08:38+00:00,mne-connectivity,adam2392,author,504d3845e0d8d98865e8b8ecd1b87c307f83638b
2021-09-10 14:25:10+00:00,mne-qt-browser,marsipu,committer,5b8b4eb53cc39b1758a5b8245d2a7f00ad73a7c1
2021-09-10 14:25:10+00:00,mne-qt-browser,marsipu,author,5b8b4eb53cc39b1758a5b8245d2a7f00ad73a7c1
2021-09-13 02:58:24+00:00,mne-qt-browser,marsipu,author,6c2b90e5dfe9e3ffad309cb3ce0021bdcce58a9f
2021-09-13 02:58:24+00:00,mne-qt-browser,marsipu,committer,6c2b90e5dfe9e3ffad309cb3ce0021bdcce58a9f
2021-09-14 01:50:04+00:00,mne-qt-browser,marsipu,committer,9454178eac926fd01e17b11078fe7c8844250417
2021-09-14 01:50:04+00:00,mne-qt-browser,marsipu,author,9454178eac926fd01e17b11078fe7c8844250417
2021-09-14 03:58:02+00:00,mne-qt-browser,marsipu,committer,0ac4f68454fefb38a64f7891282461ad8cd5f9d3
2021-09-14 03:58:02+00:00,mne-qt-browser,marsipu,author,0ac4f68454fefb38a64f7891282461ad8cd5f9d3
2021-09-14 05:27:10+00:00,mne-qt-browser,marsipu,committer,1de37abf753802fecb22f8e691b3c6969ecb337f
2021-09-14 05:27:10+00:00,mne-qt-browser,marsipu,author,1de37abf753802fecb22f8e691b3c6969ecb337f
2021-09-14 08:12:17+00:00,mne-qt-browser,marsipu,committer,db53fa831824862cbeed7a1c615475d7d7368a1c
2021-09-14 08:12:17+00:00,mne-qt-browser,marsipu,author,db53fa831824862cbeed7a1c615475d7d7368a1c
2021-09-14 14:46:03+00:00,mne-python,alexrockhill,author,82487bc6a8976b0fa55ab9c7a2d8af56fd8b7ae3
2021-09-14 16:15:08+00:00,mne-connectivity,adam2392,author,f6f16b35a8e2399605c0ae0c7c19e533f1e355ab
2021-09-14 16:18:20+00:00,mne-connectivity,adam2392,author,3b98d3704b603770e32e21c01496a9cc973edf82
2021-09-14 16:18:20+00:00,mne-connectivity,adam2392,committer,3b98d3704b603770e32e21c01496a9cc973edf82
2021-09-15 08:57:41+00:00,mne-python,adam2392,author,a2036aaaf1f34a5fdfd84a6c1eb75986dd2608b7
2021-09-15 20:03:45+00:00,mne-connectivity,adam2392,author,f3ff4ed9bb76dd28248f5944bb7abf875ca38b1d
2021-09-16 07:09:55+00:00,mne-python,alexrockhill,author,57e5e7f73b4a10d1cf3bfeb91685df7f88fcdbd9
2021-09-16 12:40:29+00:00,mne-qt-browser,marsipu,committer,c6d8e92717c6d3b7d82adb21ab5f916ab6ddad16
2021-09-16 12:40:29+00:00,mne-qt-browser,marsipu,author,c6d8e92717c6d3b7d82adb21ab5f916ab6ddad16
2021-09-16 14:15:21+00:00,mne-python,vagechirkov,author,e43136c22014cde2a0567f9e332faacb75f876dd
2021-09-16 20:53:05+00:00,mne-python,adam2392,author,a0faac5bbf5d43f5b264444fd7138ea10af1fd13
2021-09-17 07:25:04+00:00,mne-qt-browser,marsipu,author,ce2b8fa94bc382608a9cb755af356d343bb3353d
2021-09-17 07:25:04+00:00,mne-qt-browser,marsipu,committer,ce2b8fa94bc382608a9cb755af356d343bb3353d
2021-09-17 16:52:16+00:00,mne-python,alexrockhill,author,4375989ef05990574bfe70c34cef111340ac2383
2021-09-19 13:26:10+00:00,mne-bids,alexrockhill,author,7f91bc056baf56aa56053e34513221cd62ee5745
2021-09-19 13:26:10+00:00,mne-bids,adam2392,co-author,7f91bc056baf56aa56053e34513221cd62ee5745
2021-09-19 16:14:57+00:00,mne-connectivity,adam2392,author,6446ef998aaad9fc328274b9701743c5fea93939
2021-09-19 19:16:40+00:00,mne-qt-browser,marsipu,committer,89b4a52475a5d543f5bf5ac0883719d2227f4a48
2021-09-19 19:16:40+00:00,mne-qt-browser,marsipu,author,89b4a52475a5d543f5bf5ac0883719d2227f4a48
2021-09-19 20:45:33+00:00,mne-qt-browser,marsipu,committer,aca0197d0d4f1620e4240fe53b262e31638bb084
2021-09-19 20:45:33+00:00,mne-qt-browser,marsipu,author,aca0197d0d4f1620e4240fe53b262e31638bb084
2021-09-19 22:01:56+00:00,mne-python,adam2392,author,c42a7b7a6dee8a48239c293c32d21d88040b9adf
2021-09-19 22:33:45+00:00,mne-qt-browser,marsipu,committer,be1255692f3ac9b14ea6c47464e55b1ed14c07c8
2021-09-19 22:33:45+00:00,mne-qt-browser,marsipu,author,be1255692f3ac9b14ea6c47464e55b1ed14c07c8
2021-09-19 23:10:02+00:00,mne-qt-browser,marsipu,author,bc59b0b21f0a6718b643392a5cb459638210ac72
2021-09-19 23:10:02+00:00,mne-qt-browser,marsipu,committer,bc59b0b21f0a6718b643392a5cb459638210ac72
2021-09-19 23:15:10+00:00,mne-qt-browser,marsipu,author,c8da4c3c1220b45c2c94984d071d9ac8c4577a6d
2021-09-19 23:15:10+00:00,mne-qt-browser,marsipu,committer,c8da4c3c1220b45c2c94984d071d9ac8c4577a6d
2021-09-19 23:21:13+00:00,mne-qt-browser,marsipu,committer,623323649415a73ff9125346c7e193a57aa369d1
2021-09-19 23:21:13+00:00,mne-qt-browser,marsipu,author,623323649415a73ff9125346c7e193a57aa369d1
2021-09-19 23:28:26+00:00,mne-qt-browser,marsipu,committer,5b1cbf8ea7ced6d2c254f278904379ee4c29262d
2021-09-19 23:28:26+00:00,mne-qt-browser,marsipu,author,5b1cbf8ea7ced6d2c254f278904379ee4c29262d
2021-09-20 07:14:10+00:00,mne-qt-browser,marsipu,committer,80069438626bc6287cc9f0fb4785f8ab2e27b6d1
2021-09-20 07:14:10+00:00,mne-qt-browser,marsipu,author,80069438626bc6287cc9f0fb4785f8ab2e27b6d1
2021-09-20 16:03:01+00:00,mne-bids,adam2392,author,09839272f10444e6bfca997cd77552ae607d4a0d
2021-09-20 18:57:13+00:00,mne-qt-browser,marsipu,author,91251bbe5017fcce8aa1e44d4f022df54a993853
2021-09-20 18:57:13+00:00,mne-qt-browser,marsipu,committer,91251bbe5017fcce8aa1e44d4f022df54a993853
2021-09-20 22:43:00+00:00,mne-python,adam2392,author,9627d0965ced345fc5339caeb828e4180afacaa6
2021-09-21 14:56:08+00:00,mne-python,adam2392,author,6c0006dfc73588927936b95a1ae364556a55fbc0
2021-09-21 16:28:12+00:00,mne-qt-browser,marsipu,committer,b1192aec4765fb1618b146acafc9d4b863b94122
2021-09-21 16:28:12+00:00,mne-qt-browser,marsipu,author,b1192aec4765fb1618b146acafc9d4b863b94122
2021-09-21 17:44:49+00:00,mne-qt-browser,marsipu,committer,38fde24005e0b405c0efb65889adffb08b274f79
2021-09-21 17:44:49+00:00,mne-qt-browser,marsipu,author,38fde24005e0b405c0efb65889adffb08b274f79
2021-09-21 19:58:43+00:00,mne-bids,adam2392,author,0fd28f456027104dff94426770d9bef8e96dc713
2021-09-22 16:52:11+00:00,mne-python,alexrockhill,author,59560dfe179ffbb30d79ad88898121043539a2c1
2021-09-25 23:40:50+00:00,mne-python,adam2392,author,0b503d8b64bd1383eee0450c3998700ad354a1ef
2021-09-27 06:03:10+00:00,mne-python,adam2392,author,9c7e837f59e480fff1b6ea5841630e089aa5a235
2021-09-28 22:11:32+00:00,mne-qt-browser,marsipu,committer,05a9c8e9f843aa6332cee414d02441d3a5fcde5b
2021-09-28 22:11:32+00:00,mne-qt-browser,marsipu,author,05a9c8e9f843aa6332cee414d02441d3a5fcde5b
2021-09-28 22:12:14+00:00,mne-qt-browser,marsipu,committer,7932e8a6857db95a6c0148187a0ebdca98f9c02d
2021-09-28 22:12:14+00:00,mne-qt-browser,marsipu,author,7932e8a6857db95a6c0148187a0ebdca98f9c02d
2021-09-28 22:24:13+00:00,mne-qt-browser,marsipu,author,175ce4bb2f60cd63d8302ab432e7a3f6983b37bb
2021-09-28 22:24:13+00:00,mne-qt-browser,marsipu,committer,175ce4bb2f60cd63d8302ab432e7a3f6983b37bb
2021-09-28 22:30:27+00:00,mne-qt-browser,marsipu,committer,cd1590d64f42938320eeadfc6f2c63505085bd79
2021-09-28 22:30:27+00:00,mne-qt-browser,marsipu,author,cd1590d64f42938320eeadfc6f2c63505085bd79
2021-09-29 02:22:36+00:00,mne-hfo,adam2392,author,f81fe037d6e4779354926c72bde98bd10f4c0479
2021-09-29 02:40:53+00:00,mne-python,alexrockhill,author,08a02e3ce7af03604cde74b2d2b4352f00ab879d
2021-10-04 21:10:01+00:00,mne-qt-browser,marsipu,committer,24f7fb8b26194178be002c84b4600137c153c8fc
2021-10-04 21:10:01+00:00,mne-qt-browser,marsipu,author,24f7fb8b26194178be002c84b4600137c153c8fc
2021-10-04 21:32:53+00:00,mne-qt-browser,marsipu,author,5ba5bc2f80ed7d97d89c1025199ae788211f2047
2021-10-05 14:22:53+00:00,mne-python,alexrockhill,author,6bb3eb742b880a520431e10bfb5b113872ff67a0
2021-10-06 20:42:25+00:00,mne-qt-browser,marsipu,author,177ec7dbad41ad85d9d4ce92e63f99f067853603
2021-10-06 20:42:25+00:00,mne-qt-browser,marsipu,committer,177ec7dbad41ad85d9d4ce92e63f99f067853603
2021-10-06 20:42:39+00:00,mne-qt-browser,marsipu,committer,5ba5bc2f80ed7d97d89c1025199ae788211f2047
2021-10-07 05:19:27+00:00,mne-python,adam2392,co-author,6763cac6b4b3d379a9e5319dd3575f1f124c0060
2021-10-07 13:16:20+00:00,mne-qt-browser,marsipu,author,1fd8633950c18ae9fc1cc9a9a00e4d1644f6792e
2021-10-07 13:16:20+00:00,mne-qt-browser,marsipu,committer,1fd8633950c18ae9fc1cc9a9a00e4d1644f6792e
2021-10-07 13:21:21+00:00,mne-qt-browser,marsipu,author,1963dc44548c4ecc593bc8889b308bdd479e4194
2021-10-07 13:21:28+00:00,mne-qt-browser,marsipu,committer,1963dc44548c4ecc593bc8889b308bdd479e4194
2021-10-07 13:40:41+00:00,mne-qt-browser,marsipu,committer,56bf74221cf138bc66539c74814af401d446666b
2021-10-07 13:40:41+00:00,mne-qt-browser,marsipu,author,56bf74221cf138bc66539c74814af401d446666b
2021-10-07 14:54:53+00:00,mne-qt-browser,marsipu,author,5f359ad5a0036566644d07a3099b83d6966127c5
2021-10-07 14:54:53+00:00,mne-qt-browser,marsipu,committer,5f359ad5a0036566644d07a3099b83d6966127c5
2021-10-10 21:56:01+00:00,mne-qt-browser,marsipu,committer,784ed20b64f756c2c4a3709fc56aa54eaa2dd24a
2021-10-10 21:56:01+00:00,mne-qt-browser,marsipu,author,784ed20b64f756c2c4a3709fc56aa54eaa2dd24a
2021-10-10 22:32:42+00:00,mne-qt-browser,marsipu,committer,608e0600426bee1a2223e92c92c13ecd4d83a1eb
2021-10-10 22:32:42+00:00,mne-qt-browser,marsipu,author,608e0600426bee1a2223e92c92c13ecd4d83a1eb
2021-10-10 22:56:58+00:00,mne-qt-browser,marsipu,committer,6226b820847e58154bdb80505686ccf25d181b18
2021-10-10 22:56:58+00:00,mne-qt-browser,marsipu,author,6226b820847e58154bdb80505686ccf25d181b18
2021-10-10 23:31:59+00:00,mne-qt-browser,marsipu,committer,e30ca986643be5cae58948f1178f0c7ef8bcda90
2021-10-10 23:31:59+00:00,mne-qt-browser,marsipu,author,e30ca986643be5cae58948f1178f0c7ef8bcda90
2021-10-11 07:53:38+00:00,mne-bids,adam2392,author,f1b00b7830089d5fce6fb4ccc88e473d1b4a06ba
2021-10-11 09:48:02+00:00,mne-qt-browser,marsipu,committer,9554a44091a5cb616e8ea2cb40c82dac4f530990
2021-10-11 09:59:50+00:00,mne-qt-browser,marsipu,author,8d425788e9070ccac31d85d88a5ac4b747d018fe
2021-10-11 09:59:59+00:00,mne-qt-browser,marsipu,committer,8d425788e9070ccac31d85d88a5ac4b747d018fe
2021-10-11 19:58:56+00:00,mne-bids,adam2392,author,1c1479aa8880746178e738f72cb90911f58e9de5
2021-10-11 19:59:08+00:00,mne-qt-browser,marsipu,committer,72b38287038f041c951351fb662cd36ca468380f
2021-10-11 19:59:08+00:00,mne-qt-browser,marsipu,author,72b38287038f041c951351fb662cd36ca468380f
2021-10-12 09:37:39+00:00,mne-qt-browser,marsipu,committer,6a2a33747a55205e6c41f9a202ae7fa56404487d
2021-10-12 09:37:39+00:00,mne-qt-browser,marsipu,author,6a2a33747a55205e6c41f9a202ae7fa56404487d
2021-10-12 10:12:44+00:00,mne-qt-browser,marsipu,author,9b03034f858cf356b8c158868d2e0dad9e798e87
2021-10-12 10:12:44+00:00,mne-qt-browser,marsipu,committer,9b03034f858cf356b8c158868d2e0dad9e798e87
2021-10-12 10:42:40+00:00,mne-qt-browser,marsipu,author,446add876143594214e778239be3f1549ee96f98
2021-10-12 10:42:40+00:00,mne-qt-browser,marsipu,committer,446add876143594214e778239be3f1549ee96f98
2021-10-12 10:50:25+00:00,mne-qt-browser,marsipu,committer,77bf423a21d25a0cd4c5abd6cf8a53a3cc7f3cc9
2021-10-12 10:50:25+00:00,mne-qt-browser,marsipu,author,77bf423a21d25a0cd4c5abd6cf8a53a3cc7f3cc9
2021-10-12 10:57:29+00:00,mne-qt-browser,marsipu,author,b0a0f44578c8bcd6ac18fabb3433bf2672163746
2021-10-12 10:57:29+00:00,mne-qt-browser,marsipu,committer,b0a0f44578c8bcd6ac18fabb3433bf2672163746
2021-10-12 11:02:24+00:00,mne-qt-browser,marsipu,committer,c21df67d18efc4171bda02f77be08ba0b1138fc9
2021-10-12 11:02:24+00:00,mne-qt-browser,marsipu,author,c21df67d18efc4171bda02f77be08ba0b1138fc9
2021-10-12 11:08:06+00:00,mne-qt-browser,marsipu,committer,b9c401a23f0962f14668608b4eefb9eb3eec9507
2021-10-12 11:08:06+00:00,mne-qt-browser,marsipu,author,b9c401a23f0962f14668608b4eefb9eb3eec9507
2021-10-12 13:46:29+00:00,mne-qt-browser,marsipu,committer,75c0a98d1a8d22d6e5cccbabac24babf1a09400d
2021-10-12 13:46:29+00:00,mne-qt-browser,marsipu,author,75c0a98d1a8d22d6e5cccbabac24babf1a09400d
2021-10-12 14:06:38+00:00,mne-qt-browser,marsipu,committer,8fcfc59fc40a6ffed3636a4d0baba69015b77a7e
2021-10-12 14:06:38+00:00,mne-qt-browser,marsipu,author,8fcfc59fc40a6ffed3636a4d0baba69015b77a7e
2021-10-12 14:19:24+00:00,mne-qt-browser,marsipu,committer,fd7b2b68c730143b28f8707b49a83fe479cc97d4
2021-10-12 14:19:24+00:00,mne-qt-browser,marsipu,author,fd7b2b68c730143b28f8707b49a83fe479cc97d4
2021-10-12 14:27:09+00:00,mne-qt-browser,marsipu,committer,c1473e0922e838941d4e92fa8b1ddc6109abd734
2021-10-12 14:27:09+00:00,mne-qt-browser,marsipu,author,c1473e0922e838941d4e92fa8b1ddc6109abd734
2021-10-12 14:56:00+00:00,mne-qt-browser,marsipu,committer,8909ba504924e0d2d1aa5245bcb455ba75268157
2021-10-12 14:56:00+00:00,mne-qt-browser,marsipu,author,8909ba504924e0d2d1aa5245bcb455ba75268157
2021-10-12 15:01:18+00:00,mne-qt-browser,marsipu,author,c59bfd287385d753cfc6b7f1ffae5ec142ab0f28
2021-10-12 15:01:18+00:00,mne-qt-browser,marsipu,committer,c59bfd287385d753cfc6b7f1ffae5ec142ab0f28
2021-10-12 15:02:15+00:00,mne-qt-browser,marsipu,committer,fa7fb7197a1eeffd71842b9bb0705facb129f259
2021-10-12 15:02:15+00:00,mne-qt-browser,marsipu,author,fa7fb7197a1eeffd71842b9bb0705facb129f259
2021-10-12 18:52:51+00:00,mne-python,adam2392,author,040a40509ec600e83d572d6bc03a209a05a72a07
2021-10-13 13:55:25+00:00,mne-qt-browser,marsipu,committer,e61212282286aa39beaaf491b63201fb53b22a04
2021-10-13 13:55:25+00:00,mne-qt-browser,marsipu,author,e61212282286aa39beaaf491b63201fb53b22a04
2021-10-13 15:08:23+00:00,mne-qt-browser,marsipu,committer,2c4a08723f6f3ef71e03daff60de824ae4e47397
2021-10-13 15:08:23+00:00,mne-qt-browser,marsipu,author,2c4a08723f6f3ef71e03daff60de824ae4e47397
2021-10-13 15:17:06+00:00,mne-qt-browser,marsipu,author,6eac923fa1a849adebcbc3d135b9e40116bdc6ef
2021-10-13 15:17:06+00:00,mne-qt-browser,marsipu,committer,6eac923fa1a849adebcbc3d135b9e40116bdc6ef
2021-10-15 20:22:23+00:00,mne-qt-browser,marsipu,author,bc15998c3b841cc8d7ac676ae0ce3a52ac642641
2021-10-15 20:22:23+00:00,mne-qt-browser,marsipu,committer,bc15998c3b841cc8d7ac676ae0ce3a52ac642641
2021-10-15 20:34:18+00:00,mne-qt-browser,marsipu,author,d26ddc0bd2132f195fc5e29ef4a24bcee149630f
2021-10-15 20:34:18+00:00,mne-qt-browser,marsipu,committer,d26ddc0bd2132f195fc5e29ef4a24bcee149630f
2021-10-15 20:40:30+00:00,mne-qt-browser,marsipu,author,9939cbfb2c8c8e419daaa307ebc7d5babbc45341
2021-10-15 20:40:30+00:00,mne-qt-browser,marsipu,committer,9939cbfb2c8c8e419daaa307ebc7d5babbc45341
2021-10-15 21:02:24+00:00,mne-qt-browser,marsipu,committer,8cfb1d5943004c00f2eda47e4f5ee967b2891096
2021-10-15 21:02:24+00:00,mne-qt-browser,marsipu,author,8cfb1d5943004c00f2eda47e4f5ee967b2891096
2021-10-21 17:27:32+00:00,mne-python,adam2392,author,d973a1fa714534eab6e553f8073ceb9abce35fae
2021-10-26 00:29:28+00:00,mne-qt-browser,marsipu,committer,7725cc617936bd415c99d9d9602fec051d3108e0
2021-10-26 00:29:28+00:00,mne-qt-browser,marsipu,author,7725cc617936bd415c99d9d9602fec051d3108e0
2021-10-26 23:57:50+00:00,mne-connectivity,adam2392,author,837316781e3e867fc3a816f1ea08fa545eebb79d
2021-10-28 12:31:10+00:00,mne-python,alexrockhill,author,f6b1ba7a52a0907e1f04782e055409a2d12c330a
2021-10-28 17:50:42+00:00,mne-connectivity,adam2392,author,48c03747cbce2c623d1530c585de24209b724ab6
2021-10-28 23:06:09+00:00,mne-qt-browser,marsipu,committer,f26018a41c105833dae928431f174be191ce035b
2021-10-28 23:06:09+00:00,mne-qt-browser,marsipu,author,f26018a41c105833dae928431f174be191ce035b
2021-10-29 01:08:46+00:00,mne-qt-browser,marsipu,committer,5d3288e2dea8ff3dd225bc483d33279b13b18e8b
2021-10-29 01:08:46+00:00,mne-qt-browser,marsipu,author,5d3288e2dea8ff3dd225bc483d33279b13b18e8b
2021-10-29 01:21:21+00:00,mne-qt-browser,marsipu,author,2c4806efbafc6eb7a59f17968f4b389db07ad061
2021-10-29 01:21:21+00:00,mne-qt-browser,marsipu,committer,2c4806efbafc6eb7a59f17968f4b389db07ad061
2021-10-31 15:45:05+00:00,mne-qt-browser,marsipu,author,ffd5315af197c521f7fa49e40bfd03e11bb9c442
2021-10-31 15:45:05+00:00,mne-qt-browser,marsipu,committer,ffd5315af197c521f7fa49e40bfd03e11bb9c442
2021-10-31 15:49:28+00:00,mne-qt-browser,marsipu,committer,10b78434d4f36ec42a16e81d48c70f03f5d45ec8
2021-10-31 15:49:28+00:00,mne-qt-browser,marsipu,author,10b78434d4f36ec42a16e81d48c70f03f5d45ec8
2021-10-31 18:27:16+00:00,mne-qt-browser,marsipu,committer,4b3a8b738873f60c50cbcea79f8d29c6371b126a
2021-10-31 18:27:16+00:00,mne-qt-browser,marsipu,author,4b3a8b738873f60c50cbcea79f8d29c6371b126a
2021-10-31 18:29:14+00:00,mne-qt-browser,marsipu,committer,b066e20584c9292064f44ed2cfa84ba3367b6c8f
2021-10-31 18:29:14+00:00,mne-qt-browser,marsipu,author,b066e20584c9292064f44ed2cfa84ba3367b6c8f
2021-10-31 18:43:12+00:00,mne-qt-browser,marsipu,author,b48e0bd4572ac269788c10a00cc58b6ffa6d3941
2021-10-31 18:43:12+00:00,mne-qt-browser,marsipu,committer,b48e0bd4572ac269788c10a00cc58b6ffa6d3941
2021-10-31 19:14:44+00:00,mne-qt-browser,marsipu,author,31b51bdb5724805127d22f91950a5cf23448fd21
2021-10-31 19:14:44+00:00,mne-qt-browser,marsipu,committer,31b51bdb5724805127d22f91950a5cf23448fd21
2021-10-31 19:22:48+00:00,mne-qt-browser,marsipu,author,cef86ae544ca2d454da425aa75f2c0c27cd18177
2021-10-31 19:22:48+00:00,mne-qt-browser,marsipu,committer,cef86ae544ca2d454da425aa75f2c0c27cd18177
2021-10-31 19:29:24+00:00,mne-qt-browser,marsipu,author,079c505f6040d79166fceee1e0fc5b2ab867e24e
2021-10-31 19:29:24+00:00,mne-qt-browser,marsipu,committer,079c505f6040d79166fceee1e0fc5b2ab867e24e
2021-10-31 20:22:27+00:00,mne-qt-browser,marsipu,committer,d3f1fa1ce49c4e77fdf8b5cd5d7a31a43b11ca2a
2021-10-31 20:22:27+00:00,mne-qt-browser,marsipu,author,d3f1fa1ce49c4e77fdf8b5cd5d7a31a43b11ca2a
2021-10-31 20:31:45+00:00,mne-qt-browser,marsipu,committer,f1a498031ba5924466efa7bf65abb246609225b5
2021-10-31 20:31:45+00:00,mne-qt-browser,marsipu,author,f1a498031ba5924466efa7bf65abb246609225b5
2021-11-01 00:28:16+00:00,mne-qt-browser,marsipu,author,d005989ee609e10a4f143c2f85f76e5669c5c201
2021-11-01 00:28:16+00:00,mne-qt-browser,marsipu,committer,d005989ee609e10a4f143c2f85f76e5669c5c201
2021-11-01 00:35:54+00:00,mne-qt-browser,marsipu,committer,d1e37237aac45f70a80fa4afe2cbb85e5f402b3a
2021-11-01 00:35:54+00:00,mne-qt-browser,marsipu,author,d1e37237aac45f70a80fa4afe2cbb85e5f402b3a
2021-11-01 14:02:54+00:00,mne-qt-browser,marsipu,committer,e6cf11d2fed655851994bcf31561af46e9068b8e
2021-11-01 14:02:54+00:00,mne-qt-browser,marsipu,author,e6cf11d2fed655851994bcf31561af46e9068b8e
2021-11-01 14:29:05+00:00,mne-qt-browser,marsipu,committer,c93297ea9f748f52e37fea4e27aad91f2a848570
2021-11-01 14:29:05+00:00,mne-qt-browser,marsipu,author,c93297ea9f748f52e37fea4e27aad91f2a848570
2021-11-01 15:10:55+00:00,mne-qt-browser,marsipu,committer,6295813568106f6e16791e93a2ab2a007c3654b0
2021-11-01 15:10:55+00:00,mne-qt-browser,marsipu,author,6295813568106f6e16791e93a2ab2a007c3654b0
2021-11-01 19:18:57+00:00,mne-qt-browser,marsipu,committer,244599bd0fb34a050e1561d15c74df67a691a1a7
2021-11-01 19:18:57+00:00,mne-qt-browser,marsipu,author,244599bd0fb34a050e1561d15c74df67a691a1a7
2021-11-01 19:20:26+00:00,mne-qt-browser,marsipu,committer,d48e13bd309d08f6a26e7333c1dd2c819d8c601e
2021-11-01 19:20:26+00:00,mne-qt-browser,marsipu,author,d48e13bd309d08f6a26e7333c1dd2c819d8c601e
2021-11-01 19:28:41+00:00,mne-qt-browser,marsipu,author,4639972c3922da4424f4c9d895d2b68f18b0fffa
2021-11-01 19:28:41+00:00,mne-qt-browser,marsipu,committer,4639972c3922da4424f4c9d895d2b68f18b0fffa
2021-11-01 19:59:37+00:00,mne-qt-browser,marsipu,committer,570850c8f9e3f56c2ae539fa3836927d1d4c88db
2021-11-01 19:59:37+00:00,mne-qt-browser,marsipu,author,570850c8f9e3f56c2ae539fa3836927d1d4c88db
2021-11-01 20:02:12+00:00,mne-python,alexrockhill,author,bf945f19d221a4955b59758fdb9777d35315c042
2021-11-01 20:03:35+00:00,mne-qt-browser,marsipu,committer,90b07ed6e6e89866f6ae48c898f2ff865e2947c3
2021-11-01 20:03:35+00:00,mne-qt-browser,marsipu,author,90b07ed6e6e89866f6ae48c898f2ff865e2947c3
2021-11-01 20:04:36+00:00,mne-qt-browser,marsipu,committer,003311b9ff0255ebb7a0aee7092f997081e9dc9c
2021-11-01 20:04:36+00:00,mne-qt-browser,marsipu,author,003311b9ff0255ebb7a0aee7092f997081e9dc9c
2021-11-01 20:09:15+00:00,mne-qt-browser,marsipu,committer,d2437b345d07c7fc1ceef95ffa1b3c7456a4b88b
2021-11-01 20:09:15+00:00,mne-qt-browser,marsipu,author,d2437b345d07c7fc1ceef95ffa1b3c7456a4b88b
2021-11-01 20:58:00+00:00,mne-qt-browser,marsipu,committer,1c7b4c3bd626538f63a25a50bd9d0693996f8bf6
2021-11-01 20:58:00+00:00,mne-qt-browser,marsipu,author,1c7b4c3bd626538f63a25a50bd9d0693996f8bf6
2021-11-01 20:58:21+00:00,mne-qt-browser,marsipu,author,747cc060cbcd0153e624bd7eda0edb88dbb61fea
2021-11-01 20:58:21+00:00,mne-qt-browser,marsipu,committer,747cc060cbcd0153e624bd7eda0edb88dbb61fea
2021-11-02 12:33:51+00:00,mne-qt-browser,marsipu,committer,5087ae6ac08967c764ecca18942bb5d76bcccaa7
2021-11-02 12:33:51+00:00,mne-qt-browser,marsipu,author,5087ae6ac08967c764ecca18942bb5d76bcccaa7
2021-11-02 14:41:42+00:00,mne-python,alexrockhill,author,27de73142d5f35c019fe962e6a0d6c90eb677ac5
2021-11-02 15:30:27+00:00,mne-qt-browser,marsipu,committer,431ae0edf614802a754da4970df5918a25ee33ae
2021-11-02 15:37:18+00:00,mne-qt-browser,marsipu,committer,2c6022aa1560de4d988e0942795af99d640eedbc
2021-11-02 15:37:18+00:00,mne-qt-browser,marsipu,author,2c6022aa1560de4d988e0942795af99d640eedbc
2021-11-02 15:57:16+00:00,mne-qt-browser,marsipu,committer,e0a38b25ae7c6e2bcfe2fc10c0cbb06e77a20f49
2021-11-02 15:57:16+00:00,mne-qt-browser,marsipu,author,e0a38b25ae7c6e2bcfe2fc10c0cbb06e77a20f49
2021-11-02 16:46:07+00:00,mne-qt-browser,marsipu,author,84a6a3bc14d828a7e679eade6ea842251e7a3198
2021-11-02 16:46:07+00:00,mne-qt-browser,marsipu,committer,84a6a3bc14d828a7e679eade6ea842251e7a3198
2021-11-02 16:49:15+00:00,mne-qt-browser,marsipu,author,b5949bddccd2f9b47c364b7dae007537dbcd20d8
2021-11-02 16:49:15+00:00,mne-qt-browser,marsipu,committer,b5949bddccd2f9b47c364b7dae007537dbcd20d8
2021-11-03 03:27:15+00:00,mne-python,marsipu,author,5bafe5287dd27ef6e07a64609615326110536578
2021-11-04 19:35:58+00:00,mne-python,adam2392,author,4d1510388a66b2d8fffa0992e12bb8611aa09a9e
2021-11-05 13:36:37+00:00,mne-python,alexrockhill,author,c2ee7ae2d50f4de4558f305f53d1bbc7b64a6193
2021-11-05 14:15:42+00:00,mne-python,alexrockhill,author,c2aaaa8aad83d62ee36b7030bca56d50315020e4
2021-11-08 21:44:09+00:00,mne-python,alexrockhill,author,4c7fa46e20c071968ef305195738d414925d3442
2021-11-08 22:43:54+00:00,mne-qt-browser,marsipu,author,e5b30ca21d9129944fd5f4471d03b1b97af263d8
2021-11-09 12:56:55+00:00,mne-python,alexrockhill,author,84dd3ff13cf9fad9212456cdb9066ff6e4122142
2021-11-09 12:57:44+00:00,mne-python,alexrockhill,author,a8522d213cf4b54ef682f2a874065bf62af65fdb
2021-11-10 17:17:04+00:00,mne-bids,adam2392,author,893f9be2e277f1fa52c685f9dede8dcc469c4684
2021-11-10 17:21:29+00:00,mne-python,alexrockhill,author,faf4569ff3d26e79cc439727254460c6bae3aae1
2021-11-11 17:44:59+00:00,mne-python,alexrockhill,author,e44caebb8f50127af268ba152b183267be9a4483
2021-11-12 20:33:35+00:00,mne-qt-browser,marsipu,author,04a93cbc0329055e57aa562e07855606c67deab7
2021-11-15 17:36:38+00:00,mne-python,marsipu,author,a50535b709d02acad0d48b9ac4bc701dc5659022
2021-11-17 11:22:46+00:00,mne-bids,adam2392,author,72ce6f137a380bde433b8e9d9dede0c16e77f36d
2021-11-18 17:00:26+00:00,mne-qt-browser,marsipu,author,2a8168ea94cfe1cc0fc08971174133cf719714cd
2021-11-19 17:17:49+00:00,mne-bids,adam2392,author,76d99c37203a659f987c6630307dc9cfb113b454
2021-11-23 16:14:25+00:00,mne-python,alexrockhill,author,4cab7e96262c44101b9d87c3d91a56010054cc83
2021-11-24 21:37:59+00:00,mne-python,alexrockhill,author,57b9de61c1ba0386654cec0d95145ea35f40ca31
2021-11-30 02:32:59+00:00,mne-qt-browser,marsipu,author,06e586a44fc7934b14ad7c0cde89f527bafbd879
2021-11-30 20:26:28+00:00,mne-python,marsipu,author,327777cd77b7ff41d26ebcc334161bbb07bc5db3
2021-11-30 22:41:34+00:00,mne-qt-browser,marsipu,author,eeb598953fc8d6cef5429270810887ffa582ab60
2021-11-30 22:41:59+00:00,mne-qt-browser,marsipu,author,6749d51e834bee998e15df6850b4f15f5f4f1eed
2021-12-02 00:50:13+00:00,mne-qt-browser,marsipu,author,fdba09a61817c32aa95112b8c3ee66f667f44989
2021-12-02 00:50:13+00:00,mne-qt-browser,marsipu,committer,fdba09a61817c32aa95112b8c3ee66f667f44989
2021-12-02 00:55:23+00:00,mne-qt-browser,marsipu,author,ab5529e98710e08ee08ccff81f87b60a472c9e67
2021-12-02 00:55:23+00:00,mne-qt-browser,marsipu,committer,ab5529e98710e08ee08ccff81f87b60a472c9e67
2021-12-08 17:45:33+00:00,mne-python,adam2392,author,b7daa3603d75062f713c84707da3a940c7de7266
2021-12-14 00:00:11+00:00,mne-connectivity,adam2392,co-author,9737e03d0eb0573b2c50e666e1280b5d6706a0a3
2021-12-17 15:30:15+00:00,mne-python,adam2392,author,8d24f39220d6b2080f4837ccb9a37e2e37035e35
2021-12-17 15:30:15+00:00,mne-python,adam2392,co-author,8d24f39220d6b2080f4837ccb9a37e2e37035e35
2021-12-18 11:51:51+00:00,mne-bids,adam2392,author,8a29504b65b2840663e21ac70e5cc3cc632df0e1
2021-12-20 18:55:41+00:00,mne-python,alexrockhill,author,523576f6bd805dfbf3e882933d779c5a2fd6d740
2021-12-20 19:11:08+00:00,mne-qt-browser,marsipu,author,8d489f5fd03b81a33c87b6d0230434fd01de3ab0
2021-12-20 22:45:58+00:00,mne-python,alexrockhill,author,dfe7f7e950109f9ee7346fe8bd77d7de18c8c726
2021-12-21 03:09:18+00:00,mne-python,adam2392,author,fecf5411d28f47dcb4ff379976a1b4813edc45a9
2021-12-21 21:53:51+00:00,mne-icalabel,adam2392,committer,c35fdea581399c734b771304c9587767a190138a
2021-12-21 21:53:51+00:00,mne-icalabel,adam2392,author,c35fdea581399c734b771304c9587767a190138a
2021-12-21 21:58:18+00:00,mne-icalabel,adam2392,committer,37859577581e2be94f882dae2bb7ddbdd240ec82
2021-12-21 21:58:18+00:00,mne-icalabel,adam2392,author,37859577581e2be94f882dae2bb7ddbdd240ec82
2022-01-03 18:03:13+00:00,mne-connectivity,adam2392,author,d8ed70974656993bead9e6494b747f05b72618b2
2022-01-05 07:40:42+00:00,mne-python,alexrockhill,author,38d63e33bc1b0e51394ce800123b42853e3a0c20
2022-01-06 16:06:54+00:00,mne-connectivity,adam2392,author,4519e8f3357ff21131920f2ecb593959f76bc921
2022-01-07 01:07:00+00:00,mne-connectivity,adam2392,author,12bfac0afffdb5d20707e8aa173ac634ff38e02a
2022-01-08 12:29:44+00:00,mne-python,alexrockhill,author,dfe32b078b4c6deb16101db36ca452074d2d11e9
2022-01-10 10:19:06+00:00,mne-python,eort,author,1dc380aabb8d4d8869aea0192c3beabeb9fc141c
2022-01-12 19:02:23+00:00,mne-python,adam2392,author,2791ba472a7a3cec6135b70441288384842bf6ff
2022-01-13 17:57:53+00:00,mne-connectivity,adam2392,author,3c1c42b11286cfc121ff208f4e0580bb2dde528b
2022-01-15 13:37:08+00:00,mne-python,alexrockhill,author,e923880fdfa021b9d1b487206db0826e4b88b800
2022-01-19 16:20:33+00:00,mne-python,alexrockhill,author,43e7ab99ccc7d7e006af81804147b57abf882b7e
2022-01-20 15:09:32+00:00,mne-python,alexrockhill,author,037ebe20a4aa300eb3cb7b9d7828bdae9c1fa954
2022-01-21 15:13:48+00:00,mne-icalabel,adam2392,author,f60c06310ef0cb7cc81e330970e8596b85e89fde
2022-01-21 15:13:48+00:00,mne-icalabel,adam2392,committer,f60c06310ef0cb7cc81e330970e8596b85e89fde
2022-01-29 13:46:25+00:00,mne-qt-browser,marsipu,author,87b398fcda422da8ffcbcd5b4fd7db596ca8ded3
2022-01-29 15:51:44+00:00,mne-python,marsipu,author,69e2ce6016f49c915ac37f4adf57db347d4d14f2
2022-01-31 15:17:38+00:00,mne-python,eort,author,4e8ae75d51d8fb4b9a20744c65f4f0eaa4eb7a82
2022-01-31 23:16:48+00:00,mne-icalabel,adam2392,committer,e7bea047e39936e73b017bcea5c45092ad6bcf3b
2022-01-31 23:16:48+00:00,mne-icalabel,adam2392,author,e7bea047e39936e73b017bcea5c45092ad6bcf3b
2022-01-31 23:21:02+00:00,mne-icalabel,adam2392,committer,23652d6cc84e58fa2f8a2b6053577c9748c65804
2022-01-31 23:21:02+00:00,mne-icalabel,adam2392,author,23652d6cc84e58fa2f8a2b6053577c9748c65804
2022-02-09 00:37:20+00:00,mne-python,alexrockhill,author,c3e812ba3840a336f4da6c26236e1b4487f6c02e
2022-02-09 00:47:23+00:00,mne-python,alexrockhill,author,58e17f29b4daf65d013fcf90f6746b565160a016
2022-02-11 20:26:43+00:00,mne-qt-browser,marsipu,author,92d8adb05983a6edf18bc4ea9363e2e722563c25
2022-02-11 21:01:10+00:00,mne-qt-browser,marsipu,author,485b71fbf868b1063a9f8ae86e57e0e849c598c9
2022-02-11 21:04:28+00:00,mne-qt-browser,marsipu,author,70497c2726716e46d1a8046aa7dac2b99e3c61a9
2022-02-11 22:02:36+00:00,mne-qt-browser,marsipu,author,364c3aec3eb1a8b76710b850aa77a97ff630ad91
2022-02-13 06:17:13+00:00,mne-qt-browser,marsipu,author,d7a5be39f69cbcb764e6788c9c47ab136ff22c99
2022-02-13 06:20:24+00:00,mne-qt-browser,marsipu,author,cb3cdf40ed60224011a4ad02ce1684d25917ce83
2022-02-13 06:27:43+00:00,mne-qt-browser,marsipu,author,b0d4a162366fbe1e44535582886bfdaaa6d87537
2022-02-13 11:00:05+00:00,mne-qt-browser,marsipu,author,ab104660e28f1bcc1c1212d484900a7dc2245daa
2022-02-13 11:02:04+00:00,mne-qt-browser,marsipu,author,28030b37e444cef3b54e7bdb8ec448b449a219c5
2022-02-13 22:24:53+00:00,mne-python,marsipu,author,3677baf21a6d8a82d64eb9683b980c9d16907ad0
2022-02-14 02:42:20+00:00,mne-python,marsipu,author,2075f84592a77a40213706ec54f4965aca60afd2
2022-02-14 08:15:58+00:00,mne-qt-browser,marsipu,author,3e2bf12e11a0e56982c69c22f9da6fa710afc8c0
2022-02-14 17:49:48+00:00,mne-python,alexrockhill,author,32084513d547657029ce4a77b8db79d2a2a24b70
2022-02-15 19:08:13+00:00,mne-python,marsipu,author,9315ed6e77157b9536452bafc738ac97065f9ca1
2022-02-15 20:25:40+00:00,mne-connectivity,adam2392,author,d62301aace1dae46515f21cb84e807c37c1344be
2022-02-15 20:28:17+00:00,mne-connectivity,adam2392,committer,821e3fdce2b178bd91daf1b663a6a8535464e14d
2022-02-15 20:28:17+00:00,mne-connectivity,adam2392,author,821e3fdce2b178bd91daf1b663a6a8535464e14d
2022-02-16 13:38:42+00:00,mne-qt-browser,marsipu,author,f0e04c1ba34b8af851206c7cdebeb7b2794bdeb2
2022-02-16 14:08:52+00:00,mne-qt-browser,marsipu,author,14a3e507919047401d7b97a37da860287f72faa3
2022-02-16 14:09:51+00:00,mne-qt-browser,marsipu,author,66d67a3faaa8a406e56f5821fda3904653b085ca
2022-02-17 00:16:33+00:00,mne-qt-browser,marsipu,author,f5fa1b450507ca8b8c897767f947a28ae6c8bf74
2022-02-17 11:56:15+00:00,mne-qt-browser,marsipu,author,aef6bee7df172145e0ffbaa94d4e39cfd9a115d3
2022-02-17 16:26:13+00:00,mne-qt-browser,marsipu,author,4c7c10cc99cf5efb8ba7af7a537034d8670e8fed
2022-02-17 22:06:43+00:00,mne-qt-browser,marsipu,author,66f509f0de273b2bc350ff900485baac21766681
2022-02-18 08:53:49+00:00,mne-qt-browser,marsipu,author,71cceb2955aac9fcf9264e6086c430f9fe9cd786
2022-02-18 09:02:21+00:00,mne-qt-browser,marsipu,author,f98ad8c3611838b0cd795efae8914620a9353289
2022-02-18 09:07:15+00:00,mne-qt-browser,marsipu,author,a1c05ebaccbafc43a2b9a8936adbc032208fd728
2022-02-18 09:11:02+00:00,mne-qt-browser,marsipu,author,35fa67aa8038fa8d218472e874ce1acd773d0ef0
2022-02-18 09:11:41+00:00,mne-qt-browser,marsipu,author,7e294dcba12708883b57333b9ba9ca9d82831289
2022-02-18 09:25:20+00:00,mne-qt-browser,marsipu,author,09621da3f7131c8444ddd1e4f0e2fb5666a83c7f
2022-02-19 05:04:03+00:00,mne-icalabel,adam2392,author,037bb4c069dd6aa36461526dff6d8ca333e84e9c
2022-02-19 05:04:03+00:00,mne-icalabel,adam2392,committer,037bb4c069dd6aa36461526dff6d8ca333e84e9c
2022-02-19 05:11:04+00:00,mne-icalabel,adam2392,committer,24da6dbe8afa6176e5aa5858ee6522523443ae03
2022-02-19 05:11:04+00:00,mne-icalabel,adam2392,author,24da6dbe8afa6176e5aa5858ee6522523443ae03
2022-02-19 05:11:46+00:00,mne-icalabel,adam2392,committer,363b60a2b2889c2237a0dca2beda8c8a08b536d4
2022-02-19 05:11:46+00:00,mne-icalabel,adam2392,author,363b60a2b2889c2237a0dca2beda8c8a08b536d4
2022-02-21 23:45:07+00:00,mne-python,alexrockhill,author,4bbc11e09844dca7211994a217b30dcbf889146f
2022-02-21 23:45:51+00:00,mne-python,marsipu,author,082c8ad100343fda87bde4246c03d559832e2d26
2022-02-22 15:16:44+00:00,mne-python,alexrockhill,author,4cca31d0c84391531fb60b87d33d98a3af0022e7
2022-02-22 15:44:39+00:00,mne-python,alexrockhill,author,4a24000b81373badd378b78b9e930c32ac2c2acf
2022-02-22 20:43:31+00:00,mne-python,alexrockhill,author,3c3c87670976714a05265d806b0e1834ea875585
2022-02-23 14:24:56+00:00,mne-python,alexrockhill,author,f1c7fc696ea3b8fa48bdee8f89d949766975907e
2022-02-25 17:00:40+00:00,mne-python,alexrockhill,author,373f63591de506c6f173e8598fb1c20dbbe85539
2022-02-26 17:34:55+00:00,mne-qt-browser,marsipu,author,fa9326cfe0dcae0de1ff4e200a6c2a20df963fef
2022-02-26 17:38:04+00:00,mne-qt-browser,marsipu,author,7c38233cc918cf392c147bff5569874595d2c680
2022-02-28 16:10:23+00:00,mne-python,alexrockhill,author,6608b720b214529732542cb2aac11b401770eddf
2022-03-01 10:17:06+00:00,mne-qt-browser,marsipu,author,69b5ce662a7fa5db0633641f28797040fbd61c01
2022-03-01 10:20:07+00:00,mne-qt-browser,marsipu,author,72e78b3fc665cc4944cfd9b7e81d6438143267f2
2022-03-01 16:30:40+00:00,mne-python,alexrockhill,author,7a1e900ad1db8a271142c32a8d7e5dd8d0e38ca7
2022-03-01 20:49:10+00:00,mne-connectivity,adam2392,author,cf74401a2ff3326fa55f3d63e999c1edbd9bb2d8
2022-03-01 20:59:30+00:00,mne-connectivity,adam2392,author,090b6472b66152d4cb456a7ca4cb10b13909d2de
2022-03-01 20:59:30+00:00,mne-connectivity,adam2392,committer,090b6472b66152d4cb456a7ca4cb10b13909d2de
2022-03-02 17:14:16+00:00,mne-connectivity,adam2392,author,c0a87415245ee0ef715f907ff453482851d2c79e
2022-03-02 17:14:16+00:00,mne-connectivity,adam2392,committer,c0a87415245ee0ef715f907ff453482851d2c79e
2022-03-02 21:56:25+00:00,mne-python,alexrockhill,author,31a83063557fbd54d898f00f9527ffc547888395
2022-03-03 18:56:09+00:00,mne-python,alexrockhill,author,b2e3005f1a2ec31d57027eef0ef434c70c2633d1
2022-03-04 19:37:30+00:00,mne-bids,alexrockhill,author,b26f062a4e1c68fc83ec69df44cd345841a5aed1
2022-03-06 19:25:38+00:00,mne-qt-browser,marsipu,author,7d06a5cb73be396ef9eb35ed24ee5ae4751fc6c8
2022-03-06 19:27:45+00:00,mne-qt-browser,marsipu,author,c0a7d32259c13097dbd0f2553725ba7049c83b3e
2022-03-07 08:38:07+00:00,mne-bids,alexrockhill,author,66a568fe042c062949b4105ed0970ff2acf11715
2022-03-07 19:05:52+00:00,mne-bids,alexrockhill,author,33cbe6768c15c5844be758588958cb987fbe36d5
2022-03-07 19:05:52+00:00,mne-bids,adam2392,co-author,33cbe6768c15c5844be758588958cb987fbe36d5
2022-03-07 19:05:52+00:00,mne-bids,adam2392,co-author,33cbe6768c15c5844be758588958cb987fbe36d5
2022-03-08 08:21:13+00:00,mne-bids,alexrockhill,author,5798e4903f69bd1d7273a4d7ce4e7e8f11c8e07e
2022-03-08 19:41:43+00:00,mne-connectivity,adam2392,committer,5f36fa61c29e40411029485cf8abfcd3c5322591
2022-03-08 19:41:43+00:00,mne-connectivity,adam2392,author,5f36fa61c29e40411029485cf8abfcd3c5322591
2022-03-09 18:45:07+00:00,mne-bids,alexrockhill,author,78e8de84812f269fc643d54233137619985d499c
2022-03-10 16:10:31+00:00,mne-python,scott-huberty,author,bdd8a3f963963f7ccf54bd3a286748bf3dcb88ff
2022-03-11 21:17:01+00:00,mne-python,alexrockhill,author,400de94d556e9ec6c6f6308024a6e3417e54ba9a
2022-03-12 23:39:21+00:00,mne-bids,alexrockhill,author,f45fe2e231c5b4db630fee5e102886eb65cba75f
2022-03-16 22:16:20+00:00,mne-python,alexrockhill,author,a6d407da0b263ee098357c15daf0040c463bab98
2022-03-17 16:45:58+00:00,mne-connectivity,alexrockhill,author,950dc3e8f6611f1c3be52fc4839b2338cfa88fc4
2022-03-17 17:21:32+00:00,mne-python,alexrockhill,author,f3fc6e4093cefb70488e705e9b3cb41d0cdf8e59
2022-03-17 17:35:02+00:00,mne-connectivity,alexrockhill,author,a2866da99fa60895c799508442d9ca44ea9feb21
2022-03-17 18:02:57+00:00,mne-connectivity,alexrockhill,author,b53624f84248081296ed4bad69e37519e88c24da
2022-03-17 18:10:55+00:00,mne-connectivity,alexrockhill,author,a9b46ed1a3b686e8d94fa71509eb745d3e7c0f50
2022-03-17 18:24:02+00:00,mne-connectivity,alexrockhill,committer,950dc3e8f6611f1c3be52fc4839b2338cfa88fc4
2022-03-17 18:25:32+00:00,mne-connectivity,alexrockhill,committer,a2866da99fa60895c799508442d9ca44ea9feb21
2022-03-17 18:25:37+00:00,mne-connectivity,alexrockhill,committer,b53624f84248081296ed4bad69e37519e88c24da
2022-03-17 18:30:56+00:00,mne-connectivity,alexrockhill,committer,55d5fb2c6fbd8781c225ae2d947f0f2570c93766
2022-03-17 18:30:56+00:00,mne-connectivity,alexrockhill,author,55d5fb2c6fbd8781c225ae2d947f0f2570c93766
2022-03-17 18:41:15+00:00,mne-connectivity,alexrockhill,committer,4241a1b49c952214950e4816e56c4d0532a2a334
2022-03-17 18:41:15+00:00,mne-connectivity,alexrockhill,author,4241a1b49c952214950e4816e56c4d0532a2a334
2022-03-17 20:13:01+00:00,mne-connectivity,alexrockhill,author,1fe2228aad68bbb3b9621cdcdb005368f5b9ab8c
2022-03-17 20:13:01+00:00,mne-connectivity,alexrockhill,committer,1fe2228aad68bbb3b9621cdcdb005368f5b9ab8c
2022-03-17 20:26:04+00:00,mne-connectivity,alexrockhill,author,6ae0fc37abe9d2703faf7c61501cdccae6b57c42
2022-03-17 20:26:04+00:00,mne-connectivity,alexrockhill,committer,6ae0fc37abe9d2703faf7c61501cdccae6b57c42
2022-03-17 20:31:32+00:00,mne-connectivity,alexrockhill,author,73975fd1b535cf52ccb33b19cb5b77e4c8ffd625
2022-03-17 20:31:32+00:00,mne-connectivity,alexrockhill,committer,73975fd1b535cf52ccb33b19cb5b77e4c8ffd625
2022-03-17 20:33:05+00:00,mne-connectivity,alexrockhill,author,ccac6c168030ce29c7486272b57d1fa5829f4471
2022-03-17 20:33:05+00:00,mne-connectivity,alexrockhill,committer,ccac6c168030ce29c7486272b57d1fa5829f4471
2022-03-17 21:22:16+00:00,mne-python,alexrockhill,author,6faab5f33e66d9fc68b1990ccc4c45cc676dd84a
2022-03-22 07:28:39+00:00,mne-bids,alexrockhill,author,71130fcbda82d5ee8fec7f0756dcdf5f6776dc1e
2022-03-29 16:11:35+00:00,mne-connectivity,adam2392,author,58f33c0abc0441315b8bc6b394c432a62c1da692
2022-03-30 18:03:04+00:00,mne-qt-browser,marsipu,author,594bbbf9c4feee5dfeadad3396ff0320798ecdcc
2022-03-30 18:07:24+00:00,mne-qt-browser,marsipu,author,2bde5ed02b193b4287d37f3f8a8f2a1e6e8eba6e
2022-03-30 18:24:06+00:00,mne-qt-browser,marsipu,author,e30ff94dfc0276c5baac7724ae53a138fe81f721
2022-03-30 21:13:29+00:00,mne-connectivity,adam2392,co-author,2d47ae7d281c2ff2fe17f2d55f2e3d7dd0d0a4c5
2022-03-30 21:13:29+00:00,mne-connectivity,adam2392,co-author,2d47ae7d281c2ff2fe17f2d55f2e3d7dd0d0a4c5
2022-03-30 21:13:29+00:00,mne-connectivity,adam2392,co-author,2d47ae7d281c2ff2fe17f2d55f2e3d7dd0d0a4c5
2022-03-31 19:52:27+00:00,mne-bids,alexrockhill,author,3a60cb8cd8878574c9a710b564dd198591d48890
2022-04-05 06:18:42+00:00,mne-python,alexrockhill,author,93dc7dc9022ed861ddb2afda73143efbbaf6bf4a
2022-04-06 17:52:18+00:00,mne-icalabel,adam2392,author,466e9520f7a2c6c238651ec83ae2fb6d178c9989
2022-04-06 17:52:18+00:00,mne-icalabel,adam2392,committer,466e9520f7a2c6c238651ec83ae2fb6d178c9989
2022-04-06 17:54:41+00:00,mne-icalabel,adam2392,author,d2b59d80cebca52da4b221754dac7f022b815273
2022-04-06 17:54:41+00:00,mne-icalabel,adam2392,committer,d2b59d80cebca52da4b221754dac7f022b815273
2022-04-06 17:57:31+00:00,mne-icalabel,adam2392,committer,f946ae341af4a0b4863804e329579d7f2d999e35
2022-04-06 17:57:31+00:00,mne-icalabel,adam2392,author,f946ae341af4a0b4863804e329579d7f2d999e35
2022-04-06 17:57:52+00:00,mne-icalabel,adam2392,committer,379be7e1a2305e82528c16c8b2063f74ae2f8017
2022-04-06 17:57:52+00:00,mne-icalabel,adam2392,author,379be7e1a2305e82528c16c8b2063f74ae2f8017
2022-04-06 19:56:32+00:00,mne-icalabel,adam2392,committer,d35fe07c6ce5d861b9c62dae59388e6f12f6a601
2022-04-06 19:56:32+00:00,mne-icalabel,adam2392,author,d35fe07c6ce5d861b9c62dae59388e6f12f6a601
2022-04-06 20:08:11+00:00,mne-icalabel,adam2392,author,c84a57f0f4c9fce9015bf4c3bb0e7c05dc2d14af
2022-04-06 20:08:11+00:00,mne-icalabel,adam2392,committer,c84a57f0f4c9fce9015bf4c3bb0e7c05dc2d14af
2022-04-06 20:08:56+00:00,mne-icalabel,adam2392,author,492e4b59f7263584d3f2b0f6fc57933396f70808
2022-04-06 20:08:56+00:00,mne-icalabel,adam2392,committer,492e4b59f7263584d3f2b0f6fc57933396f70808
2022-04-06 20:08:57+00:00,mne-icalabel,adam2392,committer,e8c5fa6119f350685cec4025f3288809e934515d
2022-04-06 20:08:57+00:00,mne-icalabel,adam2392,author,e8c5fa6119f350685cec4025f3288809e934515d
2022-04-06 20:25:40+00:00,mne-icalabel,adam2392,author,5b8c5186c2858c23bfa2e97c552ff25d8caa8989
2022-04-06 20:25:40+00:00,mne-icalabel,adam2392,committer,5b8c5186c2858c23bfa2e97c552ff25d8caa8989
2022-04-06 20:25:54+00:00,mne-icalabel,adam2392,committer,864d08b029499e26a8fb7595d3c5c5e11035f4b2
2022-04-06 20:25:54+00:00,mne-icalabel,adam2392,author,864d08b029499e26a8fb7595d3c5c5e11035f4b2
2022-04-06 20:38:42+00:00,mne-icalabel,adam2392,committer,0e2ed985ef04971e9285ab79a4bb2371e101bde2
2022-04-06 20:38:42+00:00,mne-icalabel,adam2392,author,0e2ed985ef04971e9285ab79a4bb2371e101bde2
2022-04-06 20:43:43+00:00,mne-icalabel,adam2392,author,7c38749398f36325d4af4f8ac7e5d9bce61f2d5f
2022-04-06 20:43:43+00:00,mne-icalabel,adam2392,committer,7c38749398f36325d4af4f8ac7e5d9bce61f2d5f
2022-04-06 20:52:26+00:00,mne-icalabel,adam2392,author,045d13ae68a7bb3aa3eee8fffb423f83c2f5e369
2022-04-06 20:53:28+00:00,mne-icalabel,adam2392,committer,12ce7e46ec08766f0d7c41e261745ad60608e708
2022-04-06 20:53:28+00:00,mne-icalabel,adam2392,author,12ce7e46ec08766f0d7c41e261745ad60608e708
2022-04-06 20:53:35+00:00,mne-icalabel,adam2392,author,a9620ad36f2cac240b7a7b7a1be418b7b08884ef
2022-04-06 20:53:35+00:00,mne-icalabel,adam2392,committer,a9620ad36f2cac240b7a7b7a1be418b7b08884ef
2022-04-06 20:54:57+00:00,mne-icalabel,adam2392,committer,487a84ea67908331dac0c0339ef4bb76088b2f82
2022-04-06 20:54:57+00:00,mne-icalabel,adam2392,author,487a84ea67908331dac0c0339ef4bb76088b2f82
2022-04-14 13:49:29+00:00,mne-python,alexrockhill,author,706dd3a36096e88a12b3bfb207e348c26fe8625c
2022-04-15 01:05:45+00:00,mne-icalabel,adam2392,author,ab77066ab6ed0cffb0a6a185f429a13d43ba23c1
2022-04-20 14:22:33+00:00,mne-icalabel,adam2392,author,6b9c6156960661e057e71be5b1bf2cca3d1ee721
2022-04-20 14:22:33+00:00,mne-icalabel,adam2392,committer,6b9c6156960661e057e71be5b1bf2cca3d1ee721
2022-04-20 17:41:20+00:00,mne-icalabel,adam2392,author,2588f1c658c632ef03f4cf569f3efc9965b7f9c1
2022-04-20 17:42:00+00:00,mne-icalabel,adam2392,committer,280028595ffc9611c16e8fe68c4ced2c1ee31dde
2022-04-20 17:42:00+00:00,mne-icalabel,adam2392,author,280028595ffc9611c16e8fe68c4ced2c1ee31dde
2022-04-20 17:56:55+00:00,mne-icalabel,adam2392,committer,86506691472fd9fe7d3a6bcc8097e99d607fbb10
2022-04-20 17:56:55+00:00,mne-icalabel,adam2392,author,86506691472fd9fe7d3a6bcc8097e99d607fbb10
2022-04-20 18:04:30+00:00,mne-icalabel,adam2392,committer,3697d67218c4cc7c7e43e0e39408e60bde2ff732
2022-04-20 18:04:30+00:00,mne-icalabel,adam2392,author,3697d67218c4cc7c7e43e0e39408e60bde2ff732
2022-04-20 18:33:14+00:00,mne-icalabel,adam2392,author,6bad7f17bea259248600264de437094203f57c51
2022-04-21 16:27:04+00:00,mne-python,alexrockhill,author,5adb55223e564575ac384dbc853d0daaa4e75d8e
2022-04-22 04:18:35+00:00,mne-python,alexrockhill,author,f523f24af64921cf3e49fee01f665ef36867e05a
2022-04-22 14:44:39+00:00,mne-python,alexrockhill,author,419b9e2d0825d4660b39200391ed1ad9b8e1b892
2022-04-23 12:18:46+00:00,mne-python,alexrockhill,author,aa4118655e70b57d99262aad70d4fe38ea6ecd63
2022-04-28 16:26:42+00:00,mne-icalabel,adam2392,co-author,c1eaedfad147bd1ac249a30c435f6e164c75e843
2022-04-28 16:26:42+00:00,mne-icalabel,adam2392,co-author,c1eaedfad147bd1ac249a30c435f6e164c75e843
2022-04-28 16:26:42+00:00,mne-icalabel,adam2392,co-author,c1eaedfad147bd1ac249a30c435f6e164c75e843
2022-04-28 20:36:50+00:00,mne-icalabel,adam2392,co-author,7bf7956878f06e10e5e516a13fa1d93190ee072c
2022-04-28 20:36:50+00:00,mne-icalabel,adam2392,author,7bf7956878f06e10e5e516a13fa1d93190ee072c
2022-04-29 16:31:06+00:00,mne-icalabel,adam2392,author,e416e1a11c2b93592aaaba7b290d1d140315adb3
2022-04-29 16:33:10+00:00,mne-icalabel,adam2392,committer,c12256c7cd5106d12dc99e02d3eace553cc79790
2022-04-29 16:33:10+00:00,mne-icalabel,adam2392,author,c12256c7cd5106d12dc99e02d3eace553cc79790
2022-04-29 16:34:42+00:00,mne-icalabel,adam2392,committer,a1918840f53adc9d42bc7f438838cc51edd71614
2022-04-29 16:34:42+00:00,mne-icalabel,adam2392,author,a1918840f53adc9d42bc7f438838cc51edd71614
2022-04-29 16:37:50+00:00,mne-icalabel,adam2392,committer,24e190f5efc1ff7b4b6499b49364bdf3e321ca07
2022-04-29 16:37:50+00:00,mne-icalabel,adam2392,author,24e190f5efc1ff7b4b6499b49364bdf3e321ca07
2022-04-29 23:24:18+00:00,mne-icalabel,adam2392,author,cbfe2f2f092b2268dc477d73f941debcb82dec9d
2022-04-30 09:02:28+00:00,mne-python,alexrockhill,author,a6a67de8ca8a57c5aefaa13fd233e0958c81c26f
2022-04-30 15:53:53+00:00,mne-icalabel,adam2392,co-author,74d61860fc8bc6e6b2c946ed4c4bc9aeaf2a1106
2022-04-30 16:18:01+00:00,mne-icalabel,adam2392,author,0c4cf0ad749f13497f1abb5c3ec9a577388de11c
2022-04-30 20:11:15+00:00,mne-qt-browser,marsipu,author,4dc476b7a450ba1b60b687aba3b168c2b1ede5ca
2022-04-30 20:11:15+00:00,mne-qt-browser,marsipu,committer,4dc476b7a450ba1b60b687aba3b168c2b1ede5ca
2022-04-30 20:28:49+00:00,mne-qt-browser,marsipu,author,e9f817526617fe93cbe2379a86319bdef1070310
2022-04-30 20:28:49+00:00,mne-qt-browser,marsipu,committer,e9f817526617fe93cbe2379a86319bdef1070310
2022-05-01 18:44:20+00:00,mne-icalabel,adam2392,co-author,9a30e79a11b23898c96c03623019e11ee2c34eef
2022-05-02 22:35:55+00:00,mne-icalabel,adam2392,author,0a7939a9fbd6ad1689cf3da6b8677d721631f2a5
2022-05-02 22:49:09+00:00,mne-icalabel,adam2392,committer,f70160ddffe4e622daa4fa1ef890cd05469de23d
2022-05-02 22:49:09+00:00,mne-icalabel,adam2392,author,f70160ddffe4e622daa4fa1ef890cd05469de23d
2022-05-02 22:49:12+00:00,mne-icalabel,adam2392,committer,e34b8f83c7ce7afbe7309f0ad843451e3e16f4bc
2022-05-02 22:49:12+00:00,mne-icalabel,adam2392,author,e34b8f83c7ce7afbe7309f0ad843451e3e16f4bc
2022-05-02 22:59:14+00:00,mne-icalabel,adam2392,author,5baf534414028cef2cc73dd52199dc75f009f8a0
2022-05-02 22:59:14+00:00,mne-icalabel,adam2392,committer,5baf534414028cef2cc73dd52199dc75f009f8a0
2022-05-03 01:34:00+00:00,mne-icalabel,adam2392,committer,0ba43d128d036d2cf64123858d42a7d71ab3e118
2022-05-03 01:34:00+00:00,mne-icalabel,adam2392,author,0ba43d128d036d2cf64123858d42a7d71ab3e118
2022-05-03 01:34:03+00:00,mne-icalabel,adam2392,committer,0d4eb60c7ccbc3a26b0634e81807c0c52cfdfae6
2022-05-03 01:34:03+00:00,mne-icalabel,adam2392,author,0d4eb60c7ccbc3a26b0634e81807c0c52cfdfae6
2022-05-03 01:34:48+00:00,mne-icalabel,adam2392,committer,04aabe06a67df3d226da225c602b4204a200b183
2022-05-03 01:34:48+00:00,mne-icalabel,adam2392,author,04aabe06a67df3d226da225c602b4204a200b183
2022-05-03 01:44:06+00:00,mne-icalabel,adam2392,committer,3b8a34f54a8eab56a9414979b8bbca4c565e5cd5
2022-05-03 01:44:06+00:00,mne-icalabel,adam2392,author,3b8a34f54a8eab56a9414979b8bbca4c565e5cd5
2022-05-03 02:03:38+00:00,mne-icalabel,adam2392,author,83a4608ae37d17bf4af52e414ceb2fa2435dedbc
2022-05-03 02:03:38+00:00,mne-icalabel,adam2392,committer,83a4608ae37d17bf4af52e414ceb2fa2435dedbc
2022-05-03 12:13:05+00:00,mne-python,alexrockhill,author,a5d91041d787fcd2ba58330a4ccde360cf543b7f
2022-05-03 19:49:20+00:00,mne-icalabel,adam2392,author,28a9c5520d50d2a0f4f8723430923a1ca44bcbac
2022-05-03 19:54:49+00:00,mne-icalabel,adam2392,author,d29da640990f90ea8eab09395c9a8e7baf388103
2022-05-03 19:54:49+00:00,mne-icalabel,adam2392,committer,d29da640990f90ea8eab09395c9a8e7baf388103
2022-05-03 20:01:11+00:00,mne-icalabel,adam2392,author,da1a0b92556b9119b5b2c365e48dd78c525bc5d7
2022-05-03 20:01:11+00:00,mne-icalabel,adam2392,committer,da1a0b92556b9119b5b2c365e48dd78c525bc5d7
2022-05-03 20:10:25+00:00,mne-icalabel,adam2392,committer,78981bff7301b3a12e71460fd79267c9fe034fd7
2022-05-03 20:10:25+00:00,mne-icalabel,adam2392,author,78981bff7301b3a12e71460fd79267c9fe034fd7
2022-05-03 20:13:23+00:00,mne-icalabel,adam2392,author,31dc511d31c86758f25e765b0b2f68157210a26b
2022-05-03 20:13:23+00:00,mne-icalabel,adam2392,committer,31dc511d31c86758f25e765b0b2f68157210a26b
2022-05-04 08:07:59+00:00,mne-python,alexrockhill,author,4349f6d9805c43e1034b09742668a952fdff40ec
2022-05-04 15:52:20+00:00,mne-icalabel,adam2392,author,d3ba4d6935d89ff1b08f82a741c0b7767a5e9d62
2022-05-08 20:52:53+00:00,mne-icalabel,adam2392,author,71b8e9737ebcde0283941773d79f27d889b70a81
2022-05-09 15:01:34+00:00,mne-connectivity,adam2392,author,d97f0ff450d3a486192b6103e04f53665e2c90b8
2022-05-09 19:20:16+00:00,mne-python,adam2392,author,439e598ccb30019e81ebe8fc7885c8b5e57dff02
2022-05-10 06:26:26+00:00,mne-python,alexrockhill,author,65547f9712f3cf029e9aa7eeb9372596edbf7fe9
2022-05-10 19:42:46+00:00,mne-icalabel,adam2392,author,45bb651ab919c679f23debb85adf23fb8849a58f
2022-05-10 20:01:26+00:00,mne-icalabel,adam2392,author,68a7d19b565ca567c9f03ccf86ea0bc33570a6cb
2022-05-11 16:35:08+00:00,mne-icalabel,adam2392,co-author,dde09c0344fe843cf1b0afa568274a3896d15167
2022-05-11 20:02:11+00:00,mne-python,alexrockhill,author,be56457160097ba8826e2a0c8e66c5b4073bea05
2022-05-12 13:30:51+00:00,mne-python,alexrockhill,author,3f7388a888eb473d79b3729ae75b5d2e403c7778
2022-05-12 14:54:35+00:00,mne-icalabel,adam2392,author,cec49212ac5d7e07ffbdaee55396bb4e2868a2c3
2022-05-12 15:21:10+00:00,mne-qt-browser,marsipu,author,392a77e698eb760b6bea671fdefe3c8ce8af8a80
2022-05-12 15:21:47+00:00,mne-qt-browser,marsipu,author,7d4f2bc4c77747da420359cc6d60d7a8e2f4f041
2022-05-12 15:22:01+00:00,mne-qt-browser,marsipu,author,8b541b76d402156103c955079e08aa166c1507b1
2022-05-12 16:36:32+00:00,mne-qt-browser,marsipu,author,c59396def4c9e056c6f0c44b03d59f285844b6d8
2022-05-12 16:39:07+00:00,mne-qt-browser,marsipu,author,6b67dd5af1ef0e39590ffacfbd4dffd8bd7d273d
2022-05-16 13:42:58+00:00,mne-bids,dominikwelke,author,772984d330f8c908fadaa5387c69644cbc660433
2022-05-17 15:48:17+00:00,mne-python,marsipu,author,0d3232195d3d531b53c095eda7a9907cbfbc4c30
2022-05-17 17:55:19+00:00,mne-python,HanBnrd,author,575193c1b189733071a0623bf436c08daeab671c
2022-05-23 10:04:26+00:00,mne-python,alexrockhill,author,2dbebc005f7498a06d5b1d7b64de5b3cb07b1430
2022-05-23 19:57:16+00:00,mne-python,alexrockhill,author,a62f9a4d6fffa7c7c84817d4fde988f7930eace1
2022-05-23 22:11:10+00:00,mne-icalabel,adam2392,author,530eda825c946990f75628357a8b19c4e962d3a1
2022-05-24 20:18:06+00:00,mne-icalabel,adam2392,author,7737517856842bd13043dcd405dc4349f0684923
2022-05-24 20:18:06+00:00,mne-icalabel,adam2392,committer,7737517856842bd13043dcd405dc4349f0684923
2022-05-26 13:06:14+00:00,mne-icalabel,adam2392,author,7202a3d67fc7c368521ab26cd7298b9824ad9eca
2022-05-26 16:04:20+00:00,mne-python,scott-huberty,author,368c7fcee60a55d76d26c6d77bfec08b4cad658b
2022-05-30 21:27:58+00:00,mne-icalabel,adam2392,author,ecc6a917e9540acdaf148845a145c882fcfc3b26
2022-05-30 21:27:58+00:00,mne-icalabel,adam2392,committer,ecc6a917e9540acdaf148845a145c882fcfc3b26
2022-06-01 10:29:09+00:00,mne-bids,dominikwelke,author,6fe53305f75f017eb2b7aab66969c7d0cc0cbc59
2022-06-01 15:19:03+00:00,mne-python,alexrockhill,author,6c15f996b53996534ebbcc0ef8d5fc8ec27d825e
2022-06-14 18:10:20+00:00,mne-connectivity,adam2392,co-author,da92606b2371835de9197b07bc617c3c544808bb
2022-06-15 18:32:01+00:00,mne-python,alexrockhill,author,5fb84d6b9ffd7d9d29714795da89cb8be23828b7
2022-06-17 19:12:26+00:00,mne-python,alexrockhill,author,428fc90675442acee259a485d818d5b1d671359d
2022-06-18 11:07:53+00:00,mne-qt-browser,marsipu,author,d9c23703658abfc56113cdaff8470952bf3100b1
2022-06-22 14:38:55+00:00,mne-python,alexrockhill,author,5e7e35ad0c50fb0de42872e2743c4fae2e511d90
2022-06-24 14:08:49+00:00,mne-python,alexrockhill,author,db6c8221efeb4d7de881c937012dca8ff9fcf2f8
2022-06-24 21:54:48+00:00,mne-python,alexrockhill,author,89b6357edb0dfed9a56f83e43815a42700e6cd3c
2022-06-24 21:59:45+00:00,mne-python,alexrockhill,author,3ff8e9aced24d0e62e4a17348aa940b749500e9d
2022-06-24 22:21:52+00:00,mne-python,alexrockhill,author,da02a256423404a81929d6de278bc63d3192a280
2022-06-27 10:53:16+00:00,mne-python,dominikwelke,author,c5e14281bfef445c245bd54633c48456427ef0b7
2022-06-27 10:53:51+00:00,mne-python,kimcoco,author,ff40ce33418a786b23b534a6cfcb44cca5f6b105
2022-06-27 11:27:10+00:00,mne-python,CarinaFo,author,23a8da684a4debe87b8de99dda6fba399ac22063
2022-06-27 18:16:33+00:00,mne-python,scott-huberty,author,e8b76b94dee4176ceb48e72bd284b5fb3db5c837
2022-06-28 07:24:17+00:00,mne-python,adelinefecker,author,c72cdaf002b5ecae75cc5f525e224bcac153acba
2022-06-28 19:06:53+00:00,mne-python,CarinaFo,author,486519911d25ad2cc34c9bf6ad7c0a38e7f8aabd
2022-06-28 19:44:35+00:00,mne-python,ashdrew,author,7f11a236a54e2175c6e871a88d69803e3281b99a
2022-06-28 20:26:09+00:00,mne-python,ashdrew,author,7cb4523eacd6bdc054721570de70ecfcfa38a42d
2022-06-29 06:00:16+00:00,mne-python,ashdrew,author,2ac8b164dc5dd7ddfdd5b82a7c013eba4672cb61
2022-06-29 07:06:17+00:00,mne-python,ashdrew,author,1ae1c28c42496c4465494b46aa69eec2313eb3f5
2022-06-29 13:09:33+00:00,mne-python,dominikwelke,author,c5e683eac98803c6ba7bdbb8af439a2766f86a94
2022-06-29 17:12:25+00:00,mne-python,CarinaFo,author,6eaca414e4b3dc89f64a2e5287ff9d6d8eb1ceb0
2022-06-29 21:51:24+00:00,mne-python,ashdrew,author,4b612d2e6411e64e27d6d9522c651e0d90bf1b8d
2022-06-29 21:52:17+00:00,mne-python,ashdrew,author,3426356b3ec34787c2ac478dff1302cabfe7df99
2022-06-30 07:27:18+00:00,mne-python,ashdrew,author,b0a415d83d90e365e8a60483a0885b3b7ad3609b
2022-06-30 07:28:17+00:00,mne-python,ashdrew,author,f0948f862c82159781ce822b2bd7614298f924be
2022-06-30 13:23:14+00:00,mne-icalabel,adam2392,author,d42e9d3191661969c35b465812bf0bf728754350
2022-06-30 13:23:14+00:00,mne-icalabel,adam2392,committer,d42e9d3191661969c35b465812bf0bf728754350
2022-06-30 13:32:32+00:00,mne-icalabel,adam2392,committer,15679f1adf9a8c39d3fc208e907f4f3b02a24462
2022-06-30 13:32:32+00:00,mne-icalabel,adam2392,author,15679f1adf9a8c39d3fc208e907f4f3b02a24462
2022-06-30 13:33:28+00:00,mne-python,ashdrew,author,5c5c7bad9eee72758567ec65306b5793d0640be8
2022-06-30 15:25:53+00:00,mne-python,dominikwelke,author,386d4cf56551a248637c5291d5b1568dbcd26d1e
2022-07-01 20:30:43+00:00,mne-python,ashdrew,author,3c23f13c0262118d075de0719248409bdc838982
2022-07-05 15:11:51+00:00,mne-python,ashdrew,author,3b2e6c914dbb820fec74cd1f4aca6e29e7e5c558
2022-07-05 15:12:16+00:00,mne-python,ashdrew,author,fdcfac7cf2b2620a8b16af595a31ada1bc0b0592
2022-07-05 16:42:37+00:00,mne-python,HamidMandi,author,5b582a19bf79164bd86f297e467e3b1117a2a4eb
2022-07-05 16:54:58+00:00,mne-python,dominikwelke,co-author,6c43b2d398780e2e69ea2f5b2e3db6b59135825c
2022-07-05 16:54:58+00:00,mne-python,ashdrew,author,6c43b2d398780e2e69ea2f5b2e3db6b59135825c
2022-07-06 07:21:08+00:00,mne-qt-browser,marsipu,author,2630213caef5a73fc2453fb816c00d1222442591
2022-07-13 12:52:15+00:00,mne-python,alexrockhill,author,c6d26627a3b0a8ceae33a2f1e59f81207e4d4456
2022-07-19 21:31:26+00:00,mne-python,adam2392,author,e8ded9719de7425c8d6752d2942a6ecba20fd0fc
2022-07-21 14:26:11+00:00,mne-python,alexrockhill,author,80c3596228287c5577be6b921f25c426edef2aec
2022-07-21 18:34:25+00:00,mne-python,scott-huberty,author,21c61576c2dce056a40946af0820d56e2259ec5f
2022-07-21 19:23:46+00:00,mne-python,ashdrew,author,4d388dea2a305dc7ca97a1b556c81a4437e8732d
2022-07-21 21:18:29+00:00,mne-icalabel,adam2392,co-author,239f8d3b1bec4fa43f49a334d46d06b513dc56c0
2022-07-27 15:09:28+00:00,mne-python,alexrockhill,author,23f37cdaf1b5e2b2b8d0e7c38de2b0483b38673d
2022-07-27 17:22:27+00:00,mne-python,scott-huberty,author,b4c44312da300c79578f9bfb953ee5a0b597d6c4
2022-07-27 18:59:53+00:00,mne-python,CarinaFo,author,e579fdb81d7d0ca30e7821cd61ea52ec6189e388
2022-07-28 19:02:05+00:00,mne-python,alexrockhill,author,f2ea6807c86d265c3828c94fb9c052324dbca49c
2022-07-29 17:55:54+00:00,mne-icalabel,adam2392,author,2ddc0634e47fb1df71713c1c0ef385cecc8e4d12
2022-07-30 08:12:43+00:00,mne-bids,scott-huberty,author,fc28eaeee7f124f141a048fef5bf9badca37b9a1
2022-07-31 20:58:57+00:00,mne-icalabel,adam2392,co-author,2bfbf4fd7d8fa59d52425710bbbb22117ef1d55e
2022-07-31 21:02:41+00:00,mne-icalabel,adam2392,co-author,c0ddd1e917b8e879f57840233f396c165de94931
2022-08-02 14:28:34+00:00,mne-python,alexrockhill,author,d3fb79553783d4dd4637f946e721a006547c07d4
2022-08-02 19:37:44+00:00,mne-python,alexrockhill,author,64dff6189215cbead61db81d6e6de811a05633e3
2022-08-03 04:07:52+00:00,mne-icalabel,adam2392,author,f740a593bdcbb1c0d390216270be6af2faf522fc
2022-08-04 14:30:11+00:00,mne-bids,adam2392,author,be6bd627e90dd53e04b734be0f1aa985e34bb53f
2022-08-04 17:39:57+00:00,mne-python,alexrockhill,author,4c219c20a2ce07cde7dc26875200eeb6d7abeffb
2022-08-05 09:55:15+00:00,mne-icalabel,adam2392,co-author,a5cdd8f963861ae00f7fce1675404924c0ecbcb9
2022-08-05 13:52:29+00:00,mne-icalabel,adam2392,author,96bac008a7b2c3ad12336ece6dfc3dc22332ce6a
2022-08-05 13:57:34+00:00,mne-icalabel,adam2392,committer,76682eead009f789dd1db64ae7c50c467e21fe0a
2022-08-05 13:57:34+00:00,mne-icalabel,adam2392,author,76682eead009f789dd1db64ae7c50c467e21fe0a
2022-08-05 14:07:39+00:00,mne-icalabel,adam2392,committer,c5e5ead63f371eeadc5be73b23b79ede47a68a08
2022-08-05 14:07:39+00:00,mne-icalabel,adam2392,author,c5e5ead63f371eeadc5be73b23b79ede47a68a08
2022-08-05 14:57:05+00:00,mne-icalabel,adam2392,author,a09dddc7e5133b452e31d30c6ca6ac3ca10f4690
2022-08-05 14:57:05+00:00,mne-icalabel,adam2392,committer,a09dddc7e5133b452e31d30c6ca6ac3ca10f4690
2022-08-07 17:06:30+00:00,mne-icalabel,adam2392,committer,235ff7eef0184775c79a09ee9a83df8554b3b2cb
2022-08-07 17:06:30+00:00,mne-icalabel,adam2392,author,235ff7eef0184775c79a09ee9a83df8554b3b2cb
2022-08-07 17:08:15+00:00,mne-icalabel,adam2392,committer,07beb68637dd9c0e962492f87a8f8fe8d8857023
2022-08-07 17:08:15+00:00,mne-icalabel,adam2392,author,07beb68637dd9c0e962492f87a8f8fe8d8857023
2022-08-08 19:00:37+00:00,mne-python,alexrockhill,author,8baaa7675ea34d3b98dd2875ad8b5efaf6d44d16
2022-08-10 15:16:19+00:00,mne-icalabel,adam2392,author,c442c2304d8c4daff1b84d896b534687440d517b
2022-08-11 01:33:47+00:00,mne-icalabel,adam2392,author,145028831f4b7c41d9c3f0aaf4b2d338d07dba9c
2022-08-11 01:39:04+00:00,mne-icalabel,adam2392,author,a8b3fd1d8daba2cae83b7fc43bd61b1396f83cd7
2022-08-11 01:39:04+00:00,mne-icalabel,adam2392,committer,a8b3fd1d8daba2cae83b7fc43bd61b1396f83cd7
2022-08-11 01:43:26+00:00,mne-icalabel,adam2392,author,f55c1bf4c7bc4fb1b337694294c9bf2ad3152e82
2022-08-11 01:43:26+00:00,mne-icalabel,adam2392,committer,f55c1bf4c7bc4fb1b337694294c9bf2ad3152e82
2022-08-11 15:11:18+00:00,mne-icalabel,adam2392,author,6db1090556dd04798077d6d9ccf0960608e10cd3
2022-08-11 15:11:18+00:00,mne-icalabel,adam2392,committer,6db1090556dd04798077d6d9ccf0960608e10cd3
2022-08-11 15:12:55+00:00,mne-icalabel,adam2392,committer,ee03cbd894d4ef1f1e0461ef192459452101bd53
2022-08-11 15:12:55+00:00,mne-icalabel,adam2392,author,ee03cbd894d4ef1f1e0461ef192459452101bd53
2022-08-11 15:18:31+00:00,mne-icalabel,adam2392,author,3095c442a5eca2ba03ccd1f8902c49f035061751
2022-08-11 15:18:31+00:00,mne-icalabel,adam2392,committer,3095c442a5eca2ba03ccd1f8902c49f035061751
2022-08-11 15:21:23+00:00,mne-icalabel,adam2392,author,862c72994c00df6e0572d732175177c5f91fabd0
2022-08-11 15:21:23+00:00,mne-icalabel,adam2392,committer,862c72994c00df6e0572d732175177c5f91fabd0
2022-08-14 15:28:13+00:00,mne-qt-browser,marsipu,author,3a5b744fa096f37f5b55bb4f0119efac8240b602
2022-08-14 16:08:14+00:00,mne-qt-browser,marsipu,author,1096265ba063383a509725f366e564663f0c39b8
2022-08-15 16:24:04+00:00,mne-python,alexrockhill,author,711da1d40783c8f37cea85e0b338c5e08e5dad93
2022-08-16 01:26:01+00:00,mne-python,alexrockhill,author,530988c7475f9a60cfa137972b8523180aaa3c0f
2022-08-17 20:55:13+00:00,mne-python,alexrockhill,author,7d80664de0ebefcee5532864565bb49cfae27cc2
2022-08-21 18:13:14+00:00,mne-icalabel,adam2392,author,76da68476f57982ebb4b01048d8b6ca48fc7295e
2022-08-22 18:28:18+00:00,mne-icalabel,adam2392,author,aa198c4dca3c74436bbdb5eb5a45d7afa94e11b7
2022-08-23 14:40:24+00:00,mne-icalabel,adam2392,committer,0ffd5eb6904ccfd5227f04f15f80b87282ef19f8
2022-08-23 14:40:24+00:00,mne-icalabel,adam2392,author,0ffd5eb6904ccfd5227f04f15f80b87282ef19f8
2022-08-23 14:57:30+00:00,mne-icalabel,adam2392,author,06cb40587c4b1a066e97fd2d617c626f0a8b67d5
2022-08-23 15:49:31+00:00,mne-icalabel,adam2392,author,88e5f7b76ffc1163a6ee02d96738669c8b5f3c57
2022-08-23 15:55:42+00:00,mne-icalabel,adam2392,committer,97f2438c4221bab050ba9357e18b8980e2987391
2022-08-23 15:55:42+00:00,mne-icalabel,adam2392,author,97f2438c4221bab050ba9357e18b8980e2987391
2022-08-23 17:14:36+00:00,mne-python,alexrockhill,author,11696d018595e934bf98080f08d1ddeb704e1c4d
2022-08-27 09:04:54+00:00,mne-qt-browser,marsipu,author,57b11485f1df91e0ea41e57646283b0b8aa461d2
2022-08-27 13:36:54+00:00,mne-qt-browser,marsipu,author,77d8d732514d9179d269659de787cef25b298bd9
2022-08-27 14:04:44+00:00,mne-qt-browser,marsipu,author,1323fad0785d0becb097521a27c73d1c8ca5651b
2022-08-29 15:05:09+00:00,mne-python,alexrockhill,author,0faabfb093ebf4e03d8b6cbdb0b9418eeb090ff1
2022-08-29 17:13:53+00:00,mne-python,alexrockhill,author,2d183aade4f482ca39516edb6569b9ca450b8665
2022-08-31 20:36:45+00:00,mne-icalabel,adam2392,author,34a896effe0851da1b5fd6b6c30e7cf9c792e3db
2022-09-03 09:10:55+00:00,mne-python,alexrockhill,author,4310c92b85fa7dcc77ffe322501037e5ad82372d
2022-09-07 19:09:53+00:00,mne-connectivity,adam2392,author,7df2145b12fe48421283e5ff2a96262ec25cc6e6
2022-09-08 16:45:14+00:00,mne-python,eort,author,2c356d6a4cb4fa33e6d1350fc9ec76446cc9162e
2022-09-15 17:21:01+00:00,mne-python,eort,author,58a4b337697168020f8d72bdde3265897d4af61b
2022-09-17 14:26:38+00:00,mne-python,eort,author,8ea5400fe42cb6c91ab3755ccd909f146f679294
2022-09-23 04:37:19+00:00,mne-python,alexrockhill,author,a40ce20e12c7fb84315172bd6a9e44915a9f811b
2022-09-28 17:09:45+00:00,mne-bids,eort,author,22cbd10f093ef1188cbd5450afd64ad8d1769c20
2022-10-05 22:29:15+00:00,mne-connectivity,adam2392,author,b8d566bd38192e110a59ad6ef7a028d700477534
2022-10-05 22:29:15+00:00,mne-connectivity,adam2392,committer,b8d566bd38192e110a59ad6ef7a028d700477534
2022-10-05 22:36:52+00:00,mne-connectivity,adam2392,committer,b0d787e6fa70637c5617b76ba947a1ffa1e8278a
2022-10-05 22:36:52+00:00,mne-connectivity,adam2392,author,b0d787e6fa70637c5617b76ba947a1ffa1e8278a
2022-10-05 22:41:01+00:00,mne-connectivity,adam2392,committer,5b5f088aedd37cca952674d98ed3ea88a2742629
2022-10-05 22:41:01+00:00,mne-connectivity,adam2392,author,5b5f088aedd37cca952674d98ed3ea88a2742629
2022-10-05 22:41:34+00:00,mne-connectivity,adam2392,author,53b6b162ee0e04d24e7014d750eadd2fe27df21d
2022-10-05 22:41:34+00:00,mne-connectivity,adam2392,committer,53b6b162ee0e04d24e7014d750eadd2fe27df21d
2022-10-15 18:25:03+00:00,mne-python,alexrockhill,author,fcfb565bdf253ca2a20e1c43d622752160def656
2022-10-19 20:23:22+00:00,mne-icalabel,adam2392,co-author,554717e17107dc0e5cdc15942b6343a4c6be4172
2022-10-19 20:23:22+00:00,mne-icalabel,adam2392,co-author,554717e17107dc0e5cdc15942b6343a4c6be4172
2022-10-24 09:37:05+00:00,mne-python,alexrockhill,author,45d87fb0e5c34156c9568e04cd6ceef81140bed4
2022-11-15 05:24:08+00:00,mne-python,alexrockhill,author,aeeb111f8555b49460583a34c573437358c1cb9f
2022-11-18 17:37:49+00:00,mne-python,timonmerk,author,ad4c99cdca4b71026568e474118f6b18054addc6
2022-11-25 18:10:20+00:00,mne-connectivity,adam2392,co-author,e0c96373102537c6f1b876677c268c1d8e9418ec
2022-11-30 20:18:20+00:00,mne-python,eioe,co-author,275a9879a058cc5b9eb48a39c46c6ec1d18b6248
2022-12-02 01:32:16+00:00,mne-python,alexrockhill,author,2d1babfeef86f6294d5f7a981026f13489dd3e0b
2022-12-02 12:20:57+00:00,mne-python,alexrockhill,author,d7bcdd526fd64680107dc98e5871fe128ec33079
2022-12-21 20:55:30+00:00,mne-python,alexrockhill,author,5346534f838ef62a5bbb1fc5388d19854e284f91
2023-01-03 15:45:26+00:00,mne-python,alexrockhill,author,ea88c55b183b5ed5aec793737caf30d750ac999e
2023-01-05 19:07:16+00:00,mne-python,alexrockhill,author,4c5f722585b6637b9180b50345a7ee0bbb6942be
2023-01-10 14:08:24+00:00,mne-connectivity,adam2392,co-author,ed40aefa286b0d1522937d8b9665ec1218ee262c
2023-01-13 21:16:35+00:00,mne-connectivity,adam2392,committer,ec6104d5e44472e2c5b70cf4130a4f5a91d81bca
2023-01-13 21:16:35+00:00,mne-connectivity,adam2392,author,ec6104d5e44472e2c5b70cf4130a4f5a91d81bca
2023-01-13 21:30:23+00:00,mne-connectivity,adam2392,committer,5bc691983a9c68f5898caa7afd167faaca176034
2023-01-13 21:30:23+00:00,mne-connectivity,adam2392,author,5bc691983a9c68f5898caa7afd167faaca176034
2023-01-13 21:38:55+00:00,mne-connectivity,adam2392,committer,b1c28630ccabde2636ade93a98ee679ec47b8918
2023-01-13 21:38:55+00:00,mne-connectivity,adam2392,author,b1c28630ccabde2636ade93a98ee679ec47b8918
2023-01-13 22:15:10+00:00,mne-connectivity,adam2392,author,dca324d37887b20a8227b97489bb59df9ab75ef6
2023-01-14 00:19:25+00:00,mne-connectivity,adam2392,author,fe3177c2d2b189f1f143d76ed7b5ccc77f651250
2023-01-14 00:23:07+00:00,mne-connectivity,adam2392,author,d71b0672c1573110ac747bb8b26469ea4857e4e8
2023-01-18 17:00:34+00:00,mne-python,alexrockhill,author,6306265af0002e3b4a9e718c5fc3c4026fe80967
2023-01-30 22:30:20+00:00,mne-python,alexrockhill,author,7262ad94b1c1e80d2cd63662a2f99aed49e74beb
2023-02-01 06:53:33+00:00,mne-python,alexrockhill,author,51b2b75424a239116384b3268029b3ea60e18953
2023-02-07 03:28:11+00:00,mne-python,alexrockhill,author,11bc09911a2dbb6b73a86b31d8140ccd8a93b1c3
2023-02-08 13:42:47+00:00,mne-python,alexrockhill,author,b8df1bd8c03ccf5c6f86a1173ba82f81874ae1b6
2023-02-11 00:38:25+00:00,mne-python,alexrockhill,author,99bed94f837963bec5bafbca2a1b6a937a2126d3
2023-02-16 23:14:37+00:00,mne-python,alexrockhill,author,80dc73463d13a68cb0f7b6d13b993b03e07a57ac
2023-03-06 20:16:15+00:00,mne-connectivity,adam2392,author,2a23617a4b59670dbbae3199a41da94a2e5e0a79
2023-03-06 20:18:21+00:00,mne-connectivity,adam2392,author,2799a928b009fdb819fb84e495df458a8d792cb2
2023-03-09 06:12:02+00:00,mne-python,alexrockhill,author,bf2502166eb15626c1205accc2d2d467535b8d93
2023-03-10 14:11:29+00:00,mne-connectivity,adam2392,co-author,406dd8b83b517a575199965d8a853ba65a5617bb
2023-03-13 14:54:38+00:00,mne-connectivity,adam2392,co-author,b36ce8ac564a38edeab73887fe42a415e4bf9dd4
2023-03-16 20:55:00+00:00,mne-icalabel,adam2392,co-author,44cd263094900f1020d737f201d0b62e7733ce33
2023-03-20 18:53:50+00:00,mne-python,alexrockhill,author,5ca0141f6bd9db9be98e94e7362e2103471487d2
2023-03-22 15:15:41+00:00,mne-python,alexrockhill,author,df2cf84d8f4ed22aa897b78df9182984c499d8cb
2023-03-27 17:31:36+00:00,mne-python,scott-huberty,author,62af4ac642b21bc0b996c8c86fdeab417806f6d7
2023-03-28 18:18:44+00:00,mne-icalabel,adam2392,author,572eb1a2035e69ecf0d43ce52e5591e61cd10c93
2023-03-28 22:03:55+00:00,mne-python,alexrockhill,author,3b4930abd32c00dc71da6c4a3e56a850a34ba185
2023-03-30 06:27:47+00:00,mne-python,alexrockhill,author,686857c55288ed91cc13cdc43bf100ab1f6c475d
2023-03-31 17:18:50+00:00,mne-gui-addons,alexrockhill,author,7f37a8a14f75efd1ea61c383f8d3cc8aa891f8f5
2023-04-02 19:33:51+00:00,mne-connectivity,adam2392,co-author,1bfdf6ddc9d4ca0c6a4e89098f3dc30166ea544a
2023-04-13 14:11:54+00:00,mne-python,alexrockhill,author,d0cf4db4ba1f79cf31009b0c060ed64cc6b6de57
2023-04-21 22:26:52+00:00,mne-gui-addons,alexrockhill,author,3d5184b52857aa40fc0f0ff1f1e8325f648f103b
2023-04-27 19:47:51+00:00,mne-python,alexrockhill,author,8c7f0c61f37a150712251cc32200152b6b4bd37a
2023-05-02 17:07:43+00:00,mne-connectivity,adam2392,author,e953bfc9039f07fda2e0c0ba9f3fb3b7c649826c
2023-05-22 18:07:49+00:00,mne-gui-addons,alexrockhill,author,065b0bc4e050b158532a840ae2d5ac27af882021
2023-05-22 18:41:14+00:00,mne-gui-addons,alexrockhill,author,88bff95a60b6d2087cce16dcc078757a8d3a4157
2023-05-23 19:03:45+00:00,mne-python,alexrockhill,author,4ce984f4458652551e2997da3749c2cbdb92a64e
2023-06-14 17:03:12+00:00,mne-python,alexrockhill,author,6fd91f6c61cf86b201b57b5df43ce6898518cc50
2023-06-20 21:37:38+00:00,mne-python,scott-huberty,author,35d37979ceb6f7f2ea021face10dc679b929d03e
2023-06-23 17:42:53+00:00,mne-python,scott-huberty,author,bad786df12c4c14512cb1a27276a688912131a16
2023-06-27 08:29:01+00:00,mne-icalabel,adam2392,author,983fb421279f7687584444e2040586fb7fd56889
2023-07-01 16:43:04+00:00,mne-python,scott-huberty,author,f48398a141ac4ed0ec4ec1f2cef766afd8605696
2023-07-06 16:44:22+00:00,mne-python,scott-huberty,author,79647ec0f24de1c2c4d7d637726ef61cdc72a4da
2023-07-14 17:30:30+00:00,mne-connectivity,adam2392,author,0af1b390b92405f4b2cab82d9901bbc7378b11d3
2023-07-15 23:32:12+00:00,mne-connectivity,adam2392,co-author,2639f708f3cf94ac921b3bbf32f5e649dd2422b5
2023-07-16 13:41:44+00:00,mne-icalabel,adam2392,co-author,e6482b8aab6dc5252d698f97a7594644d30f5029
2023-07-17 19:25:30+00:00,mne-icalabel,adam2392,author,241cb4ab66ca5e4f921b5c2d3d8ece8abcc3a15c
2023-07-17 19:25:30+00:00,mne-icalabel,adam2392,committer,241cb4ab66ca5e4f921b5c2d3d8ece8abcc3a15c
2023-07-18 12:41:37+00:00,mne-connectivity,adam2392,co-author,a7bb85b78a60d4a5c53e2b3758595499a9349996
2023-07-24 16:10:20+00:00,mne-connectivity,adam2392,committer,720512d8f282888d7096005513c9677824254c89
2023-07-24 16:10:20+00:00,mne-connectivity,adam2392,author,720512d8f282888d7096005513c9677824254c89
2023-07-24 16:10:36+00:00,mne-connectivity,adam2392,author,f70ed1187c064687468d0ab676cfef7c759a802d
2023-07-25 20:58:05+00:00,mne-gui-addons,alexrockhill,author,a9292d0bce39c2bd2a0e901e9667b5e850fdf579
2023-07-26 20:23:46+00:00,mne-python,scott-huberty,author,cc1d1825c41144c8c4c3dd1cbb44f8af7bf78e9b
2023-07-28 21:52:54+00:00,mne-python,alexrockhill,author,a43c079441bc22aeeb2e5787946b233326872eac
2023-08-01 19:34:19+00:00,mne-python,alexrockhill,author,0d4550b77f2e546f37e69ba4c709cb71132b1848
2023-08-02 13:31:26+00:00,mne-qt-browser,marsipu,author,bc2a1aca620d70d56bcf409a5908fe7fefa6a58b
2023-08-03 13:51:47+00:00,mne-qt-browser,marsipu,author,87ce480ba5baa9142eada18ac955f523f6fd83b3
2023-08-10 04:00:11+00:00,mne-python,scott-huberty,author,baf1ad576c54918c95182a047e0a23183e64374d
2023-08-14 20:08:59+00:00,mne-python,scott-huberty,author,2e357a6f9131208a0e5f69f6ca161f76dbf20f54
2023-08-22 15:49:21+00:00,mne-python,alexrockhill,author,f48b4899b35940d0dc2ece525ca264e0a92658b4
2023-08-24 15:27:08+00:00,mne-python,HanBnrd,author,e8e672b63b3d3e5e84d8881a4f5aac5f4bd214e1
2023-08-29 22:25:37+00:00,mne-python,marsipu,author,fe9358f161af6743adb61160824d93f5e7b77aa7
2023-08-30 16:11:35+00:00,mne-python,scott-huberty,author,82b2e82e42c5167f30df371f3ca7e18b86a2313a
2023-08-31 13:09:56+00:00,mne-python,scott-huberty,author,4b9a778e8eb922d0b2437b818a6d039f2fe0a465
2023-09-01 19:49:14+00:00,mne-connectivity,adam2392,committer,96a0dcf74363bf928d0ddb56a2a3e7ba22b95dc9
2023-09-01 19:49:14+00:00,mne-connectivity,adam2392,author,96a0dcf74363bf928d0ddb56a2a3e7ba22b95dc9
2023-09-02 17:21:00+00:00,mne-python,alexrockhill,author,db07d55c6ed0b09c6e3f31568b096070f5886a98
2023-09-08 23:19:25+00:00,mne-python,alexrockhill,author,82c8b85f8c13e8a5db4a075f7b027b2f455c3994
2023-09-09 11:03:57+00:00,mne-connectivity,adam2392,co-author,ebe0a6920bea5d556facaa167def5d27a3f96702
2023-09-11 17:30:57+00:00,mne-python,adam2392,author,2e3f8058cd3e609d36949ba005b15b8c597cd5b1
2023-09-14 17:23:42+00:00,mne-connectivity,adam2392,author,e05d9e371494651464aed7a13811c5a91d2fa63d
2023-09-21 17:48:50+00:00,mne-hfo,adam2392,author,3de8c9d0508ffa65dd2898e53c715b321d0f97e3
2023-09-21 21:19:03+00:00,mne-hfo,adam2392,committer,34b0eaf717294c83449136c80fa3c733a71768f0
2023-09-21 21:19:03+00:00,mne-hfo,adam2392,author,34b0eaf717294c83449136c80fa3c733a71768f0
2023-09-21 21:24:13+00:00,mne-hfo,adam2392,committer,d9b4affe9079276c41fd262044b2967db7caf037
2023-09-21 21:24:13+00:00,mne-hfo,adam2392,author,d9b4affe9079276c41fd262044b2967db7caf037
2023-09-21 21:28:11+00:00,mne-hfo,adam2392,author,e8acafc90435276d3958c65da5ad71c4abc5ec08
2023-09-21 21:28:11+00:00,mne-hfo,adam2392,committer,e8acafc90435276d3958c65da5ad71c4abc5ec08
2023-09-28 14:42:42+00:00,mne-python,scott-huberty,author,e5a9db2933b2a309b466097c6988ab8117cb6e19
2023-09-28 18:26:48+00:00,mne-python,scott-huberty,author,927f88daad73559d090f2016c3827f62ab7170a8
2023-09-28 19:35:22+00:00,mne-python,anaradanovic,author,9ed326f4124058bd6a61790964b4f84456a49e52
2023-09-29 21:40:50+00:00,mne-python,anaradanovic,author,9f31cf35945a3bb8924208a816072d541443a9eb
2023-09-29 22:11:35+00:00,mne-python,anaradanovic,author,1def4bf8a84b09d465ffd613984ee2badd364a3c
2023-09-30 23:00:07+00:00,mne-qt-browser,scott-huberty,author,a5749afda2b5639f07517098ce6c838ec6a053b6
2023-09-30 23:52:52+00:00,mne-qt-browser,marsipu,author,a6d1caabd4dcc6114ee9c58c2b8afa935e208368
2023-10-02 19:18:48+00:00,mne-qt-browser,timonmerk,author,573910df2d9d43676f7910fa72de1d2f6d8d7fd6
2023-10-12 18:47:56+00:00,mne-python,scott-huberty,author,c9d20060d74b8f384aedfeb02c122ca7c31986fa
2023-10-14 00:39:18+00:00,mne-python,scott-huberty,co-author,875df8285e25ca4964566f2b900b808be65845d7
2023-11-01 18:52:05+00:00,mne-python,nordme,author,e4a6eba5d0a4c5f92b904207c33252f1979043db
2023-11-06 10:25:13+00:00,mne-python,scott-huberty,author,b988e67d9916ed651c381b867e8bf10c3a470905
2023-11-12 12:36:54+00:00,mne-gui-addons,alexrockhill,author,c245654e0a5d6f28e40ea3cb02bc52972cfe487f
2023-11-15 17:05:56+00:00,mne-python,dominikwelke,author,3e73a0ea8ac886622d8f167bcb1b44d496be8a28
2023-11-18 09:55:51+00:00,mne-gui-addons,alexrockhill,author,d9cc22c72e174dad9e3d97a62e292fea1eb0cb3a
2023-11-18 09:56:24+00:00,mne-gui-addons,alexrockhill,author,39c3e2920cdf92764678a6fc62ebad788ba2f0f0
2023-11-20 18:01:08+00:00,mne-gui-addons,alexrockhill,author,a6fa04f11b46a788f709d1db3da08ae6ded8230b
2023-11-21 21:31:48+00:00,mne-gui-addons,alexrockhill,author,8ae96222910fe68f56f88a07503787babf727572
2023-11-25 00:31:18+00:00,mne-python,scott-huberty,author,0a9c61bbbd0b70193e9bb88ddaeea3a69c6805f4
2023-11-30 16:07:46+00:00,mne-qt-browser,marsipu,author,a5528998696db985e2a5f1899de3b75549f1a166
2023-12-01 18:15:56+00:00,mne-python,alexrockhill,author,45eba5a688b555d3d31ea89d9d2e0aa2fae33ff8
2023-12-04 16:44:38+00:00,mne-gui-addons,alexrockhill,author,95c8a301ab1a2213b183cfc30dd0d8258f5fa0a7
2023-12-06 02:24:48+00:00,mne-connectivity,adam2392,author,52c3824bf874ef2be869700ff9983133cf024bde
2023-12-06 17:11:55+00:00,mne-connectivity,adam2392,author,0c216d35127f48792caabdc3cca170874a443eee
2023-12-06 17:13:47+00:00,mne-connectivity,adam2392,committer,30db4f5788ac59a64d65cf5c8635b1cb17a037ac
2023-12-06 17:13:47+00:00,mne-connectivity,adam2392,author,30db4f5788ac59a64d65cf5c8635b1cb17a037ac
2023-12-06 17:49:46+00:00,mne-connectivity,adam2392,author,be77d22a6cc92d36bdaafa99dc16be786e172298
2023-12-06 17:57:31+00:00,mne-gui-addons,alexrockhill,author,7e909301a36afe8770ef6a3110554d4f00821759
2023-12-06 18:07:54+00:00,mne-connectivity,adam2392,committer,b0b9407dceddf1761748dfe3c382cca246857117
2023-12-06 18:07:54+00:00,mne-connectivity,adam2392,author,b0b9407dceddf1761748dfe3c382cca246857117
2023-12-06 21:00:33+00:00,mne-connectivity,adam2392,author,4f909aeeb12193f56692cda0abc15ea7f8f662ee
2023-12-06 21:01:43+00:00,mne-connectivity,adam2392,author,9a8cd4eef3a62519b44807497cfa5652f0aa36f7
2023-12-06 21:01:43+00:00,mne-connectivity,adam2392,committer,9a8cd4eef3a62519b44807497cfa5652f0aa36f7
2023-12-06 21:27:22+00:00,mne-connectivity,adam2392,committer,3144420c1ed1676aba89a7b83ffc9129b00cc1c7
2023-12-06 21:27:22+00:00,mne-connectivity,adam2392,author,3144420c1ed1676aba89a7b83ffc9129b00cc1c7
2023-12-07 15:59:31+00:00,mne-gui-addons,alexrockhill,author,b5d4917c5edffb52c55eb942d3703444b88290a2
2023-12-12 15:29:18+00:00,mne-connectivity,adam2392,author,6fb08c7cdea459a4462765cd63919971e793b5ad
2023-12-12 15:29:18+00:00,mne-connectivity,adam2392,committer,6fb08c7cdea459a4462765cd63919971e793b5ad
2023-12-15 18:25:32+00:00,mne-connectivity,adam2392,author,32b10eacb64e386d1e32b3375d6210d6a33ad5e7
2023-12-31 02:35:06+00:00,mne-python,alexrockhill,author,c73b8afcf3cb6304bb67c390d667cd1ac526473d
2024-01-10 13:19:03+00:00,mne-python,alexrockhill,author,f70378a922a46b5432a761281ae857ec747b984b
2024-02-05 16:09:59+00:00,mne-icalabel,adam2392,author,8300ad3b834f204ad1ac91a9b54fa01a12d5638b
2024-02-06 17:06:41+00:00,mne-python,dominikwelke,author,87df00d63991a51835992e054d690aa67ccca7da
2024-02-06 17:35:17+00:00,mne-python,scott-huberty,author,acab264e3d844cce5dfa9fadb49cc55352a261bc
2024-02-08 17:43:02+00:00,mne-python,alexrockhill,author,6305bd16975e2fe31b1eaf63408c9f93bfe1b535
2024-02-12 16:50:18+00:00,mne-python,alexrockhill,author,ccf679457e0ccddc6a2aabeda6968da647f10c6e
2024-02-13 04:58:48+00:00,mne-python,CarinaFo,author,73ca06b4056bcb63d55bbcbc68c816c5c8b8f6f2
2024-02-16 23:38:55+00:00,mne-python,alexrockhill,author,614424718fa911cc0cfacc0df85652b3efaee358
2024-02-22 17:54:45+00:00,mne-bids,alexrockhill,author,e41b5173a8c18ab60b620861d6ba8743bd2bec0f
2024-03-05 15:10:18+00:00,mne-python,dominikwelke,author,ae69b03a00eb2c72ae9b13c71ae541747daf55da
2024-03-06 18:39:03+00:00,mne-connectivity,adam2392,co-author,f9a2e658bcf05c6af61b937798a3b2e11e187599
2024-03-09 08:58:16+00:00,mne-icalabel,adam2392,co-author,edc561c4a29c4d2772af5bfbefb485df0c5ebb4f
2024-03-18 23:36:18+00:00,mne-connectivity,adam2392,co-author,aadfddf96c7896034539d98322b29a524aaeb338
2024-03-25 21:06:43+00:00,mne-connectivity,adam2392,co-author,2af1398e7784350ec8f38c71061668e677fa27c0
2024-04-21 12:34:07+00:00,mne-connectivity,adam2392,co-author,18e1181187d5739e892df48b443ecb7150e72bf7
2024-04-27 09:40:39+00:00,mne-python,alexrockhill,author,2448974c87828a4f4c2aac0e7c51376556e257b7
2024-04-29 19:39:02+00:00,mne-gui-addons,alexrockhill,author,5e2aaa41c05158a2d202132fd4df8e3594e13a41
2024-04-30 22:40:52+00:00,mne-gui-addons,alexrockhill,author,d0b83ffe55361a76e5f19fa6b276fc5242f938dd
2024-04-30 23:14:38+00:00,mne-gui-addons,alexrockhill,author,498609ffd36966356cacd238afb3c90220c87062
2024-05-02 00:01:13+00:00,mne-python,alexrockhill,author,356e8546890b8f798a14777991ba7de6cd9ab9bb
2024-06-28 14:27:29+00:00,mne-python,scott-huberty,author,f16ebc51335d0bc9030f38763517e30799bc756a
2024-07-16 21:33:24+00:00,mne-python,scott-huberty,author,fce9c5ed032cc7e7af0d7ea33f35e50d46510d64
2024-07-25 18:15:38+00:00,mne-icalabel,scott-huberty,author,3cfc1ab748ab2b61c943b5b873795916e251d91b
2024-07-29 19:59:35+00:00,mne-python,scott-huberty,author,dd6e155fb47812139da33bb9226cc0e6e5792427
2024-08-06 20:02:24+00:00,mne-python,alexrockhill,co-author,b08f759efd08fa060e68f0bdee45f45e3fc5347a
2024-08-23 09:28:10+00:00,mne-bids,scott-huberty,author,f919962182cb1eb392cbae64d0a0b22d411001e7
2024-09-13 19:05:02+00:00,mne-python,scott-huberty,author,670330a1ead288f11cc3ffd5ca9d65136ca55ccd
2024-09-18 17:37:44+00:00,mne-python,scott-huberty,author,4f58e814b4e5d01311f359f3d8f8e2cbca391fbb
2024-11-15 16:06:17+00:00,mne-python,scott-huberty,author,ede7f013a1b741da3fb4a565acad7a6c2e60e48e
2024-12-31 18:45:42+00:00,mne-bids,scott-huberty,co-author,3492fa01157d921f77b93ea31a4db192c47d3bb0
2025-01-01 16:05:54+00:00,mne-bids,scott-huberty,author,3f59b0e0ee835549d068ad4ad85936ddf0ed04cb
2025-01-01 16:54:08+00:00,mne-bids,scott-huberty,author,ad67a042f0128f5ec69fd042b273f96afc109fad
2025-02-13 20:50:13+00:00,mne-python,scott-huberty,co-author,b4a7c64e5b36747cfd3621e7a043ddd839db4e96
2025-03-06 20:54:05+00:00,mne-python,scott-huberty,author,e7a593add4bbda513cff94f8ba7a1166919dc376
2025-03-06 22:13:34+00:00,mne-python,scott-huberty,author,a5073bf977b73e9981a2222cc546c93081914a7d
2025-03-07 18:34:55+00:00,mne-python,scott-huberty,author,7c531e49aa46083efd507921fe53a6ac0c89de49
2025-04-07 23:12:28+00:00,mne-python,dominikwelke,author,daf7abfeef38fbab44c071d88c530b638bd9a372
2025-07-03 05:38:49+00:00,mne-bids,scott-huberty,author,f378c239821e9b6a99660fcbbb35f6319ec95cd7
2025-07-11 18:17:41+00:00,mne-python,scott-huberty,author,35398fdb1a9760e3926c0c5eff4ff931289c3d4d
2025-08-01 17:47:51+00:00,mne-python,scott-huberty,author,f04fcaa851e64b379a1a107f18cf3fd5b6b18f42
2025-08-08 18:29:03+00:00,mne-python,scott-huberty,author,a07f970945aa36fc484bcd6ce88ce35f20a19a44
2025-08-11 17:13:14+00:00,mne-python,scott-huberty,author,9652572611a0ef6941e59b40575bdfc05a945387
2025-08-28 15:57:33+00:00,mne-python,scott-huberty,author,0836e429b462124cecac18c59d00281de88fb89e
2025-09-24 22:14:16+00:00,mne-python,scott-huberty,author,3e29187ce3a2a63b4497dc83d30869ad33ecd1be
2025-10-17 06:51:45+00:00,mne-bids,scott-huberty,author,15871302604aab8e129ac69c967626e2b004060a
2025-10-17 15:56:29+00:00,mne-icalabel,scott-huberty,author,b9e028b6d6a2896f83dd9f9c2c51c5e485accd8c
2025-10-29 16:03:47+00:00,mne-python,scott-huberty,author,f4a3f3f46477a8fda6b1adff0a8094faa670bec0
2025-11-04 08:07:26+00:00,mne-bids,scott-huberty,author,51126eb90a3aa3ae905702159371e107b4469105
2025-11-04 18:59:05+00:00,mne-bids,scott-huberty,co-author,60830be10f591d0e31a2ee9f76dc567699cf333b
2025-11-06 14:51:57+00:00,mne-python,dominikwelke,author,88951b68c175cade9d6ac6ff64023dc51bf32fe1
2025-11-19 18:21:14+00:00,mne-python,scott-huberty,author,823463e744a65b6c5b424ad092331d27a5b31215
2025-11-19 23:53:23+00:00,mne-python,scott-huberty,author,90e5232cd8353ae4e3dc792c5c153e55b77296f4
2026-01-21 09:42:38+00:00,mne-bids,scott-huberty,author,f523d7872f0f27a69ba57e4f80e46f4677ddf676
2026-01-21 17:38:12+00:00,mne-python,scott-huberty,co-author,db089c9353c7cb549d090fb47ca05c0d5bbeeb21
2026-02-03 21:59:07+00:00,mne-bids,scott-huberty,co-author,1e09430e9a55c6b6ff06ad07112bb8ea07aecac4
2026-02-03 21:59:07+00:00,mne-bids,scott-huberty,co-author,1e09430e9a55c6b6ff06ad07112bb8ea07aecac4
2026-02-03 21:59:07+00:00,mne-bids,scott-huberty,co-author,1e09430e9a55c6b6ff06ad07112bb8ea07aecac4
2026-02-13 23:12:27+00:00,mne-python,scott-huberty,author,6589b8672bac9de0d8df31a6ad4afce916b3046c
2026-02-20 01:11:24+00:00,mne-python,scott-huberty,author,557eca671d50499cd584232334f636f76afe7c07
2026-02-24 17:26:21+00:00,mne-python,scott-huberty,co-author,4051f3102d39fd2dcc85e0b3079a86c11289816c
2026-03-06 16:57:46+00:00,mne-python,scott-huberty,co-author,c4b1851a1ecd7efdf7b4625e761fd9f948695637
2026-03-11 18:04:54+00:00,mne-bids,scott-huberty,co-author,8e52e3ee4d6689e0f3da14b4f6596204fb6757c2
2026-03-16 19:15:07+00:00,mne-bids,scott-huberty,author,c3b52f5d57ed80738944c19689e31bd4bc8bf856
2026-04-06 09:53:35+00:00,mne-python,scott-huberty,co-author,d44d462ad3d9f1c205cea4cf991a6a284019366c
2026-04-13 16:14:06+00:00,mne-bids,scott-huberty,author,97dfb26a6b44065734f69081ebf19eb4b13deaea
2026-04-15 18:08:54+00:00,mne-python,scott-huberty,co-author,4983e96de6425413c09bcb59e3ac5ccbc7557241
2026-04-17 16:28:55+00:00,mne-bids,scott-huberty,co-author,8412217f09d71b39c93e67dece63388e7cbaa368
2026-04-17 16:28:55+00:00,mne-bids,scott-huberty,co-author,8412217f09d71b39c93e67dece63388e7cbaa368
2026-04-17 21:49:26+00:00,mne-bids,scott-huberty,co-author,8489ff3c78567988c320d66775e8bf227443bc3d
2026-04-17 21:49:26+00:00,mne-bids,scott-huberty,co-author,8489ff3c78567988c320d66775e8bf227443bc3d
2026-04-17 21:49:26+00:00,mne-bids,scott-huberty,co-author,8489ff3c78567988c320d66775e8bf227443bc3d
2026-04-17 22:31:55+00:00,mne-bids,scott-huberty,author,0b77bd7b96723b1d27c67c57cbc03a9d80c37dae
2026-04-20 17:13:09+00:00,mne-bids,scott-huberty,co-author,e4318eb1ea28eaf63f7a971475efbf52262fdb3a
2026-04-20 17:13:09+00:00,mne-bids,scott-huberty,co-author,e4318eb1ea28eaf63f7a971475efbf52262fdb3a
2026-04-27 17:52:55+00:00,mne-bids,scott-huberty,author,700a28fc0f10e8cd1a679f1125ba19e2a5fc7ba7
2026-04-30 19:30:25+00:00,mne-bids,scott-huberty,co-author,cc9e94525d2b587b09588c9bd7e5c7b3cee45398
2026-05-01 14:36:27+00:00,mne-python,CarinaFo,author,844eb4842882884078b902ccf5f7b7a5481f3472
2026-05-01 20:55:37+00:00,mne-python,CarinaFo,author,651bcadf0235c2c163cb72b6e864de64d842bd3c
2026-05-01 21:00:07+00:00,mne-bids,scott-huberty,co-author,9120b8932a8ea217d371adb4f00d7fde1d0f4178
2026-05-13 19:34:20+00:00,mne-python,nordme,co-author,692eccee2a4f71113d0a9316c3bd37fea813d979
2026-05-18 14:03:25+00:00,mne-qt-browser,marsipu,co-author,51c07ab3628edba5e9a6aec4141dd068d5fd65f6
2026-05-21 17:59:50+00:00,mne-bids,scott-huberty,author,c3187b2af13a0e1df0efbfc67e55a1ee54691ede
2026-05-22 21:57:07+00:00,mne-bids,scott-huberty,author,9dc7b5b8bdfb8bbdb72983900e2df7be484f2b0c
2026-05-26 16:32:06+00:00,mne-bids,scott-huberty,author,415d0aa029f9aa683dca1a653a0c121b99d2f8e5
2026-06-16 16:34:27+00:00,mne-python,scott-huberty,co-author,cccb85a846e3bdf0bb3398e10355593495d7a14f
2026-06-16 22:43:16+00:00,mne-bids,scott-huberty,co-author,7c407921cea77dd3e3b9b3574703892c26339d54
2026-06-23 16:00:22+00:00,mne-python,scott-huberty,co-author,11ac0622734411e6ccafd7869d6281ec20f06220
2026-06-25 15:46:23+00:00,mne-python,scott-huberty,co-author,7c0b74a4b7843f5be4113932fb0cba362f463257
2026-06-25 15:46:23+00:00,mne-python,scott-huberty,co-author,7c0b74a4b7843f5be4113932fb0cba362f463257
